RA,ano,fase,idade,genero,ano_ingresso,inde,pedra,iaa,ieg,ips,ida,ipp,ipv,ian,nota_mat,nota_port,nota_ing,defasagem,atingiu_pv,indicado_bolsa,em_risco_defasagem,categoria_defasagem,anos_na_pm
RA-1,2022,7,19.0,Feminino,2016,5.783,Quartzo,8.3,4.1,5.6,4.0,,7.278,5.0,2.7,3.5,6.0,-1,0.0,1.0,0,Defasagem leve,6.0
RA-1,2023,8,,Feminino,2016,,,,,,,,,10.0,,,,0,,,0,Adequado,7.0
RA-1,2024,8,21.0,Feminino,2021,,,,0.0,,,,,10.0,,,,0,,,0,Adequado,3.0
RA-10,2022,7,18.0,Feminino,2021,5.784,Quartzo,8.3,5.2,5.0,4.1,,7.056,5.0,3.3,2.6,6.4,-1,0.0,0.0,0,Defasagem leve,1.0
RA-100,2022,4,13.0,Feminino,2019,7.618,Ametista,8.8,7.8,5.0,7.6,,7.25,10.0,7.0,7.8,8.1,1,0.0,0.0,0,Adiantado,3.0
RA-1000,2023,0,8.0,Feminino,2023,7.9162,Ametista,8.5,9.4,3.77,7.0,6.25,8.92,10.0,7.0,7.0,,0,,,0,Adequado,0.0
RA-1000,2024,1,9.0,Feminino,2023,8.364790909100002,Topazio,9.002,9.5454545455,6.26,7.75,8.125,7.835,10.0,7.5,8.0,,0,,,0,Adequado,1.0
RA-1001,2023,0,9.0,Feminino,2023,8.1162,Topazio,9.0,9.1,7.52,7.8,7.5,9.17,5.0,8.3,7.3,,-1,,,0,Defasagem leve,0.0
RA-1001,2024,1,10.0,Feminino,2023,7.7964318841,Ametista,7.502,9.347826087,7.51,7.75,7.916666667,7.92,5.0,6.5,9.0,,-1,,,0,Defasagem leve,1.0
RA-1002,2023,0,9.0,Feminino,2023,7.9012,Ametista,9.0,9.7,7.52,7.0,6.25,8.92,5.0,7.0,7.0,,-1,,,0,Defasagem leve,0.0
RA-1002,2024,0,10.0,Feminino,2023,7.967866666700001,Ametista,9.002,7.833333333500001,7.51,9.25,7.5,8.25,5.0,10.0,8.5,,-1,,,0,Defasagem leve,1.0
RA-1003,2023,0,8.0,Masculino,2023,7.6522,Ametista,9.0,8.5,7.52,4.0,7.5,8.75,10.0,8.0,0.0,,0,,,0,Adequado,0.0
RA-1003,2024,0,9.0,Masculino,2023,7.627588888900001,Ametista,8.002,8.6944444445,7.51,8.25,6.875,7.5,5.0,10.0,6.5,,-1,,,0,Defasagem leve,1.0
RA-1004,2023,0,8.0,Feminino,2023,8.3137,Topazio,9.0,9.6,7.52,7.9,6.875,7.42,10.0,6.5,9.2,,0,,,0,Adequado,0.0
RA-1004,2024,0,9.0,Feminino,2023,7.801200000000001,Ametista,9.502,9.25,7.51,7.5,7.5,7.5,5.0,7.5,7.5,,-1,,,0,Defasagem leve,1.0
RA-1005,2023,0,8.0,Masculino,2023,8.4252,Topazio,9.5,7.9,7.52,8.8,7.5,8.165,10.0,8.4,9.2,,0,,,0,Adequado,0.0
RA-1006,2023,0,8.0,Feminino,2023,8.5922,Topazio,9.0,9.3,7.52,8.7,7.5,8.0,10.0,8.7,8.6,,0,,,0,Adequado,0.0
RA-1006,2024,0,9.0,Feminino,2023,7.040088888900001,Ametista,8.502,8.4444444445,7.51,5.0,7.5,7.5,5.0,5.0,5.0,,-1,,,0,Defasagem leve,1.0
RA-1007,2023,0,,Masculino,2023,8.0782,Topazio,9.0,7.4,7.52,8.3,7.5,7.68,10.0,8.1,8.5,,0,,,0,Adequado,0.0
RA-1008,2023,0,8.0,Masculino,2023,8.13595,Topazio,9.0,8.6,7.52,8.4,5.9375,7.5,10.0,7.5,9.2,,0,,,0,Adequado,0.0
RA-1008,2024,0,9.0,Masculino,2023,6.8667414438000005,Agata,7.002,6.483957219,7.51,7.0,7.1875,7.5,5.0,6.5,7.5,,-1,,,0,Defasagem leve,1.0
RA-1009,2023,0,8.0,Masculino,2023,7.245,Ametista,0.0,9.0,3.77,8.8,7.5,7.84,10.0,8.3,9.2,,0,,,0,Adequado,0.0
RA-1009,2024,0,9.0,Masculino,2023,6.395389393900001,Agata,8.002,6.8863636365000005,2.51,7.5,6.5625,6.553333333,5.0,10.0,5.0,,-1,,,0,Defasagem leve,1.0
RA-101,2022,4,15.0,Feminino,2021,7.305,Ametista,7.9,8.3,7.5,7.6,,6.833,5.0,7.2,6.5,9.2,-1,0.0,1.0,0,Defasagem leve,1.0
RA-1010,2023,0,8.0,Masculino,2023,8.70645,Topazio,9.5,10.0,3.77,9.4,7.8125,8.59,10.0,9.0,9.8,,0,,,0,Adequado,0.0
RA-1011,2023,0,,Masculino,2023,7.33095,Ametista,9.5,8.6,3.77,5.2,7.1875,7.675,10.0,5.5,4.8,,0,,,0,Adequado,0.0
RA-1012,2023,0,8.0,Feminino,2023,7.96495,Ametista,10.0,9.9,3.77,6.6,7.1875,7.845,10.0,7.0,6.2,,0,,,0,Adequado,0.0
RA-1012,2024,0,9.0,Feminino,2023,8.057128571400002,Topazio,9.502,9.523809524,2.51,9.75,8.125,8.443333333,5.0,10.0,9.5,,-1,,,0,Defasagem leve,1.0
RA-1013,2023,0,7.0,Masculino,2023,7.6237,Ametista,9.0,9.6,4.39,8.3,5.625,5.76,10.0,7.0,9.5,,0,,,0,Adequado,0.0
RA-1013,2024,0,8.0,Masculino,2023,5.7839559808,Quartzo,9.002,5.6937799039999994,2.51,7.75,5.0,4.72,5.0,8.0,7.5,,-1,,,0,Defasagem leve,1.0
RA-1014,2023,0,,Feminino,2023,8.2582,Topazio,9.0,9.7,3.77,8.2,7.5,8.255,10.0,7.7,8.7,,0,,,0,Adequado,0.0
RA-1014,2024,0,8.0,Feminino,2023,6.315972727300001,Agata,8.502,7.8863636365000005,2.51,5.25,6.875,7.0,5.0,6.5,4.0,,-1,,,0,Defasagem leve,1.0
RA-1015,2023,1,10.0,Feminino,2023,7.538908333,Ametista,10.0,9.3,6.27,6.3,7.34375,7.786666667,5.0,5.0,7.6,,-1,,,0,Defasagem leve,0.0
RA-1015,2024,2,11.0,Feminino,2023,6.643252381000002,Agata,7.918,7.8214285715,7.51,4.0,6.041666667,5.66,10.0,2.0,6.0,,0,,,0,Adequado,1.0
RA-1016,2023,1,10.0,Feminino,2023,7.762575,Ametista,10.0,9.5,7.52,6.7,7.34375,7.73,5.0,5.8,7.5,,-1,,,0,Defasagem leve,0.0
RA-1017,2023,1,,Masculino,2023,6.505333333,Agata,0.0,8.0,5.02,7.7,7.5,8.116666667,5.0,7.0,8.3,,-1,,,0,Defasagem leve,0.0
RA-1017,2024,2,12.0,Masculino,2023,7.345521428500001,Ametista,9.502,7.8095238095,6.26,5.0,7.1875,7.443333333,10.0,2.5,7.5,,0,,,0,Adequado,1.0
RA-1018,2023,1,,Masculino,2023,6.824,Agata,0.0,8.5,5.02,6.3,7.5,8.06,10.0,5.8,6.8,,0,,,0,Adequado,0.0
RA-1018,2024,1,10.0,Masculino,2023,7.7054045454,Ametista,8.502,7.727272727,6.26,8.25,8.4375,8.45,5.0,8.5,8.0,,-1,,,0,Defasagem leve,1.0
RA-1019,2023,1,8.0,Feminino,2023,7.177033333,Ametista,7.5,9.1,5.02,4.3,6.875,7.836666667,10.0,0.5,8.0,,1,,,0,Adiantado,0.0
RA-1019,2024,1,9.0,Feminino,2023,8.692255194900001,Topazio,9.502,9.3073593075,6.26,8.75,7.8125,8.616666667,10.0,9.5,8.0,,0,,,0,Adequado,1.0
RA-102,2022,4,14.0,Masculino,2019,6.922,Agata,6.7,7.7,6.9,5.7,,6.0,10.0,4.7,6.8,5.5,0,0.0,0.0,0,Adequado,3.0
RA-1020,2023,1,9.0,Feminino,2023,7.612283333,Ametista,10.0,9.1,2.52,6.1,7.1875,8.056666667,10.0,4.3,7.8,,0,,,0,Adequado,0.0
RA-1020,2024,1,10.0,Feminino,2023,8.9544954545,Topazio,9.002,9.7727272725,6.88,9.0,8.4375,8.84,10.0,10.0,8.0,,0,,,0,Adequado,1.0
RA-1021,2023,1,,Masculino,2023,6.964616667,Agata,8.0,9.2,3.77,3.3,7.1875,7.893333333,10.0,2.5,4.0,,0,,,0,Adequado,0.0
RA-1021,2024,1,10.0,Masculino,2023,8.0985863636,Topazio,9.502,9.318181818,7.51,8.0,8.4375,7.95,5.0,9.0,7.0,,-1,,,0,Defasagem leve,1.0
RA-1022,2023,1,9.0,Masculino,2023,7.164616667,Ametista,8.5,8.5,3.77,4.7,7.1875,7.893333333,10.0,4.7,4.7,,0,,,0,Adequado,0.0
RA-1022,2024,1,10.0,Masculino,2023,7.613169697000002,Ametista,9.502,9.318181818,6.26,6.5,7.5,8.116666667,5.0,5.5,7.5,,-1,,,0,Defasagem leve,1.0
RA-1023,2023,1,,Feminino,2023,9.1342,Topazio,10.0,10.0,6.27,9.1,8.75,9.06,10.0,8.5,9.7,,0,,,0,Adequado,0.0
RA-1023,2024,2,10.0,Feminino,2023,9.4985809523,Topazio,9.502,9.511904762,9.375,9.5,8.958333333,9.563333333,10.0,9.0,10.0,,0,,,0,Adequado,1.0
RA-1024,2023,1,10.0,Feminino,2023,7.788875,Ametista,0.0,10.0,6.27,9.8,9.21875,8.95,5.0,10.0,9.5,,-1,,,0,Defasagem leve,0.0
RA-1024,2024,1,11.0,Feminino,2023,8.6516166666,Topazio,8.002,10.0,7.51,10.0,8.4375,8.783333333,5.0,10.0,10.0,,-1,,,0,Defasagem leve,1.0
RA-1025,2023,1,9.0,Masculino,2023,8.215158333,Topazio,8.5,8.9,7.52,7.5,7.65625,7.836666667,10.0,7.5,7.5,,0,,,0,Adequado,0.0
RA-1025,2024,1,10.0,Masculino,2023,7.897071212,Ametista,9.002,7.727272727,7.51,9.0,8.4375,7.783333333,5.0,10.0,8.0,,-1,,,0,Defasagem leve,1.0
RA-1026,2023,1,,Feminino,2023,6.494825,Agata,8.5,9.8,7.52,3.2,6.40625,7.06,2.5,2.3,4.0,,-3,,,1,Defasagem moderada/severa,0.0
RA-1027,2023,1,10.0,Feminino,2023,7.748866667,Ametista,9.5,9.7,7.52,6.0,7.5,8.333333333,5.0,4.2,7.7,,-1,,,0,Defasagem leve,0.0
RA-1027,2024,2,11.0,Feminino,2023,8.220866666700001,Topazio,9.502,10.0,7.51,5.25,7.916666667,8.39,10.0,6.0,4.5,,0,,,0,Adequado,1.0
RA-1028,2023,1,11.0,Masculino,2023,6.415708333,Agata,0.0,9.2,7.52,5.0,7.34375,7.946666667,5.0,5.0,5.0,,-1,,,0,Defasagem leve,0.0
RA-1028,2024,1,12.0,Masculino,2023,7.1404338602,Ametista,8.002,7.055335968,5.63,7.5,6.875,8.393333333,5.0,6.0,9.0,,-2,,,1,Defasagem moderada/severa,1.0
RA-1029,2023,1,9.0,Feminino,2023,7.058533333,Ametista,10.0,6.3,3.77,5.4,7.5,8.006666667,10.0,3.5,7.2,,0,,,0,Adequado,0.0
RA-1029,2024,1,10.0,Feminino,2023,7.797790909100001,Ametista,9.002,8.7954545455,6.885,8.75,7.5,7.25,5.0,8.0,9.5,,-1,,,0,Defasagem leve,1.0
RA-103,2022,4,13.0,Feminino,2020,8.107,Topazio,7.9,8.7,7.5,7.3,,7.708,10.0,7.3,7.3,7.3,1,0.0,0.0,0,Adiantado,2.0
RA-103,2023,5,14.0,Feminino,2020,8.0239,Topazio,8.3,9.2,5.0,7.1,8.125,8.09,10.0,7.3,6.3,7.7,1,,,0,Adiantado,3.0
RA-103,2024,5,15.0,Feminino,2021,8.775268254,Topazio,8.334,9.603174603333335,6.26,9.166666666666666,7.875,8.872,10.0,9.0,9.0,9.5,0,,,0,Adequado,3.0
RA-1030,2023,1,,Masculino,2023,7.4027,Ametista,8.5,9.7,3.77,6.9,6.875,8.39,5.0,6.2,7.5,,-1,,,0,Defasagem leve,0.0
RA-1030,2024,2,12.0,Masculino,2023,7.740191604,Ametista,7.418,8.28320802,4.385,8.0,7.8125,7.61,10.0,10.0,6.0,,0,,,0,Adequado,1.0
RA-1031,2023,1,10.0,Masculino,2023,7.0602,Ametista,8.0,8.8,7.52,5.9,6.666666667,7.006666667,5.0,4.8,7.0,,-1,,,0,Defasagem leve,0.0
RA-1031,2024,1,11.0,Masculino,2023,6.8757227273,Agata,9.502,8.6363636365,7.51,6.25,5.3125,5.83,5.0,5.5,7.0,,-1,,,0,Defasagem leve,1.0
RA-1032,2023,1,,Masculino,2023,7.434033333,Ametista,8.5,9.5,7.52,6.0,7.291666667,7.563333333,5.0,5.7,6.2,,-1,,,0,Defasagem leve,0.0
RA-1032,2024,1,11.0,Masculino,2023,8.01645,Topazio,8.502,9.75,7.51,8.0,7.8125,7.92,5.0,9.0,7.0,,-1,,,0,Defasagem leve,1.0
RA-1033,2023,1,,Feminino,2023,8.126033333,Topazio,9.0,8.9,7.52,7.9,8.125,9.006666667,5.0,7.0,8.8,,-1,,,0,Defasagem leve,0.0
RA-1034,2023,1,10.0,Masculino,2023,7.9642,Ametista,7.5,9.0,7.52,8.3,8.333333333,8.393333333,5.0,7.8,8.7,,-1,,,0,Defasagem leve,0.0
RA-1034,2024,2,11.0,Masculino,2023,8.0333666666,Topazio,7.502,8.0833333335,7.51,7.5,7.708333333,8.223333333,10.0,7.5,7.5,,0,,,0,Adequado,1.0
RA-1035,2023,1,9.0,Masculino,2023,6.888833333,Agata,0.0,8.3,7.52,5.8,7.708333333,7.78,10.0,4.0,7.5,,0,,,0,Adequado,0.0
RA-1035,2024,1,10.0,Masculino,2023,7.833495454500001,Ametista,9.502,9.0227272725,7.51,7.0,8.4375,7.92,5.0,6.5,7.5,,-1,,,0,Defasagem leve,1.0
RA-1036,2023,1,11.0,Feminino,2023,6.970583333,Agata,0.0,9.6,3.77,8.0,9.0625,8.336666667,5.0,9.0,7.0,,-1,,,0,Defasagem leve,0.0
RA-1036,2024,2,12.0,Feminino,2023,8.2841303831,Topazio,10.0,9.0890269155,7.51,7.0,7.65625,7.7475,10.0,7.0,7.0,,0,,,0,Adequado,1.0
RA-1037,2023,1,10.0,Masculino,2023,7.655575,Ametista,9.0,8.4,7.52,6.7,8.59375,8.17,5.0,5.0,8.3,,-1,,,0,Defasagem leve,0.0
RA-1038,2023,1,10.0,Feminino,2023,7.736825,Ametista,8.0,9.3,7.52,6.5,8.90625,8.17,5.0,7.5,5.5,,-1,,,0,Defasagem leve,0.0
RA-1038,2024,2,11.0,Feminino,2023,7.9646385965,Ametista,8.002,7.5438596495,7.51,8.5,7.5,7.273333333,10.0,10.0,7.0,,0,,,0,Adequado,1.0
RA-1039,2023,1,,Masculino,2023,7.686033333,Ametista,8.0,9.9,7.52,6.2,8.125,8.056666667,5.0,6.0,6.3,,-2,,,1,Defasagem moderada/severa,0.0
RA-1039,2024,2,13.0,Masculino,2023,7.549644444400001,Ametista,8.002,9.722222222,7.51,7.25,7.5,6.77,5.0,8.0,6.5,,-1,,,0,Defasagem leve,1.0
RA-104,2022,4,18.0,Masculino,2022,6.315,Agata,7.9,8.7,7.5,3.7,,6.708,2.5,4.8,5.8,0.3,-4,0.0,0.0,1,Defasagem moderada/severa,0.0
RA-104,2023,5,,Masculino,2022,4.25,Quartzo,0.0,7.7,2.52,2.6,5.625,5.6275,2.5,3.7,1.8,2.3,-3,,,1,Defasagem moderada/severa,1.0
RA-1040,2023,1,,Masculino,2023,7.81545,Ametista,10.0,9.3,7.52,6.6,7.8125,8.06,5.0,5.8,7.3,,-1,,,0,Defasagem leve,0.0
RA-1040,2024,2,12.0,Masculino,2023,7.764199999900001,Ametista,9.502,8.5416666665,7.51,8.25,7.5,7.273333333,5.0,8.0,8.5,,-1,,,0,Defasagem leve,1.0
RA-1041,2023,1,10.0,Feminino,2023,6.724116667,Agata,10.0,7.2,7.52,3.3,7.8125,8.003333333,5.0,1.8,4.7,,-1,,,0,Defasagem leve,0.0
RA-1042,2023,1,,Masculino,2023,5.331166667,Quartzo,0.0,6.5,3.77,4.3,7.708333333,7.666666667,5.0,4.0,4.5,,-1,,,0,Defasagem leve,0.0
RA-1043,2023,1,10.0,Masculino,2023,6.5447,Agata,10.0,7.9,6.27,2.5,7.708333333,7.833333333,5.0,2.0,3.0,,-1,,,0,Defasagem leve,0.0
RA-1043,2024,1,11.0,Masculino,2023,7.539847562500002,Ametista,10.0,7.994071146,7.51,8.25,7.291666667,6.553333333,5.0,8.5,8.0,,-1,,,0,Defasagem leve,1.0
RA-1044,2023,1,10.0,Feminino,2023,7.629533333,Ametista,8.0,9.7,7.52,6.1,7.5,8.336666667,5.0,4.5,7.7,,-1,,,0,Defasagem leve,0.0
RA-1044,2024,2,11.0,Feminino,2023,7.966711904800001,Ametista,7.502,9.523809524,7.51,7.0,7.1875,7.21,10.0,7.0,7.0,,0,,,0,Adequado,1.0
RA-1045,2023,1,11.0,Feminino,2023,8.089033333,Topazio,9.5,9.4,7.52,7.9,7.708333333,8.28,5.0,6.8,9.0,,-1,,,0,Defasagem leve,0.0
RA-1046,2023,1,9.0,Masculino,2023,6.835833333,Agata,0.0,8.5,3.77,6.3,8.541666667,8.223333333,10.0,6.3,6.3,,0,,,0,Adequado,0.0
RA-1047,2023,1,9.0,Masculino,2023,7.848366667,Ametista,10.0,8.5,3.77,6.9,8.125,7.893333333,10.0,5.8,8.0,,0,,,0,Adequado,0.0
RA-1048,2023,1,10.0,Feminino,2023,7.811366667,Ametista,8.5,9.5,3.77,8.2,8.541666667,8.5,5.0,7.5,8.8,,-1,,,0,Defasagem leve,0.0
RA-1048,2024,2,11.0,Feminino,2023,7.5198666666,Ametista,8.502,6.833333333500001,6.255,6.25,7.708333333,8.283333333,10.0,6.5,6.0,,1,,,0,Adiantado,1.0
RA-1049,2023,1,10.0,Masculino,2023,7.443366667,Ametista,10.0,7.7,7.52,6.3,8.125,7.943333333,5.0,5.5,7.0,,-1,,,0,Defasagem leve,0.0
RA-1049,2024,1,11.0,Masculino,2023,6.821885606,Agata,9.502,8.03030303,7.51,4.5,7.65625,6.745,5.0,4.0,5.0,,-1,,,0,Defasagem leve,1.0
RA-105,2022,4,17.0,Masculino,2016,6.846,Agata,7.9,8.2,5.6,6.7,,7.417,2.5,7.2,6.2,6.8,-3,0.0,0.0,1,Defasagem moderada/severa,6.0
RA-1050,2023,1,11.0,Masculino,2023,7.764366667,Ametista,9.0,9.2,6.27,7.2,8.125,8.223333333,5.0,6.2,8.2,,-1,,,0,Defasagem leve,0.0
RA-1051,2023,1,9.0,Feminino,2023,8.534866667,Topazio,8.5,8.9,6.27,8.4,8.75,8.613333333,10.0,7.0,9.8,,0,,,0,Adequado,0.0
RA-1052,2023,1,,Masculino,2023,6.960333333,Agata,0.0,9.0,7.52,5.3,7.916666667,7.833333333,10.0,5.0,5.5,,0,,,0,Adequado,0.0
RA-1052,2024,1,10.0,Masculino,2023,7.744032575800001,Ametista,5.834,9.128787879,6.26,8.25,8.59375,8.4975,5.0,8.5,8.0,,-1,,,0,Defasagem leve,1.0
RA-1053,2023,1,9.0,Masculino,2023,7.776166667,Ametista,0.0,9.1,6.27,8.6,8.958333333,8.616666667,10.0,7.8,9.3,,0,,,0,Adequado,0.0
RA-1054,2023,1,,Masculino,2023,7.459533333,Ametista,8.5,8.6,7.52,6.6,7.5,7.836666667,5.0,5.0,8.2,,-2,,,1,Defasagem moderada/severa,0.0
RA-1054,2024,2,13.0,Masculino,2023,6.985788509300001,Agata,9.502,7.3291925465,7.51,6.25,7.1875,6.75,5.0,6.0,6.5,,-1,,,0,Defasagem leve,1.0
RA-1055,2023,1,11.0,Masculino,2023,5.9765,Quartzo,0.0,7.2,7.52,5.5,7.291666667,7.276666667,5.0,6.0,5.0,,-1,,,0,Defasagem leve,0.0
RA-1055,2024,1,12.0,Masculino,2023,6.403040909100001,Agata,10.0,5.7954545455,7.51,5.5,7.1875,5.87,5.0,4.0,7.0,,-2,,,1,Defasagem moderada/severa,1.0
RA-1056,2023,1,9.0,Masculino,2023,8.551741667,Topazio,8.5,9.6,7.52,8.1,7.96875,8.113333333,10.0,7.8,8.3,,0,,,0,Adequado,0.0
RA-1056,2024,1,10.0,Masculino,2023,8.192009523800001,Topazio,8.502,9.2857142855,7.51,8.25,9.166666667,8.335,5.0,8.5,8.0,,-1,,,0,Defasagem leve,1.0
RA-1057,2023,1,9.0,Feminino,2023,8.4827,Topazio,10.0,10.0,7.52,6.3,8.125,8.34,10.0,6.5,6.0,,0,,,0,Adequado,0.0
RA-1057,2024,1,10.0,Feminino,2023,8.2352,Topazio,10.0,10.0,6.26,8.0,8.75,8.17,5.0,8.0,8.0,,-1,,,0,Defasagem leve,1.0
RA-1058,2023,1,,Feminino,2023,7.356533333,Ametista,10.0,8.7,3.14,5.4,7.083333333,7.62,10.0,4.0,6.7,,0,,,0,Adequado,0.0
RA-1058,2024,1,10.0,Feminino,2023,7.703347619,Ametista,9.168,8.095238095,6.88,7.75,8.125,8.085,5.0,7.5,8.0,,-1,,,0,Defasagem leve,1.0
RA-1059,2023,1,,Masculino,2023,7.763741667,Ametista,10.0,9.8,2.52,7.6,7.96875,8.673333333,5.0,6.2,9.0,,-1,,,0,Defasagem leve,0.0
RA-1059,2024,2,11.0,Masculino,2023,8.678450000000002,Topazio,8.002,10.0,6.26,7.5,9.0625,9.23,10.0,7.5,7.5,,0,,,0,Adequado,1.0
RA-106,2022,4,15.0,Feminino,2016,7.973,Ametista,9.2,8.0,9.4,7.4,,8.375,5.0,7.8,7.2,7.2,-1,1.0,0.0,0,Defasagem leve,6.0
RA-106,2023,5,15.0,Feminino,2016,7.769658333,Ametista,7.9,9.1,5.0,7.3,7.03125,7.5075,10.0,6.7,6.8,8.3,0,,,0,Adequado,7.0
RA-106,2024,6,16.0,Feminino,2021,7.721664285733334,Ametista,9.168,8.761904762,5.635,5.666666666666667,7.8125,7.872,10.0,7.0,3.5,6.5,0,,,0,Adequado,3.0
RA-1060,2023,1,,Masculino,2023,7.095741667,Ametista,9.0,8.6,3.14,5.7,7.96875,8.673333333,5.0,4.3,7.0,,-1,,,0,Defasagem leve,0.0
RA-1060,2024,2,12.0,Masculino,2023,6.448416666600001,Agata,9.585,6.0,6.26,3.25,7.8125,6.163333333,10.0,3.5,3.0,,0,,,0,Adequado,1.0
RA-1061,2023,1,10.0,Masculino,2023,8.196533333,Topazio,9.5,9.7,3.14,9.3,8.75,8.836666667,5.0,8.8,9.7,,-1,,,0,Defasagem leve,0.0
RA-1061,2024,2,11.0,Masculino,2023,8.76595,Topazio,8.502,10.0,6.26,8.5,8.4375,8.73,10.0,7.0,10.0,,0,,,0,Adequado,1.0
RA-1062,2023,1,,Masculino,2023,7.448841667,Ametista,7.4,7.7,3.77,6.2,8.59375,8.503333333,10.0,4.8,7.5,,0,,,0,Adequado,0.0
RA-1062,2024,1,10.0,Masculino,2023,7.6147238096,Ametista,8.002,9.047619048,5.63,7.25,8.75,8.085,5.0,6.5,8.0,,-1,,,0,Defasagem leve,1.0
RA-1063,2023,1,,Masculino,2023,7.490825,Ametista,9.5,9.5,7.52,5.9,6.40625,7.89,5.0,4.7,7.0,,-1,,,0,Defasagem leve,0.0
RA-1063,2024,2,12.0,Masculino,2023,7.279250000000001,Ametista,5.25,9.75,7.51,7.75,7.8125,6.11,5.0,9.0,6.5,,-1,,,0,Defasagem leve,1.0
RA-1064,2023,1,10.0,Masculino,2023,8.4777,Topazio,8.5,9.8,7.52,8.6,9.375,8.84,5.0,8.3,8.8,,-1,,,0,Defasagem leve,0.0
RA-1064,2024,2,11.0,Masculino,2023,8.9802350877,Topazio,9.502,9.7368421055,7.51,8.5,8.75,8.783333333,10.0,8.0,9.0,,0,,,0,Adequado,1.0
RA-1065,2023,1,,Feminino,2023,8.03395,Topazio,8.5,9.6,7.52,7.0,8.4375,8.84,5.0,7.7,6.3,,-1,,,0,Defasagem leve,0.0
RA-1065,2024,2,11.0,Feminino,2023,8.8634934783,Topazio,9.502,8.8152173915,6.26,9.25,9.0625,8.84,10.0,9.0,9.5,,0,,,0,Adequado,1.0
RA-1066,2023,1,10.0,Feminino,2023,7.262616667,Ametista,8.5,6.6,7.52,6.2,8.4375,8.783333333,5.0,4.2,8.2,,-1,,,0,Defasagem leve,0.0
RA-1066,2024,2,11.0,Feminino,2023,7.9326223603,Ametista,9.502,8.3954451345,6.26,7.25,7.5,7.386666667,10.0,7.0,7.5,,0,,,0,Adequado,1.0
RA-1067,2023,1,10.0,Masculino,2023,6.541458333,Agata,0.0,7.9,7.52,5.4,8.28125,9.006666667,5.0,4.5,6.3,,-1,,,0,Defasagem leve,0.0
RA-1067,2024,1,11.0,Masculino,2023,7.840033333300001,Ametista,10.0,8.333333332999999,7.51,6.75,8.541666667,8.59,5.0,6.5,7.0,,-1,,,0,Defasagem leve,1.0
RA-1068,2023,1,,Masculino,2023,8.472533333,Topazio,8.5,9.3,6.89,9.0,9.166666667,9.283333333,5.0,8.3,9.7,,-1,,,0,Defasagem leve,0.0
RA-1068,2024,2,11.0,Masculino,2023,9.0150030303,Topazio,9.502,9.068181818,7.51,9.5,8.541666667,8.73,10.0,9.0,10.0,,0,,,0,Adequado,1.0
RA-1069,2023,1,11.0,Masculino,2023,7.590033333,Ametista,9.0,7.8,7.52,7.1,8.125,8.226666667,5.0,7.5,6.7,,-1,,,0,Defasagem leve,0.0
RA-1069,2024,2,12.0,Masculino,2023,7.678917391300001,Ametista,9.002,7.0760869565,7.51,6.25,8.125,7.75,10.0,7.0,5.5,,0,,,0,Adequado,1.0
RA-107,2022,4,15.0,Feminino,2018,6.258,Agata,7.5,6.4,7.5,4.6,,6.5,5.0,3.3,4.3,6.0,-1,0.0,1.0,0,Defasagem leve,4.0
RA-107,2023,5,15.0,Feminino,2018,6.845208333,Agata,0.0,8.5,5.0,7.0,7.34375,7.5875,10.0,6.0,5.2,9.7,0,,,0,Adequado,5.0
RA-107,2024,5,16.0,Feminino,2021,6.676130827066667,Agata,7.5,7.9949874686666655,7.51,4.666666666666667,7.5,6.964,5.0,0.0,4.5,9.5,-1,,,0,Defasagem leve,3.0
RA-1070,2023,1,11.0,Masculino,2023,6.939033333,Agata,9.0,7.8,3.14,5.8,7.708333333,8.67,5.0,5.3,6.3,,-1,,,0,Defasagem leve,0.0
RA-1070,2024,1,12.0,Masculino,2023,6.287171861500001,Agata,9.002,9.3073593075,5.635,2.25,6.875,6.6225,5.0,4.5,0.0,,-1,,,0,Defasagem leve,1.0
RA-1071,2023,1,11.0,Masculino,2023,6.414033333,Agata,9.0,8.6,7.52,3.5,5.625,6.396666667,5.0,1.7,5.3,,-1,,,0,Defasagem leve,0.0
RA-1071,2024,2,12.0,Masculino,2023,4.8048623378,Quartzo,8.002,4.188311688500001,7.51,4.5,4.166666667,2.996666667,5.0,4.0,5.0,,-1,,,0,Defasagem leve,1.0
RA-1072,2023,2,11.0,Masculino,2023,8.0152,Topazio,9.0,8.6,5.0,6.7,8.125,8.7125,10.0,5.2,8.2,,0,,,0,Adequado,0.0
RA-1072,2024,3,12.0,Masculino,2023,7.8153856754,Ametista,8.751,5.627886710333333,8.755,8.166666666666666,7.96875,7.545,10.0,8.0,7.0,9.5,0,,,0,Adequado,1.0
RA-1073,2023,2,,Feminino,2023,6.384333333,Agata,0.0,8.8,2.52,6.2,8.333333333,9.045,5.0,4.8,7.5,,-1,,,0,Defasagem leve,0.0
RA-1073,2024,3,13.0,Feminino,2022,7.0859945773333335,Ametista,9.168,6.370972886666667,7.5,6.5,6.875,5.7875,10.0,6.5,5.0,8.0,0,,,0,Adequado,2.0
RA-1074,2023,2,12.0,Feminino,2023,6.195833333,Agata,0.0,9.8,2.52,6.0,7.083333333,7.8775,5.0,8.0,4.0,,-1,,,0,Defasagem leve,0.0
RA-1075,2023,2,12.0,Feminino,2023,6.591333333,Agata,0.0,9.6,5.0,5.5,7.708333333,9.0025,5.0,5.0,6.0,,-1,,,0,Defasagem leve,0.0
RA-1075,2024,2,13.0,Feminino,2023,6.8100812324,Agata,7.5,8.5154061625,3.755,6.0,7.708333333,7.553333333,5.0,5.0,7.0,,-1,,,0,Defasagem leve,1.0
RA-1076,2023,2,,Feminino,2023,7.901033333,Ametista,9.0,9.7,2.52,8.5,8.333333333,8.8775,5.0,9.0,8.0,,-1,,,0,Defasagem leve,0.0
RA-1076,2024,3,13.0,Feminino,2021,7.479598365200001,Ametista,8.334,7.777033492666668,8.125,6.333333333333333,7.03125,6.5425,10.0,5.5,6.5,7.0,0,,,0,Adequado,3.0
RA-1077,2023,2,,Masculino,2023,7.2115,Ametista,0.0,9.7,2.52,7.3,8.75,8.4225,10.0,6.8,7.8,,0,,,0,Adequado,0.0
RA-1077,2024,3,12.0,Masculino,2023,5.543865740733334,Quartzo,0.0,7.703703703666666,6.885,2.0,6.40625,6.37,10.0,0.0,6.0,0.0,0,,,0,Adequado,1.0
RA-1078,2023,2,14.0,Masculino,2023,6.472333333,Agata,5.3,6.8,2.52,6.4,8.958333333,8.2975,5.0,4.3,8.5,,-2,,,1,Defasagem moderada/severa,0.0
RA-1079,2023,2,,Masculino,2023,6.916533333,Agata,9.0,8.1,2.52,7.6,7.083333333,7.13,5.0,7.3,7.8,,-1,,,0,Defasagem leve,0.0
RA-1079,2024,3,13.0,Masculino,2023,5.4253413299333335,Quartzo,7.5,4.516498316333333,2.51,6.333333333333333,4.21875,4.1625,10.0,5.0,7.5,6.5,0,,,0,Adequado,1.0
RA-108,2022,4,17.0,Feminino,2019,5.547,Quartzo,4.6,7.7,5.0,5.0,,6.125,2.5,3.0,5.8,6.2,-3,0.0,0.0,1,Defasagem moderada/severa,3.0
RA-108,2023,5,,Feminino,2019,4.9308,Quartzo,5.8,7.3,2.52,2.9,4.375,5.59,5.0,2.7,3.2,2.8,-2,,,1,Defasagem moderada/severa,4.0
RA-1080,2023,2,12.0,Masculino,2023,6.571966667,Agata,7.9,10.0,5.0,1.5,8.541666667,8.13,5.0,0.0,3.0,,-1,,,0,Defasagem leve,0.0
RA-1081,2023,2,14.0,Feminino,2023,7.666033333,Ametista,10.0,10.0,2.52,6.5,8.958333333,8.59,5.0,8.0,5.0,,-2,,,1,Defasagem moderada/severa,0.0
RA-1081,2024,4,15.0,Feminino,2023,8.5452952381,Topazio,6.667,9.523809523666666,5.005,8.833333333333334,9.166666667,8.95,10.0,9.5,8.0,9.0,0,,,0,Adequado,1.0
RA-1082,2023,2,,Feminino,2023,7.1617,Ametista,9.5,9.5,2.52,5.0,8.75,8.4225,5.0,3.5,6.5,,-1,,,0,Defasagem leve,0.0
RA-1082,2024,2,13.0,Feminino,2023,6.6114857142,Agata,7.502,7.5714285715,10.0,3.75,7.083333333,6.943333333,5.0,2.0,5.5,,-1,,,0,Defasagem leve,1.0
RA-1083,2023,2,10.0,Feminino,2023,8.2345,Topazio,6.8,10.0,5.0,7.5,8.75,8.38,10.0,7.0,8.0,,0,,,0,Adequado,0.0
RA-1084,2023,2,11.0,Feminino,2023,7.9948,Ametista,8.4,10.0,2.52,6.8,8.75,8.38,10.0,5.0,8.5,,0,,,0,Adequado,0.0
RA-1084,2024,3,12.0,Feminino,2023,6.9071109649333335,Agata,8.751,7.705263158,5.63,3.6666666666666665,7.03125,7.4575,10.0,1.0,6.0,4.0,0,,,0,Adequado,1.0
RA-1085,2023,2,12.0,Feminino,2023,6.563833333,Agata,0.0,9.8,2.52,6.7,8.958333333,8.13,5.0,6.0,7.3,,-1,,,0,Defasagem leve,0.0
RA-1086,2023,2,12.0,Feminino,2023,7.2382,Ametista,8.5,9.4,2.52,5.7,8.75,8.755,5.0,6.0,5.3,,-1,,,0,Defasagem leve,0.0
RA-1087,2023,2,12.0,Feminino,2023,7.2067,Ametista,10.0,9.5,2.52,5.4,8.75,8.0475,5.0,3.7,7.0,,-1,,,0,Defasagem leve,0.0
RA-1087,2024,3,13.0,Feminino,2023,6.913936532,Agata,7.917,8.393265993333333,8.755,2.6666666666666665,7.1875,6.58,10.0,2.0,5.0,1.0,0,,,0,Adequado,1.0
RA-1088,2023,2,13.0,Masculino,2023,7.4717,Ametista,9.5,9.8,2.52,6.8,8.75,7.9225,5.0,6.0,7.5,,-1,,,0,Defasagem leve,0.0
RA-1089,2023,2,,Feminino,2023,7.9947,Ametista,9.0,9.5,2.52,7.0,8.75,8.3375,10.0,6.0,8.0,,0,,,0,Adequado,0.0
RA-1089,2024,3,12.0,Feminino,2023,7.6221531746,Ametista,9.168,7.039682539666667,8.13,6.833333333333333,7.1875,6.995,10.0,6.0,6.0,8.5,0,,,0,Adequado,1.0
RA-109,2022,4,16.0,Masculino,2021,8.512,Topazio,8.8,10.0,8.8,8.4,,8.667,5.0,7.8,7.5,9.9,-2,1.0,0.0,1,Defasagem moderada/severa,1.0
RA-109,2023,6,,Masculino,2021,8.3184,Topazio,8.3,9.9,7.52,8.3,8.75,8.59,5.0,7.0,8.2,9.7,-1,,,0,Defasagem leve,2.0
RA-1090,2023,2,13.0,Masculino,2023,7.844033333,Ametista,9.0,9.6,2.52,9.0,8.958333333,7.88,5.0,8.7,9.3,,-1,,,0,Defasagem leve,0.0
RA-1090,2024,3,14.0,Masculino,2023,7.7652831384,Ametista,9.585,7.621832358666666,7.51,6.333333333333333,7.8125,7.4175,10.0,3.5,7.5,8.0,0,,,0,Adequado,1.0
RA-1091,2023,2,12.0,Masculino,2023,8.032533333,Topazio,8.5,9.0,2.52,9.5,8.958333333,9.1725,5.0,9.3,9.7,,-1,,,0,Defasagem leve,0.0
RA-1092,2023,2,12.0,Masculino,2023,7.41,Ametista,7.8,9.8,2.52,6.9,8.75,8.2975,5.0,6.0,7.8,,-1,,,0,Defasagem leve,0.0
RA-1093,2023,2,11.0,Masculino,2023,8.197533333,Topazio,7.0,9.3,2.52,9.2,8.958333333,8.2975,10.0,9.3,9.0,,0,,,0,Adequado,0.0
RA-1093,2024,3,12.0,Masculino,2023,8.5079027778,Topazio,7.5,7.722222222333333,8.13,8.666666666666666,8.90625,8.8825,10.0,8.5,8.0,9.5,0,,,0,Adequado,1.0
RA-1094,2023,2,11.0,Feminino,2023,8.1779,Topazio,7.8,9.5,2.52,8.5,8.75,8.3375,10.0,7.8,9.2,,0,,,0,Adequado,0.0
RA-1094,2024,3,12.0,Feminino,2023,8.0164785714,Topazio,9.168,9.523809523666666,2.51,7.333333333333333,8.4375,8.1675,10.0,6.0,7.5,8.5,0,,,0,Adequado,1.0
RA-1095,2023,2,,Masculino,2023,6.238,Agata,0.0,9.8,2.52,5.3,8.75,8.005,5.0,5.8,4.7,,-1,,,0,Defasagem leve,0.0
RA-1095,2024,3,14.0,Masculino,2023,6.108547514666667,Agata,7.5,7.84502924,7.51,2.3333333333333335,5.46875,5.125,10.0,3.0,2.0,2.0,0,,,0,Adequado,1.0
RA-1096,2023,2,,Feminino,2023,8.615533333,Topazio,9.5,9.9,2.52,9.6,8.958333333,8.0875,10.0,9.5,9.7,,0,,,0,Adequado,0.0
RA-1096,2024,3,11.0,Feminino,2023,9.189883333333334,Topazio,9.168,9.866666666666667,8.755,8.5,9.0625,9.09,10.0,8.5,7.0,10.0,1,,,0,Adiantado,1.0
RA-1097,2023,2,,Masculino,2023,6.9547,Agata,9.5,8.6,5.0,5.4,8.125,6.96,5.0,4.3,6.5,,-2,,,1,Defasagem moderada/severa,0.0
RA-1097,2024,3,15.0,Masculino,2023,5.475324895633334,Quartzo,10.0,4.849791144666667,6.25,3.0,6.041666667,5.88,5.0,4.5,4.5,0.0,-1,,,0,Defasagem leve,1.0
RA-1098,2023,2,13.0,Feminino,2023,7.2787,Ametista,9.5,9.5,2.52,6.4,8.125,7.92,5.0,6.3,6.5,,-1,,,0,Defasagem leve,0.0
RA-1098,2024,3,14.0,Feminino,2023,6.5744562514,Agata,8.751,5.822406257,7.51,3.5,7.34375,6.7475,10.0,1.0,3.5,6.0,0,,,0,Adequado,1.0
RA-1099,2023,2,13.0,Feminino,2023,7.113533333,Ametista,9.0,9.6,2.52,5.2,8.333333333,8.34,5.0,5.7,4.7,,-1,,,0,Defasagem leve,0.0
RA-1099,2024,3,14.0,Feminino,2023,7.332483333333334,Ametista,8.334,8.133333333333333,10.0,3.8333333333333335,7.8125,6.6225,10.0,2.5,3.5,5.5,0,,,0,Adequado,1.0
RA-11,2022,7,18.0,Feminino,2016,5.323,Quartzo,9.2,4.2,5.0,3.0,,6.389,5.0,1.8,2.5,4.5,-1,0.0,0.0,0,Defasagem leve,6.0
RA-110,2022,4,14.0,Masculino,2017,8.15,Topazio,9.2,9.7,5.6,6.7,,8.0,10.0,8.3,5.7,6.0,0,0.0,0.0,0,Adequado,5.0
RA-110,2023,5,15.0,Masculino,2017,8.0879,Topazio,8.3,8.6,5.0,7.5,8.75,8.2975,10.0,8.3,6.2,8.0,0,,,0,Adequado,6.0
RA-110,2024,5,16.0,Masculino,2021,8.6324939394,Topazio,9.168,9.696969697,6.255,8.5,7.5,8.504,10.0,10.0,7.0,8.5,0,,,0,Adequado,3.0
RA-1100,2023,2,,Masculino,2023,8.261033333,Topazio,10.0,9.2,5.0,7.1,8.541666667,8.283333333,10.0,6.3,7.8,,0,,,0,Adequado,0.0
RA-1100,2024,3,12.0,Masculino,2023,6.649708333333334,Agata,7.5,7.1000000000000005,7.51,4.666666666666667,6.71875,5.6175,10.0,4.0,4.0,6.0,1,,,0,Adiantado,1.0
RA-1101,2023,2,,Masculino,2023,6.446666667,Agata,0.0,7.2,5.0,5.3,8.333333333,8.116666667,10.0,4.2,6.3,,0,,,0,Adequado,0.0
RA-1102,2023,2,,Masculino,2023,8.123033333,Topazio,9.5,9.5,5.0,7.5,7.708333333,7.56,10.0,5.7,9.2,,0,,,0,Adequado,0.0
RA-1102,2024,3,12.0,Masculino,2023,8.440611904733334,Topazio,8.751,9.390476190333333,8.13,9.333333333333334,5.9375,7.07,10.0,10.0,8.0,10.0,1,,,0,Adiantado,1.0
RA-1103,2023,2,10.0,Masculino,2023,7.574866667,Ametista,9.0,8.7,5.0,5.0,8.333333333,8.006666667,10.0,4.5,5.5,,0,,,0,Adequado,0.0
RA-1103,2024,2,11.0,Masculino,2023,7.861995031000001,Ametista,8.502,7.763975155000001,7.51,7.25,7.5,7.54,10.0,6.0,8.5,,0,,,0,Adequado,1.0
RA-1104,2023,2,13.0,Feminino,2023,7.265533333,Ametista,5.7,10.0,2.52,6.4,8.541666667,9.063333333,5.0,5.5,7.3,,-1,,,0,Defasagem leve,0.0
RA-1105,2023,2,13.0,Feminino,2023,6.299166667,Agata,0.0,9.0,2.52,6.0,8.125,8.673333333,5.0,5.0,7.0,,-1,,,0,Defasagem leve,0.0
RA-1106,2023,2,12.0,Masculino,2023,7.1642,Ametista,8.5,9.3,5.0,5.1,8.333333333,8.003333333,5.0,5.2,5.0,,-1,,,0,Defasagem leve,0.0
RA-1106,2024,3,13.0,Masculino,2023,5.936272086266667,Quartzo,8.334,5.4312354313333335,7.51,0.0,7.65625,7.5,10.0,0.0,0.0,0.0,0,,,0,Adequado,1.0
RA-1107,2023,2,12.0,Feminino,2023,7.9327,Ametista,9.0,9.4,5.0,7.5,8.958333333,8.783333333,5.0,8.0,7.0,,-1,,,0,Defasagem leve,0.0
RA-1107,2024,3,13.0,Feminino,2023,5.9731,Quartzo,8.751,6.2,2.51,2.5,7.5,6.785,10.0,1.0,3.5,3.0,0,,,0,Adequado,1.0
RA-1108,2023,2,12.0,Masculino,2023,6.310833333,Agata,0.0,9.3,5.0,4.7,8.541666667,8.283333333,5.0,3.7,5.7,,-1,,,0,Defasagem leve,0.0
RA-1108,2024,3,13.0,Masculino,2023,6.017215010400001,Agata,9.168,3.7546583853333337,8.13,3.6666666666666665,7.1875,5.422,10.0,3.5,3.5,4.0,0,,,0,Adequado,1.0
RA-1109,2023,2,14.0,Masculino,2023,6.277533333,Agata,10.0,6.4,5.0,3.4,7.5,7.836666667,5.0,3.5,3.3,,-2,,,1,Defasagem moderada/severa,0.0
RA-111,2022,4,13.0,Feminino,2020,8.646,Topazio,7.5,9.4,8.1,8.0,,8.667,10.0,6.7,7.5,9.7,1,1.0,0.0,0,Adiantado,2.0
RA-111,2023,5,14.0,Feminino,2020,7.566458333,Ametista,7.5,8.7,5.0,6.0,7.65625,8.0875,10.0,6.0,5.2,6.7,1,,,0,Adiantado,3.0
RA-111,2024,5,15.0,Feminino,2021,8.667693939400001,Topazio,9.168,9.488636363666666,6.26,8.333333333333334,8.125,8.74,10.0,8.0,7.0,10.0,0,,,0,Adequado,3.0
RA-1110,2023,2,12.0,Feminino,2023,7.248566667,Ametista,4.6,9.2,5.0,6.8,8.541666667,8.73,5.0,6.5,7.0,,-1,,,0,Defasagem leve,0.0
RA-1111,2023,2,,Feminino,2023,6.559166667,Agata,0.0,8.9,2.52,5.4,8.125,8.173333333,10.0,4.8,6.0,,0,,,0,Adequado,0.0
RA-1111,2024,3,12.0,Feminino,2023,6.116032815733334,Agata,6.249,4.600414078666667,7.5,5.0,6.5625,5.824,10.0,5.0,4.0,6.0,1,,,0,Adiantado,1.0
RA-1112,2023,2,12.0,Masculino,2023,7.088866667,Ametista,9.5,7.9,2.52,6.3,8.333333333,8.616666667,5.0,5.2,7.3,,-1,,,0,Defasagem leve,0.0
RA-1112,2024,3,13.0,Masculino,2023,6.856082394,Agata,9.585,9.02791197,8.135,4.0,5.375,4.705,10.0,4.0,4.0,4.0,0,,,0,Adequado,1.0
RA-1113,2023,2,,Masculino,2023,5.636666667,Quartzo,0.0,6.0,7.52,5.0,7.5,7.173333333,5.0,5.0,5.0,,-1,,,0,Defasagem leve,0.0
RA-1114,2023,2,11.0,Feminino,2023,7.5667,Ametista,8.5,9.8,2.52,4.9,8.125,8.56,10.0,4.3,5.5,,0,,,0,Adequado,0.0
RA-1114,2024,3,12.0,Feminino,2023,7.437466666666667,Ametista,8.751,9.533333333333333,2.51,5.0,8.375,7.836,10.0,5.0,3.0,7.0,0,,,0,Adequado,1.0
RA-1115,2023,2,,Feminino,2023,6.474,Agata,0.0,8.3,7.52,4.0,7.5,7.56,10.0,6.0,2.0,,0,,,0,Adequado,0.0
RA-1115,2024,2,12.0,Feminino,2023,6.570068686900001,Agata,8.002,4.2676767675,7.51,6.25,7.5,5.826666667,10.0,6.5,6.0,,0,,,0,Adequado,1.0
RA-1116,2023,2,13.0,Masculino,2023,6.956533333,Agata,9.5,9.2,5.0,4.9,7.083333333,7.39,5.0,3.8,6.0,,-1,,,0,Defasagem leve,0.0
RA-1116,2024,3,15.0,Masculino,2023,3.7894777778,Quartzo,0.0,3.3555555556666667,6.26,2.3333333333333335,5.125,5.066,5.0,1.0,3.0,3.0,-1,,,0,Defasagem leve,1.0
RA-1117,2023,2,,Feminino,2023,8.382366667,Topazio,9.0,9.6,7.52,7.3,7.708333333,7.946666667,10.0,6.0,8.5,,0,,,0,Adequado,0.0
RA-1117,2024,3,12.0,Feminino,2023,7.601562962866668,Ametista,8.751,8.314814814666667,7.51,5.666666666666667,8.125,6.833333333,10.0,5.0,5.0,7.0,1,,,0,Adiantado,1.0
RA-1118,2023,2,,Feminino,2023,7.163833333,Ametista,5.3,8.8,7.52,6.0,7.708333333,8.28,5.0,4.8,7.2,,-1,,,0,Defasagem leve,0.0
RA-1118,2024,3,14.0,Feminino,2023,7.0305545924,Ametista,7.084,7.846439628666666,9.38,3.8333333333333335,6.75,6.866,10.0,3.0,4.5,4.0,0,,,0,Adequado,1.0
RA-1119,2023,2,13.0,Feminino,2023,7.192,Ametista,7.3,9.7,3.77,5.9,7.708333333,8.453333333,5.0,3.0,8.8,,-1,,,0,Defasagem leve,0.0
RA-1119,2024,3,14.0,Feminino,2023,7.388266666666667,Ametista,9.585,8.716666666666667,7.51,5.666666666666667,7.625,7.698,5.0,6.0,3.5,7.5,-1,,,0,Defasagem leve,1.0
RA-112,2022,4,15.0,Feminino,2016,7.836,Ametista,7.9,7.8,6.3,8.5,,8.833,5.0,9.0,7.5,9.1,-1,1.0,0.0,0,Defasagem leve,6.0
RA-112,2023,5,,Feminino,2016,7.141308333,Ametista,6.7,8.1,5.0,7.4,7.96875,7.9225,5.0,7.3,6.5,8.3,-1,,,0,Defasagem leve,7.0
RA-112,2024,6,17.0,Feminino,2021,8.052609920666667,Topazio,7.083,7.978174603333333,7.51,8.0,7.96875,8.004,10.0,9.5,6.0,8.5,0,,,0,Adequado,3.0
RA-1120,2023,2,11.0,Feminino,2023,9.103366667,Topazio,9.5,9.6,7.52,8.3,8.958333333,9.676666667,10.0,7.3,9.2,,0,,,0,Adequado,0.0
RA-1121,2023,2,,Masculino,2023,8.049,Topazio,0.0,9.9,6.26,8.0,8.75,9.84,10.0,6.5,9.5,,0,,,0,Adequado,0.0
RA-1121,2024,3,12.0,Masculino,2023,8.407166666633334,Topazio,9.585,10.0,7.51,6.666666666666667,7.083333333,8.28,10.0,9.0,5.0,6.0,0,,,0,Adequado,1.0
RA-1122,2023,2,11.0,Masculino,2023,7.3715,Ametista,0.0,9.3,6.89,6.9,7.291666667,8.616666667,10.0,5.2,8.5,,0,,,0,Adequado,0.0
RA-1122,2024,3,12.0,Masculino,2023,7.817322222166666,Ametista,8.751,9.861111111,7.51,5.333333333333333,7.083333333,7.22,10.0,5.0,4.5,6.5,1,,,0,Adiantado,1.0
RA-1123,2023,2,,Masculino,2023,6.9565,Agata,7.3,8.9,7.52,5.3,7.083333333,7.113333333,5.0,3.8,6.8,,-1,,,0,Defasagem leve,0.0
RA-1124,2023,2,14.0,Feminino,2023,6.667866667,Agata,9.5,8.0,7.52,3.0,7.083333333,7.786666667,5.0,1.0,5.0,,-2,,,1,Defasagem moderada/severa,0.0
RA-1125,2023,2,,Feminino,2023,6.655366667,Agata,4.7,7.9,7.52,4.0,6.666666667,6.95,10.0,1.0,7.0,,0,,,0,Adequado,0.0
RA-1126,2023,2,12.0,Feminino,2023,,,0.0,5.2,3.77,,7.291666667,7.06,5.0,,,,-1,,,0,Defasagem leve,0.0
RA-1127,2023,2,,Feminino,2023,8.3167,Topazio,8.5,9.9,5.02,6.9,8.125,9.01,10.0,5.0,8.7,,0,,,0,Adequado,0.0
RA-1127,2024,3,12.0,Feminino,2023,8.180966666666668,Topazio,9.168,10.0,7.51,5.833333333333333,8.125,7.67,10.0,8.5,4.5,4.5,0,,,0,Adequado,1.0
RA-1128,2023,2,12.0,Masculino,2023,6.404533333,Agata,9.5,7.3,5.02,3.5,7.916666667,7.503333333,5.0,3.0,4.0,,-1,,,0,Defasagem leve,0.0
RA-1129,2023,2,11.0,Masculino,2023,7.309333333,Ametista,0.0,9.2,6.27,7.8,7.916666667,7.503333333,10.0,6.8,8.7,,0,,,0,Adequado,0.0
RA-1129,2024,3,12.0,Masculino,2023,7.360417647066668,Ametista,9.168,7.137254902,8.13,6.833333333333333,6.875,5.745,10.0,9.0,5.5,6.0,0,,,0,Adequado,1.0
RA-113,2022,4,15.0,Feminino,2017,3.032,Quartzo,0.0,0.0,5.0,3.7,,3.792,5.0,3.3,5.5,2.3,-1,0.0,0.0,0,Defasagem leve,5.0
RA-113,2024,5,16.0,Feminino,2021,7.043536903066667,Ametista,8.751,7.063851181666667,7.51,6.666666666666667,7.5,7.106666667,5.0,7.0,6.0,7.0,-1,,,0,Defasagem leve,3.0
RA-1130,2023,2,11.0,Masculino,2023,8.0037,Topazio,8.5,8.4,7.52,7.3,7.708333333,7.503333333,10.0,6.3,8.2,,0,,,0,Adequado,0.0
RA-1130,2024,3,12.0,Masculino,2023,6.563952941199999,Agata,8.751,6.278431372666667,8.13,4.333333333333333,6.875,5.33,10.0,7.5,3.5,2.0,0,,,0,Adequado,1.0
RA-1131,2023,2,12.0,Feminino,2023,8.316133333,Topazio,7.9,9.9,5.02,9.1,8.75,9.286666667,5.0,8.3,9.8,,-1,,,0,Defasagem leve,0.0
RA-1131,2024,3,13.0,Feminino,2023,8.2889555555,Topazio,8.334,9.277777777666666,6.255,8.333333333333334,7.291666667,7.893333333,10.0,8.0,7.0,10.0,0,,,0,Adequado,1.0
RA-1132,2023,2,12.0,Masculino,2023,6.829533333,Agata,10.0,6.3,6.27,5.8,7.916666667,7.503333333,5.0,5.2,6.3,,-1,,,0,Defasagem leve,0.0
RA-1133,2023,2,10.0,Feminino,2023,8.600033333,Topazio,9.5,10.0,6.27,6.5,8.541666667,9.343333333,10.0,5.0,8.0,,0,,,0,Adequado,0.0
RA-1133,2024,3,11.0,Feminino,2023,8.238553968266668,Topazio,9.168,9.841269841333334,8.75,4.5,8.125,8.83,10.0,5.0,3.5,5.0,1,,,0,Adiantado,1.0
RA-1134,2023,2,11.0,Masculino,2023,7.769866667,Ametista,8.0,9.7,3.76,6.8,7.916666667,7.56,10.0,5.5,8.0,,0,,,0,Adequado,0.0
RA-1134,2024,3,12.0,Masculino,2023,7.7564571427,Ametista,8.751,8.914285714,7.51,6.0,7.708333333,6.883333333,10.0,6.0,5.5,6.5,0,,,0,Adequado,1.0
RA-1135,2023,2,11.0,Masculino,2023,7.453833333,Ametista,0.0,9.4,7.52,7.2,8.125,7.896666667,10.0,4.8,9.5,,0,,,0,Adequado,0.0
RA-1136,2023,2,13.0,Feminino,2023,6.7351,Agata,6.8,8.1,2.52,6.6,8.333333333,7.723333333,5.0,4.8,8.3,,-1,,,0,Defasagem leve,0.0
RA-1136,2024,3,14.0,Feminino,2023,5.458179831866667,Quartzo,8.751,4.547899159666667,8.135,1.6666666666666667,7.5,6.383333333,5.0,1.0,2.0,2.0,-1,,,0,Defasagem leve,1.0
RA-1137,2023,2,10.0,Feminino,2023,8.743366667,Topazio,9.5,9.8,6.27,6.5,9.375,9.843333333,10.0,6.0,7.0,,0,,,0,Adequado,0.0
RA-1137,2024,3,11.0,Feminino,2023,7.183752652466668,Ametista,8.334,7.588638262333333,8.13,3.5,8.28125,7.4575,10.0,1.0,4.5,5.0,1,,,0,Adiantado,1.0
RA-1138,2023,2,12.0,Feminino,2023,8.3472,Topazio,9.0,9.2,6.27,9.3,9.166666667,8.566666667,5.0,9.0,9.5,,-1,,,0,Defasagem leve,0.0
RA-1139,2023,2,11.0,Masculino,2023,7.6647,Ametista,8.5,9.1,5.64,5.3,8.125,7.79,10.0,6.3,4.3,,0,,,0,Adequado,0.0
RA-1139,2024,3,12.0,Masculino,2023,6.906276357600001,Agata,8.334,6.152715121333333,7.51,4.666666666666667,7.5,7.04,10.0,5.0,3.0,6.0,1,,,0,Adiantado,1.0
RA-114,2022,4,16.0,Masculino,2022,5.894,Quartzo,7.9,6.3,7.5,5.3,,5.0,5.0,6.0,4.5,,-2,0.0,0.0,1,Defasagem moderada/severa,0.0
RA-114,2023,5,,Masculino,2022,5.335,Quartzo,0.0,6.0,3.14,5.6,7.5,7.255,5.0,4.0,4.5,8.3,-2,,,1,Defasagem moderada/severa,1.0
RA-1140,2023,2,11.0,Feminino,2023,7.703533333,Ametista,4.7,8.7,7.52,7.3,7.708333333,7.62,10.0,8.5,6.0,,0,,,0,Adequado,0.0
RA-1140,2024,2,12.0,Feminino,2023,7.3473880383,Ametista,6.834,6.112440191499999,7.51,7.0,8.125,7.39,10.0,4.5,9.5,,0,,,0,Adequado,1.0
RA-1141,2023,2,12.0,Feminino,2023,7.2757,Ametista,9.0,8.8,7.52,5.9,7.708333333,7.113333333,5.0,5.5,6.2,,-1,,,0,Defasagem leve,0.0
RA-1141,2024,3,13.0,Feminino,2023,6.793890866866667,Agata,9.585,6.191537667666666,7.51,4.166666666666667,6.5625,6.7825,10.0,5.0,4.5,3.0,0,,,0,Adequado,1.0
RA-1142,2023,2,11.0,Feminino,2023,9.175033333,Topazio,9.0,10.0,7.52,10.0,8.541666667,8.343333333,10.0,10.0,10.0,,0,,,0,Adequado,0.0
RA-1142,2024,3,12.0,Feminino,2023,8.390566666666668,Topazio,8.334,9.133333333333333,7.51,8.5,8.125,7.335,10.0,10.0,8.0,7.5,0,,,0,Adequado,1.0
RA-1143,2023,3,15.0,Feminino,2023,6.445933333,Agata,8.8,7.0,6.26,5.3,7.5,6.2075,5.0,6.0,6.3,3.5,-2,,,1,Defasagem moderada/severa,0.0
RA-1143,2024,3,16.0,Feminino,2021,5.881225668333334,Quartzo,9.585,5.201336675,9.38,3.1666666666666665,7.03125,6.79,2.5,3.0,6.5,0.0,-3,,,1,Defasagem moderada/severa,3.0
RA-1144,2023,3,13.0,Feminino,2023,7.410625,Ametista,0.0,9.4,5.02,8.0,8.28125,8.0025,10.0,7.0,8.2,8.8,0,,,0,Adequado,0.0
RA-1145,2023,3,11.0,Feminino,2023,7.484375,Ametista,0.0,9.5,4.39,7.8,8.59375,8.63,10.0,7.7,7.7,8.0,1,,,0,Adiantado,0.0
RA-1146,2023,3,14.0,Feminino,2023,6.689583333,Agata,9.6,8.8,6.26,3.7,7.1875,6.965,5.0,5.0,3.3,2.7,-1,,,0,Defasagem leve,0.0
RA-1146,2024,3,15.0,Feminino,2023,5.3933086048000005,Quartzo,10.0,5.017209691,6.88,2.0,6.25,5.883333333,5.0,2.0,0.0,4.0,-2,,,1,Defasagem moderada/severa,1.0
RA-1147,2023,3,,Feminino,2023,7.072983333,Ametista,8.3,8.3,6.26,6.7,7.1875,7.0075,5.0,5.0,7.5,7.5,-1,,,0,Defasagem leve,0.0
RA-1147,2024,3,15.0,Feminino,2023,5.833118518533334,Quartzo,8.751,6.125925926,8.755,3.1666666666666665,6.25,5.495,5.0,2.0,5.0,2.5,-1,,,0,Defasagem leve,1.0
RA-1148,2023,3,11.0,Feminino,2023,7.227866667,Ametista,7.9,8.6,3.77,5.7,7.5,7.2125,10.0,5.7,5.3,6.2,1,,,0,Adiantado,0.0
RA-1149,2023,3,,Feminino,2023,7.410108333,Ametista,8.3,9.8,2.52,7.2,7.96875,8.1725,5.0,6.0,6.8,8.7,-1,,,0,Defasagem leve,0.0
RA-1149,2024,4,15.0,Feminino,2023,8.1371,Topazio,8.334,10.0,10.0,6.0,8.625,8.706,5.0,2.0,6.0,10.0,-1,,,0,Defasagem leve,1.0
RA-115,2022,4,16.0,Feminino,2019,5.886,Quartzo,8.3,6.8,6.3,3.8,,5.583,5.0,3.0,5.7,2.7,-2,0.0,0.0,1,Defasagem moderada/severa,3.0
RA-115,2023,5,16.0,Feminino,2019,6.319141667,Agata,8.8,7.1,5.0,4.2,7.34375,7.215,5.0,3.7,3.8,5.2,-1,,,0,Defasagem leve,4.0
RA-115,2024,5,17.0,Feminino,2021,5.404184695733334,Quartzo,7.917,4.164756812,6.26,4.166666666666667,6.75,5.726,5.0,6.5,4.5,1.5,-2,,,1,Defasagem moderada/severa,3.0
RA-1150,2023,3,16.0,Masculino,2023,7.076008333,Ametista,9.2,9.8,2.52,6.7,7.96875,7.835,2.5,7.0,6.5,6.5,-3,,,1,Defasagem moderada/severa,0.0
RA-1150,2024,4,17.0,Masculino,2023,7.1023212964,Ametista,8.334,6.481481481666667,7.51,6.833333333333333,7.65625,7.946666667,5.0,4.0,6.5,10.0,-2,,,1,Defasagem moderada/severa,1.0
RA-1151,2023,3,,Feminino,2023,7.829958333,Ametista,7.5,9.5,2.52,8.3,7.65625,7.545,10.0,7.3,8.8,8.7,0,,,0,Adequado,0.0
RA-1151,2024,4,13.0,Feminino,2023,8.749111111066668,Topazio,7.5,9.722222222333334,5.635,9.0,8.125,9.393333333,10.0,9.0,8.0,10.0,1,,,0,Adiantado,1.0
RA-1152,2023,3,,Masculino,2023,6.544916667,Agata,0.0,9.4,5.0,6.8,7.8125,7.585,5.0,6.7,6.0,7.8,-1,,,0,Defasagem leve,0.0
RA-1153,2023,3,14.0,Feminino,2023,7.968658333,Ametista,7.9,10.0,7.52,7.2,7.65625,8.63,5.0,6.7,7.8,7.0,-1,,,0,Defasagem leve,0.0
RA-1153,2024,4,15.0,Feminino,2021,8.268876190466667,Topazio,8.751,9.702380952333334,5.635,8.5,8.75,9.074,5.0,8.0,8.5,9.0,-1,,,0,Defasagem leve,3.0
RA-1154,2023,3,13.0,Masculino,2023,7.701125,Ametista,9.6,9.3,5.63,5.1,7.65625,7.67,10.0,5.3,5.0,5.0,0,,,0,Adequado,0.0
RA-1154,2024,3,14.0,Masculino,2023,7.566075,Ametista,7.917,9.200000000000001,7.51,8.0,7.34375,6.745,5.0,7.0,7.0,10.0,-1,,,0,Defasagem leve,1.0
RA-1155,2023,3,14.0,Feminino,2023,7.821633333,Ametista,9.2,9.2,5.63,8.0,7.5,8.2925,5.0,6.7,8.2,9.0,-1,,,0,Defasagem leve,0.0
RA-1155,2024,4,15.0,Feminino,2023,7.119011111133333,Ametista,8.334,8.888888889,5.005,4.666666666666667,8.0,8.87,5.0,6.0,8.0,0.0,-1,,,0,Defasagem leve,1.0
RA-1156,2023,3,12.0,Feminino,2023,7.340775,Ametista,8.3,9.2,2.52,5.3,7.96875,7.7925,10.0,6.2,6.0,3.7,0,,,0,Adequado,0.0
RA-1156,2024,4,13.0,Feminino,2023,6.6777135642,Agata,7.5,7.821067821,7.51,2.0,7.125,7.5,10.0,6.0,0.0,0.0,1,,,0,Adiantado,1.0
RA-1157,2023,3,14.0,Masculino,2023,7.086633333,Ametista,9.2,8.8,6.26,5.7,7.5,7.0025,5.0,5.0,6.3,5.7,-1,,,0,Defasagem leve,0.0
RA-1157,2024,3,15.0,Masculino,2023,7.916082936533334,Ametista,9.585,9.082539682666665,7.51,7.0,7.96875,8.466,5.0,8.0,6.0,7.0,-1,,,0,Defasagem leve,1.0
RA-1158,2023,3,14.0,Feminino,2023,6.306666667,Agata,7.5,8.6,2.52,4.3,7.5,7.34,5.0,5.3,5.0,2.7,-1,,,0,Defasagem leve,0.0
RA-1159,2023,3,,Feminino,2023,5.913883333,Quartzo,5.8,6.6,2.52,3.1,7.1875,7.1325,10.0,5.2,1.5,2.5,0,,,0,Adequado,0.0
RA-116,2022,4,16.0,Feminino,2019,6.854,Agata,5.8,8.1,6.3,5.9,,7.792,5.0,5.0,7.2,5.5,-2,0.0,1.0,1,Defasagem moderada/severa,3.0
RA-116,2023,5,17.0,Feminino,2019,6.433075,Agata,6.7,7.6,5.0,4.7,7.96875,7.5475,5.0,2.3,5.0,6.8,-2,,,1,Defasagem moderada/severa,4.0
RA-116,2024,5,18.0,Feminino,2021,6.337470707133334,Agata,8.334,7.535353535666666,5.635,4.5,6.875,6.73,5.0,6.5,2.0,5.0,-2,,,1,Defasagem moderada/severa,3.0
RA-1160,2023,3,,Masculino,2023,6.636166667,Agata,9.6,8.7,2.52,2.7,6.875,7.2575,10.0,4.8,2.7,0.7,0,,,0,Adequado,0.0
RA-1160,2024,3,14.0,Masculino,2023,6.274190982333334,Agata,8.751,8.201288245,7.51,3.1666666666666665,6.25,6.2475,5.0,5.5,2.0,2.0,-1,,,0,Defasagem leve,1.0
RA-1161,2023,3,,Feminino,2023,7.317791667,Ametista,6.3,8.1,2.52,6.3,8.28125,8.63,10.0,7.3,6.5,5.2,0,,,0,Adequado,0.0
RA-1162,2023,3,13.0,Feminino,2023,7.44215,Ametista,8.3,8.5,3.77,6.0,7.8125,7.7525,10.0,7.3,5.5,5.2,0,,,0,Adequado,0.0
RA-1162,2024,4,14.0,Feminino,2023,7.473167836266667,Ametista,7.917,9.135672514666666,6.26,5.666666666666667,6.875,7.0375,10.0,4.0,7.5,5.5,0,,,0,Adequado,1.0
RA-1163,2023,3,14.0,Masculino,2023,7.749391667,Ametista,8.8,9.3,7.52,7.2,7.65625,7.75,5.0,7.0,6.7,8.0,-1,,,0,Defasagem leve,0.0
RA-1163,2024,4,15.0,Masculino,2023,8.6794789474,Topazio,8.334,9.824561403666666,7.51,7.833333333333333,8.125,8.755,10.0,9.5,6.5,7.5,0,,,0,Adequado,1.0
RA-1164,2023,3,13.0,Masculino,2023,6.910091667,Agata,9.2,7.5,2.52,4.8,7.65625,7.545,10.0,7.0,7.5,0.0,0,,,0,Adequado,0.0
RA-1165,2023,3,12.0,Feminino,2023,7.880716667,Ametista,9.2,9.1,5.0,7.3,7.1875,7.2925,10.0,7.0,6.0,9.0,0,,,0,Adequado,0.0
RA-1165,2024,3,13.0,Feminino,2023,7.908044272466667,Ametista,8.751,6.829721362333333,8.135,8.0,6.875,7.83,10.0,9.0,7.5,7.5,0,,,0,Adequado,1.0
RA-1166,2023,3,15.0,Feminino,2023,7.307858333,Ametista,8.3,9.6,7.52,4.8,7.65625,7.9175,5.0,5.3,2.8,6.2,-2,,,1,Defasagem moderada/severa,0.0
RA-1166,2024,4,16.0,Feminino,2023,7.452799122766667,Ametista,8.334,8.498245614,6.26,6.333333333333333,8.020833333,8.625,5.0,5.0,7.0,7.0,-1,,,0,Defasagem leve,1.0
RA-1167,2023,3,16.0,Masculino,2023,6.021891667,Agata,8.8,7.6,2.52,3.8,7.65625,7.9625,2.5,6.0,3.7,1.8,-3,,,1,Defasagem moderada/severa,0.0
RA-1168,2023,3,13.0,Feminino,2023,5.886625,Quartzo,0.0,8.8,2.52,3.5,7.65625,7.045,10.0,5.0,2.0,3.5,0,,,0,Adequado,0.0
RA-1168,2024,3,14.0,Feminino,2023,6.864053921600001,Agata,9.585,7.682352941333334,7.51,5.666666666666667,7.1875,6.33,5.0,8.5,3.5,5.0,-1,,,0,Defasagem leve,1.0
RA-1169,2023,3,,Feminino,2023,7.213625,Ametista,7.5,9.5,5.0,6.3,7.03125,8.0025,5.0,6.8,7.3,4.8,-1,,,0,Defasagem leve,0.0
RA-1169,2024,4,15.0,Feminino,2023,6.885305555533334,Agata,6.25,8.444444444333334,5.635,6.833333333333333,7.8125,6.8,5.0,6.0,6.5,8.0,-1,,,0,Defasagem leve,1.0
RA-117,2022,4,15.0,Feminino,2022,6.685,Agata,7.9,6.3,6.9,6.1,,7.417,5.0,4.7,6.7,7.0,-1,0.0,0.0,0,Defasagem leve,0.0
RA-1170,2023,3,,Masculino,2023,6.874683333,Agata,8.8,7.7,7.52,5.9,7.1875,6.5775,5.0,6.0,6.8,4.8,-1,,,0,Defasagem leve,0.0
RA-1170,2024,3,15.0,Masculino,2023,6.095440873,Agata,9.168,5.565079365,8.13,3.5,7.03125,6.7475,5.0,1.0,2.5,7.0,-2,,,1,Defasagem moderada/severa,1.0
RA-1171,2023,3,14.0,Masculino,2023,7.856033333,Ametista,7.9,8.4,5.0,8.7,8.75,8.88,5.0,7.3,9.0,9.7,-1,,,0,Defasagem leve,0.0
RA-1171,2024,4,15.0,Masculino,2023,7.6236817459,Ametista,8.334,7.230158729999999,7.51,7.5,8.645833333,8.643333333,5.0,5.0,9.5,8.0,-1,,,0,Defasagem leve,1.0
RA-1172,2023,4,16.0,Feminino,2023,7.030108333,Ametista,8.3,7.8,2.52,6.7,8.59375,8.46,5.0,6.0,5.7,8.3,-2,,,1,Defasagem moderada/severa,0.0
RA-1172,2024,5,17.0,Feminino,2023,5.719565079333334,Quartzo,7.5,6.0634920633333325,6.26,3.3333333333333335,7.25,6.196,5.0,0.0,5.0,5.0,-1,,,0,Defasagem leve,1.0
RA-1173,2023,4,14.0,Masculino,2023,7.67285,Ametista,8.8,9.7,2.52,6.0,7.8125,8.1225,10.0,7.0,5.0,6.0,0,,,0,Adequado,0.0
RA-1173,2024,5,15.0,Masculino,2023,8.220132915666667,Topazio,9.168,9.665831245,7.51,5.833333333333333,8.125,8.2,10.0,6.0,7.5,4.0,0,,,0,Adequado,1.0
RA-1174,2023,4,15.0,Feminino,2023,7.333591667,Ametista,9.2,8.7,2.52,6.8,8.90625,8.3375,5.0,6.5,7.2,6.8,-1,,,0,Defasagem leve,0.0
RA-1174,2024,5,16.0,Feminino,2023,7.374213419866667,Ametista,8.751,8.349567099333333,6.26,5.0,7.5,7.266,10.0,5.0,3.0,7.0,0,,,0,Adequado,1.0
RA-1175,2023,4,,Feminino,2023,5.939858333,Quartzo,8.3,5.3,2.52,6.3,7.65625,7.6275,2.5,6.3,6.3,6.2,-3,,,1,Defasagem moderada/severa,0.0
RA-1176,2023,4,13.0,Masculino,2023,8.881483333,Topazio,8.3,9.3,7.52,8.2,9.6875,9.17,10.0,8.0,7.8,8.7,1,,,0,Adiantado,0.0
RA-1176,2024,5,14.0,Masculino,2023,8.914816269866666,Topazio,8.751,9.682539682666667,6.26,9.166666666666666,8.59375,8.9225,10.0,10.0,8.0,9.5,1,,,0,Adiantado,1.0
RA-1177,2023,4,14.0,Feminino,2023,8.345491667,Topazio,10.0,9.9,2.52,7.2,8.90625,8.88,10.0,7.0,6.7,8.0,0,,,0,Adequado,0.0
RA-1177,2024,5,15.0,Feminino,2023,8.3233039474,Topazio,8.751,9.824561403666666,6.26,7.333333333333333,7.65625,8.125,10.0,9.5,5.5,7.0,0,,,0,Adequado,1.0
RA-1178,2023,4,,Masculino,2023,7.066475,Ametista,8.8,9.3,2.52,5.7,7.96875,8.2125,5.0,6.3,4.5,6.3,-2,,,1,Defasagem moderada/severa,0.0
RA-1178,2024,5,17.0,Masculino,2023,8.0934746032,Topazio,8.751,9.682539682666667,6.26,8.333333333333334,7.5,8.696,5.0,9.0,8.0,8.0,-1,,,0,Defasagem leve,1.0
RA-1179,2023,4,,Masculino,2023,6.631333333,Agata,9.6,8.1,4.38,5.0,6.875,7.17,5.0,6.7,3.7,4.5,-1,,,0,Defasagem leve,0.0
RA-118,2022,4,14.0,Feminino,2021,5.597,Quartzo,0.0,5.3,6.3,3.9,,6.958,10.0,3.7,4.7,3.5,0,0.0,0.0,0,Adequado,1.0
RA-1180,2023,4,15.0,Masculino,2023,7.067983333,Ametista,8.3,9.5,5.0,5.4,7.1875,7.7125,5.0,6.0,4.8,5.3,-1,,,0,Defasagem leve,0.0
RA-1181,2023,4,,Feminino,2023,6.971266667,Agata,8.8,8.3,2.52,4.8,7.5,7.3375,10.0,5.7,4.3,4.5,0,,,0,Adequado,0.0
RA-1181,2024,5,15.0,Feminino,2023,6.2015816738666665,Agata,9.168,5.036075036,6.26,3.8333333333333335,7.125,5.862,10.0,1.0,1.0,9.5,0,,,0,Adequado,1.0
RA-1182,2023,4,,Feminino,2023,5.709808333,Quartzo,7.5,6.3,2.52,4.2,6.71875,7.2125,5.0,5.3,2.0,5.2,-2,,,1,Defasagem moderada/severa,0.0
RA-1183,2023,4,15.0,Masculino,2023,6.269541667,Agata,7.5,8.7,2.52,5.3,6.09375,6.7575,5.0,6.0,4.0,6.0,-1,,,0,Defasagem leve,0.0
RA-1184,2023,4,,Masculino,2023,7.381566667,Ametista,8.3,8.3,5.0,7.3,8.125,8.045,5.0,8.0,5.5,8.5,-2,,,1,Defasagem moderada/severa,0.0
RA-1184,2024,5,17.0,Masculino,2023,7.411701731566668,Ametista,6.666,8.658008657666668,7.51,7.666666666666667,7.291666667,7.5,5.0,6.0,7.0,10.0,-1,,,0,Defasagem leve,1.0
RA-1185,2023,4,,Feminino,2023,8.02675,Topazio,7.5,9.1,5.0,7.5,7.8125,8.3775,10.0,6.7,6.3,9.5,1,,,0,Adiantado,0.0
RA-1186,2023,4,,Feminino,2023,7.281433333,Ametista,8.8,9.8,6.89,5.5,6.875,7.3825,5.0,6.7,5.2,4.5,-2,,,1,Defasagem moderada/severa,0.0
RA-1187,2023,4,13.0,Feminino,2023,6.644475,Agata,8.8,6.9,2.52,5.3,7.34375,6.715,10.0,4.7,5.0,6.2,1,,,0,Adiantado,0.0
RA-1188,2023,4,15.0,Feminino,2023,,,9.6,9.4,,6.4,7.8125,7.5875,5.0,6.5,7.5,5.2,-1,,,0,Defasagem leve,0.0
RA-1188,2024,5,16.0,Feminino,2023,7.801633333400001,Ametista,9.168,10.0,7.51,7.0,8.125,7.106666667,5.0,7.0,6.0,8.0,-1,,,0,Defasagem leve,1.0
RA-1189,2023,4,,Feminino,2023,,,8.8,9.0,,6.1,7.8125,7.3775,5.0,6.3,5.7,6.2,-1,,,0,Defasagem leve,0.0
RA-1189,2024,5,16.0,Feminino,2023,7.6486387164,Ametista,9.585,8.672360248333332,7.51,7.666666666666667,7.5,7.106666667,5.0,7.0,7.0,9.0,-1,,,0,Defasagem leve,1.0
RA-119,2022,4,14.0,Feminino,2016,7.501,Ametista,8.3,8.2,5.6,5.4,,7.875,10.0,5.7,7.0,3.4,0,0.0,0.0,0,Adequado,6.0
RA-119,2023,7,15.0,Feminino,2016,,,6.7,,2.52,,,,10.0,,,,2,,,0,Adiantado,7.0
RA-119,2024,7,16.0,Feminino,2021,8.085299999933333,Topazio,7.083,9.983333333,6.57,7.366666666666667,7.5,7.5,10.0,6.05,7.5,8.55,1,,,0,Adiantado,3.0
RA-1190,2023,4,,Masculino,2023,6.330041667,Agata,0.0,9.2,5.0,4.2,7.34375,7.045,10.0,3.0,4.2,5.5,0,,,0,Adequado,0.0
RA-1191,2023,4,,Masculino,2023,6.175333333,Agata,7.5,7.2,5.0,3.7,5.0,6.26,10.0,2.3,2.5,6.2,0,,,0,Adequado,0.0
RA-1192,2023,4,15.0,Feminino,2023,6.780741667,Agata,7.9,8.7,2.52,5.8,7.96875,7.6675,5.0,4.7,6.0,6.8,-1,,,0,Defasagem leve,0.0
RA-1193,2023,4,,Feminino,2023,6.018083333,Agata,0.0,7.8,5.0,4.1,7.1875,7.13,10.0,3.7,3.5,5.0,0,,,0,Adequado,0.0
RA-1193,2024,4,15.0,Feminino,2023,6.6304815790000005,Agata,8.751,7.763157895,5.635,4.0,7.8125,7.79,5.0,3.0,6.0,3.0,-1,,,0,Defasagem leve,1.0
RA-1194,2023,4,13.0,Masculino,2023,7.671933333,Ametista,8.8,9.0,5.0,6.1,7.5,7.6675,10.0,6.0,4.2,8.0,1,,,0,Adiantado,0.0
RA-1195,2023,4,,Feminino,2022,5.677291667,Quartzo,0.0,8.3,2.52,5.4,8.28125,8.0025,2.5,4.3,4.7,7.3,-3,,,1,Defasagem moderada/severa,1.0
RA-1195,2024,5,18.0,Feminino,2022,7.508514492666666,Ametista,9.585,9.855072463666666,5.63,6.166666666666667,7.5,7.663333333,5.0,8.0,5.0,5.5,-2,,,1,Defasagem moderada/severa,2.0
RA-1196,2023,5,15.0,Masculino,2023,7.03025,Ametista,0.0,8.2,5.0,7.5,7.8125,8.045,10.0,8.0,6.2,8.3,0,,,0,Adequado,0.0
RA-1197,2023,5,16.0,Feminino,2023,6.946058333,Agata,6.7,8.4,5.0,7.3,7.03125,7.215,5.0,5.3,7.2,9.3,-1,,,0,Defasagem leve,0.0
RA-1198,2023,5,,Feminino,2023,7.515233333,Ametista,8.3,9.4,6.26,6.7,7.5,7.9625,5.0,7.3,3.7,9.0,-1,,,0,Defasagem leve,0.0
RA-1198,2024,5,17.0,Feminino,2023,6.9217748918,Agata,8.751,9.458874459,7.51,3.5,7.375,7.332,5.0,0.0,1.0,9.5,-1,,,0,Defasagem leve,1.0
RA-1199,2023,5,,Masculino,2023,7.024933333,Ametista,6.7,9.1,5.0,6.2,6.875,8.0875,5.0,6.8,5.0,6.7,-2,,,1,Defasagem moderada/severa,0.0
RA-1199,2024,5,18.0,Masculino,2023,7.614235714266666,Ametista,7.5,8.571428571333334,5.005,9.0,6.5625,8.466,5.0,10.0,7.0,10.0,-2,,,1,Defasagem moderada/severa,1.0
RA-12,2022,7,17.0,Feminino,2020,4.832,Quartzo,0.0,4.0,6.9,1.5,,6.389,10.0,2.7,1.1,0.7,0,0.0,1.0,0,Adequado,2.0
RA-12,2023,8,18.0,Feminino,2020,,,,,,,,,10.0,,,,0,,,0,Adequado,3.0
RA-12,2024,8,19.0,Feminino,2021,,,,0.0,,,,,10.0,,,,0,,,0,Adequado,3.0
RA-120,2022,4,15.0,Masculino,2019,6.825,Agata,8.3,5.9,7.5,6.2,,7.667,5.0,3.7,5.2,9.7,-1,0.0,1.0,0,Defasagem leve,3.0
RA-1200,2023,5,15.0,Feminino,2023,5.711166667,Quartzo,0.0,6.4,5.0,4.0,7.5,6.8725,10.0,4.3,2.3,5.5,0,,,0,Adequado,0.0
RA-1200,2024,5,16.0,Feminino,2023,5.6415838956,Quartzo,7.917,7.099419478000001,6.26,1.5,7.5,6.27,5.0,0.0,4.5,0.0,-1,,,0,Defasagem leve,1.0
RA-1201,2023,5,15.0,Masculino,2023,8.378008333,Topazio,9.2,9.6,3.77,7.8,8.59375,8.7575,10.0,8.3,6.5,8.5,0,,,0,Adequado,0.0
RA-1201,2024,5,16.0,Masculino,2023,8.376195238033333,Topazio,8.751,9.523809523666666,7.51,9.0,8.333333333,8.56,5.0,9.0,8.0,10.0,-1,,,0,Defasagem leve,1.0
RA-1202,2023,5,16.0,Feminino,2023,6.202008333,Agata,7.1,7.6,7.52,3.3,7.34375,6.67,5.0,4.5,3.3,2.0,-1,,,0,Defasagem leve,0.0
RA-1203,2023,5,,Feminino,2023,7.487841667,Ametista,9.2,10.0,2.52,7.2,7.96875,7.8775,5.0,6.7,5.8,9.2,-1,,,0,Defasagem leve,0.0
RA-1203,2024,6,17.0,Feminino,2023,8.9495245614,Topazio,9.168,9.649122807,7.51,9.0,8.375,8.572,10.0,8.5,9.0,9.5,0,,,0,Adequado,1.0
RA-1204,2023,5,16.0,Masculino,2023,6.940416667,Agata,7.5,8.7,5.0,6.1,7.8125,7.2125,5.0,5.0,3.7,9.7,-1,,,0,Defasagem leve,0.0
RA-1205,2023,5,18.0,Feminino,2023,6.806466667,Agata,9.2,9.2,6.26,5.0,7.5,7.085,2.5,5.2,3.7,6.2,-3,,,1,Defasagem moderada/severa,0.0
RA-1206,2023,5,17.0,Feminino,2023,6.724183333,Agata,8.8,8.3,2.52,5.6,7.8125,7.7125,5.0,4.7,3.7,8.3,-2,,,1,Defasagem moderada/severa,0.0
RA-1207,2023,5,,Feminino,2023,7.58235,Ametista,8.8,9.0,5.0,5.5,7.8125,7.63,10.0,5.0,4.0,7.5,0,,,0,Adequado,0.0
RA-1207,2024,5,16.0,Feminino,2023,6.509169736866667,Agata,8.334,6.581140350999999,7.51,5.333333333333333,7.34375,6.5375,5.0,4.5,1.5,10.0,-1,,,0,Defasagem leve,1.0
RA-1208,2023,5,15.0,Masculino,2023,7.0651,Ametista,8.8,8.8,2.52,6.2,6.875,6.2525,10.0,5.0,4.8,8.8,0,,,0,Adequado,0.0
RA-1209,2023,5,16.0,Feminino,2023,7.43375,Ametista,7.5,9.4,5.0,7.4,7.8125,7.7125,5.0,7.7,5.7,8.8,-1,,,0,Defasagem leve,0.0
RA-121,2022,4,16.0,Feminino,2021,7.245,Ametista,7.1,8.4,6.3,7.2,,7.625,5.0,5.7,6.8,9.0,-2,0.0,1.0,1,Defasagem moderada/severa,1.0
RA-121,2023,5,,Feminino,2021,6.811875,Agata,6.3,8.8,5.0,6.0,7.34375,7.4625,5.0,5.0,5.7,7.3,-1,,,0,Defasagem leve,2.0
RA-121,2024,5,17.0,Feminino,2021,7.476158297266668,Ametista,8.751,8.152958153,6.26,8.833333333333334,7.25,6.764,5.0,7.5,9.0,10.0,-2,,,1,Defasagem moderada/severa,3.0
RA-1210,2023,5,16.0,Feminino,2023,7.171083333,Ametista,9.6,9.4,5.0,4.7,7.8125,8.09,5.0,5.0,2.0,7.0,-1,,,0,Defasagem leve,0.0
RA-1210,2024,6,17.0,Feminino,2023,8.2302,Topazio,9.585,10.0,7.51,5.5,7.875,8.166,10.0,5.0,6.5,5.0,0,,,0,Adequado,1.0
RA-1211,2023,5,16.0,Feminino,2023,7.09205,Ametista,7.1,9.1,5.0,6.2,7.8125,7.7125,5.0,6.3,4.5,7.8,-1,,,0,Defasagem leve,0.0
RA-1212,2023,5,16.0,Feminino,2023,6.755358333,Agata,8.3,8.9,5.0,4.2,7.65625,7.715,5.0,0.0,3.5,9.0,-1,,,0,Defasagem leve,0.0
RA-1213,2023,5,,Feminino,2023,5.95625,Quartzo,0.0,8.4,2.52,6.0,7.8125,7.715,5.0,6.7,4.8,6.5,-2,,,1,Defasagem moderada/severa,0.0
RA-1214,2023,6,16.0,Masculino,2023,8.378666667,Topazio,9.6,9.8,6.89,7.4,7.5,7.6725,10.0,8.0,5.0,9.3,0,,,0,Adequado,0.0
RA-1214,2024,7,17.0,Masculino,2023,8.5902971362,Topazio,10.0,9.081527348,8.13,8.0,8.28125,7.663333333,10.0,8.0,6.0,10.0,0,,,0,Adequado,1.0
RA-1215,2023,6,16.0,Feminino,2023,6.339466667,Agata,7.1,5.6,5.0,4.1,7.5,7.1725,10.0,5.0,2.7,4.7,0,,,0,Adequado,0.0
RA-1216,2023,6,19.0,Feminino,2023,7.7105,Ametista,9.6,9.0,5.63,7.9,7.5,7.795,5.0,8.7,5.3,9.7,-2,,,1,Defasagem moderada/severa,0.0
RA-1216,2024,8,20.0,Feminino,2023,,,,0.0,,,,,10.0,,,,0,,,0,Adequado,1.0
RA-1217,2023,6,17.0,Feminino,2023,6.064625,Agata,0.0,7.9,5.63,5.9,7.65625,7.38,5.0,7.0,4.0,6.7,-1,,,0,Defasagem leve,0.0
RA-1218,2023,6,17.0,Masculino,2023,6.8265,Agata,7.5,9.2,5.0,5.3,7.5,7.1325,5.0,6.7,3.5,5.7,-1,,,0,Defasagem leve,0.0
RA-1219,2023,6,,Feminino,2023,7.215141667,Ametista,8.8,6.5,5.63,6.3,7.34375,7.38,10.0,7.2,5.5,6.3,0,,,0,Adequado,0.0
RA-122,2022,4,14.0,Feminino,2019,5.061,Quartzo,7.9,3.4,7.5,1.8,,4.958,10.0,1.7,3.7,0.0,0,0.0,0.0,0,Adequado,3.0
RA-1220,2023,6,17.0,Feminino,2023,6.46725,Agata,0.0,9.0,5.0,6.8,7.8125,7.63,5.0,8.8,5.3,6.3,-1,,,0,Defasagem leve,0.0
RA-1220,2024,6,18.0,Feminino,2023,7.143244444466667,Ametista,7.083,8.555555555666666,6.885,7.666666666666667,7.5,6.26,5.0,9.0,7.0,7.0,-1,,,0,Defasagem leve,1.0
RA-1221,2023,7,22.0,Feminino,2023,8.027466667,Topazio,9.2,9.1,6.26,8.7,8.0,8.09,5.0,8.2,8.0,10.0,-1,,,0,Defasagem leve,0.0
RA-1221,2024,8,23.0,Feminino,2023,,,,0.0,,8.0,,,10.0,7.0,7.0,10.0,0,,,0,Adequado,1.0
RA-1222,2023,7,,Feminino,2023,7.026466667,Ametista,7.1,10.0,5.63,6.8,6.875,6.005,5.0,5.0,6.5,9.0,-1,,,0,Defasagem leve,0.0
RA-1223,2023,7,,Masculino,2023,8.187766667,Topazio,8.8,9.3,5.0,9.0,6.875,7.2925,10.0,9.5,8.3,9.3,0,,,0,Adequado,0.0
RA-1224,2023,7,,Masculino,2023,7.5524,Ametista,8.3,9.4,5.0,8.0,7.125,7.6325,5.0,8.2,6.3,9.5,-1,,,0,Defasagem leve,0.0
RA-1224,2024,8,21.0,Masculino,2023,,,,0.0,,,,,10.0,,,,0,,,0,Adequado,1.0
RA-1225,2023,7,18.0,Feminino,2023,,,7.5,,2.52,,,,5.0,,,,-1,,,0,Defasagem leve,0.0
RA-1225,2024,8,19.0,Feminino,2021,,,,0.0,,,,,10.0,,,,0,,,0,Adequado,3.0
RA-1226,2023,7,,Feminino,2023,,,9.2,,7.52,,,,10.0,,,,1,,,0,Adiantado,0.0
RA-1226,2024,7,17.0,Feminino,2021,7.785233333333334,Ametista,8.334,9.0,6.885,6.066666666666666,7.5,7.5,10.0,6.0,6.2,6.0,0,,,0,Adequado,3.0
RA-1227,2023,7,16.0,Feminino,2023,,,9.2,,2.52,,,,10.0,,,,1,,,0,Adiantado,0.0
RA-1227,2024,7,17.0,Feminino,2021,4.8446,Quartzo,8.751,0.0,7.195,0.0,7.5,7.5,10.0,0.0,0.0,0.0,0,,,0,Adequado,3.0
RA-1228,2023,7,17.0,Feminino,2023,,,7.5,,2.52,,,,10.0,,,,0,,,0,Adequado,0.0
RA-1228,2024,7,18.0,Feminino,2021,4.8761,Quartzo,8.751,0.0,7.51,0.0,7.5,7.5,10.0,0.0,0.0,0.0,0,,,0,Adequado,3.0
RA-1229,2023,7,,Feminino,2023,,,8.3,,7.52,,,,10.0,,,,1,,,0,Adiantado,0.0
RA-1229,2024,7,17.0,Feminino,2021,4.8238,Quartzo,9.168,0.0,6.57,0.0,7.5,7.5,10.0,0.0,0.0,0.0,0,,,0,Adequado,3.0
RA-123,2022,4,16.0,Masculino,2017,7.084,Ametista,7.9,8.6,5.6,6.5,,7.292,5.0,7.3,6.3,5.9,-2,0.0,0.0,1,Defasagem moderada/severa,5.0
RA-123,2023,5,17.0,Masculino,2017,6.068333333,Agata,0.0,9.4,5.0,5.7,6.875,6.8375,5.0,5.0,5.3,6.7,-2,,,1,Defasagem moderada/severa,6.0
RA-123,2024,6,18.0,Masculino,2021,6.887248015866668,Agata,7.5,8.412698412666666,5.635,7.166666666666667,6.71875,6.43,5.0,6.5,5.5,9.5,-1,,,0,Defasagem leve,3.0
RA-1230,2023,7,16.0,Feminino,2021,,,0.0,,2.52,,,,10.0,,,,1,,,0,Adiantado,2.0
RA-1230,2024,7,17.0,Feminino,2021,4.7612000000000005,Quartzo,7.917,0.0,7.195,0.0,7.5,7.5,10.0,0.0,0.0,0.0,0,,,0,Adequado,3.0
RA-1231,2023,8,22.0,Masculino,2021,,,,,,,,,10.0,,,,0,,,0,Adequado,2.0
RA-1231,2024,9,23.0,Masculino,2021,,,,0.0,,,,,10.0,,,,1,,,0,Adiantado,3.0
RA-1232,2023,8,21.0,Masculino,2021,,,,,,,,,10.0,,,,0,,,0,Adequado,2.0
RA-1232,2024,9,22.0,Masculino,2021,,,,0.0,,,,,10.0,,,,1,,,0,Adiantado,3.0
RA-1233,2023,8,22.0,Feminino,2021,,,,,,,,,10.0,,,,0,,,0,Adequado,2.0
RA-1233,2024,9,23.0,Feminino,2021,,,,0.0,,,,,10.0,,,,1,,,0,Adiantado,3.0
RA-1234,2023,8,,Feminino,2021,,,,,,,,,10.0,,,,0,,,0,Adequado,2.0
RA-1234,2024,8,21.0,Feminino,2021,,,,0.0,,,,,10.0,,,,0,,,0,Adequado,3.0
RA-1235,2023,8,21.0,Masculino,2021,,,,,,,,,10.0,,,,0,,,0,Adequado,2.0
RA-1235,2024,9,22.0,Masculino,2021,,,,0.0,,,,,10.0,,,,1,,,0,Adiantado,3.0
RA-1236,2023,8,21.0,Feminino,2021,,,,,,,,,10.0,,,,0,,,0,Adequado,2.0
RA-1236,2024,8,22.0,Feminino,2021,,,,0.0,,,,,10.0,,,,0,,,0,Adequado,3.0
RA-1237,2023,8,,Feminino,2021,,,,,,,,,10.0,,,,0,,,0,Adequado,2.0
RA-1237,2024,9,22.0,Feminino,2021,,,,0.0,,,,,10.0,,,,1,,,0,Adiantado,3.0
RA-1238,2023,8,21.0,Feminino,2021,,,,,,,,,10.0,,,,0,,,0,Adequado,2.0
RA-1238,2024,9,22.0,Feminino,2021,,,,0.0,,,,,10.0,,,,1,,,0,Adiantado,3.0
RA-1239,2023,8,,Feminino,2021,,,,,,,,,10.0,,,,0,,,0,Adequado,2.0
RA-1239,2024,8,21.0,Feminino,2021,,,,0.0,,,,,10.0,,,,0,,,0,Adequado,3.0
RA-124,2022,4,14.0,Masculino,2016,7.388,Ametista,7.9,7.8,5.0,6.7,,7.167,10.0,5.7,7.0,7.5,0,0.0,0.0,0,Adequado,6.0
RA-1240,2023,8,20.0,Masculino,2021,,,,,,,,,10.0,,,,0,,,0,Adequado,2.0
RA-1240,2024,8,21.0,Masculino,2021,,,,0.0,,,,,10.0,,,,0,,,0,Adequado,3.0
RA-1241,2023,8,,Feminino,2021,,,,,,,,,10.0,,,,0,,,0,Adequado,2.0
RA-1241,2024,8,21.0,Feminino,2021,,,,0.0,,,,,10.0,,,,0,,,0,Adequado,3.0
RA-1242,2023,8,19.0,Feminino,2021,,,,,,,,,10.0,,,,0,,,0,Adequado,2.0
RA-1242,2024,8,20.0,Feminino,2021,,,,0.0,,,,,10.0,,,,0,,,0,Adequado,3.0
RA-1243,2023,8,,Feminino,2021,,,,,,,,,10.0,,,,0,,,0,Adequado,2.0
RA-1244,2023,8,20.0,Feminino,2021,,,,,,,,,10.0,,,,0,,,0,Adequado,2.0
RA-1244,2024,8,21.0,Feminino,2021,,,,0.0,,,,,10.0,,,,0,,,0,Adequado,3.0
RA-1245,2023,8,,Masculino,2021,,,,,,,,,10.0,,,,0,,,0,Adequado,2.0
RA-1245,2024,8,21.0,Masculino,2021,,,,0.0,,,,,10.0,,,,0,,,0,Adequado,3.0
RA-1246,2023,8,20.0,Feminino,2021,,,,,,,,,10.0,,,,0,,,0,Adequado,2.0
RA-1246,2024,8,21.0,Feminino,2021,,,,0.0,,,,,10.0,,,,0,,,0,Adequado,3.0
RA-1247,2023,8,21.0,Feminino,2021,,,,,,,,,10.0,,,,0,,,0,Adequado,2.0
RA-1248,2023,8,20.0,Masculino,2021,,,,,,,,,10.0,,,,0,,,0,Adequado,2.0
RA-1248,2024,8,21.0,Masculino,2021,,,,0.0,,,,,10.0,,,,0,,,0,Adequado,3.0
RA-1249,2023,8,,Masculino,2021,,,,,,,,,10.0,,,,0,,,0,Adequado,2.0
RA-1249,2024,8,27.0,Masculino,2021,,,,0.0,,,,,10.0,,,,0,,,0,Adequado,3.0
RA-125,2022,4,15.0,Feminino,2022,7.619,Ametista,8.8,8.5,7.5,7.1,,7.75,5.0,5.0,7.2,9.2,-1,0.0,1.0,0,Defasagem leve,0.0
RA-125,2023,5,16.0,Feminino,2022,6.989633333,Agata,9.2,7.7,5.0,5.8,8.125,7.835,5.0,3.3,5.8,8.2,-1,,,0,Defasagem leve,1.0
RA-125,2024,6,17.0,Feminino,2022,6.627079761933334,Agata,8.334,5.6428571430000005,7.51,6.166666666666667,7.34375,7.232,5.0,3.0,7.0,8.5,-1,,,0,Defasagem leve,2.0
RA-1250,2023,8,,Masculino,2021,,,,,,,,,10.0,,,,0,,,0,Adequado,2.0
RA-1250,2024,8,21.0,Masculino,2021,,,,0.0,,,,,10.0,,,,0,,,0,Adequado,3.0
RA-1251,2023,8,20.0,Feminino,2021,,,,,,,,,10.0,,,,0,,,0,Adequado,2.0
RA-1251,2024,8,21.0,Feminino,2021,,,,0.0,,,,,10.0,,,,0,,,0,Adequado,3.0
RA-1252,2023,8,,Feminino,2021,,,,,,,,,10.0,,,,0,,,0,Adequado,2.0
RA-1252,2024,9,22.0,Feminino,2021,,,,0.0,,,,,10.0,,,,1,,,0,Adiantado,3.0
RA-1253,2023,8,23.0,Feminino,2021,,,,,,,,,10.0,,,,0,,,0,Adequado,2.0
RA-1253,2024,8,24.0,Feminino,2021,,,,0.0,,,,,10.0,,,,0,,,0,Adequado,3.0
RA-1254,2023,8,19.0,Masculino,2021,,,,,,,,,10.0,,,,0,,,0,Adequado,2.0
RA-1254,2024,9,20.0,Masculino,2021,,,,0.0,,,,,10.0,,,,1,,,0,Adiantado,3.0
RA-1255,2023,8,,Masculino,2021,,,,,,,,,10.0,,,,0,,,0,Adequado,2.0
RA-1255,2024,8,20.0,Masculino,2021,,,,0.0,,,,,10.0,,,,0,,,0,Adequado,3.0
RA-1256,2023,8,18.0,Feminino,2021,,,,,,,,,10.0,,,,0,,,0,Adequado,2.0
RA-1256,2024,8,19.0,Feminino,2021,,,,0.0,,,,,10.0,,,,0,,,0,Adequado,3.0
RA-1257,2023,8,18.0,Masculino,2021,,,,,,,,,10.0,,,,0,,,0,Adequado,2.0
RA-1257,2024,8,19.0,Masculino,2021,,,,0.0,,,,,10.0,,,,0,,,0,Adequado,3.0
RA-1258,2023,8,24.0,Masculino,2021,,,,,,,,,10.0,,,,0,,,0,Adequado,2.0
RA-1258,2024,9,25.0,Masculino,2021,,,,0.0,,,,,10.0,,,,1,,,0,Adiantado,3.0
RA-1259,2023,8,,Feminino,2021,,,,,,,,,10.0,,,,0,,,0,Adequado,2.0
RA-1259,2024,8,20.0,Feminino,2021,,,,0.0,,,,,10.0,,,,0,,,0,Adequado,3.0
RA-126,2022,4,15.0,Masculino,2018,6.289,Agata,7.1,5.8,7.5,4.4,,7.417,5.0,4.0,5.0,4.2,-1,0.0,1.0,0,Defasagem leve,4.0
RA-1260,2023,8,,Masculino,2021,,,,,,,,,10.0,,,,0,,,0,Adequado,2.0
RA-1260,2024,9,20.0,Masculino,2021,,,,0.0,,,,,10.0,,,,1,,,0,Adiantado,3.0
RA-1261,2023,8,,Feminino,2021,,,,,,,,,10.0,,,,0,,,0,Adequado,2.0
RA-1261,2024,8,20.0,Feminino,2021,,,,0.0,,,,,10.0,,,,0,,,0,Adequado,3.0
RA-1262,2023,8,19.0,Feminino,2021,,,,,,,,,10.0,,,,0,,,0,Adequado,2.0
RA-1262,2024,8,20.0,Feminino,2021,,,,0.0,,,,,10.0,,,,0,,,0,Adequado,3.0
RA-1263,2023,8,,Feminino,2021,,,,,,,,,10.0,,,,0,,,0,Adequado,2.0
RA-1263,2024,8,21.0,Feminino,2021,,,,0.0,,,,,10.0,,,,0,,,0,Adequado,3.0
RA-1264,2023,8,,Feminino,2021,,,,,,,,,10.0,,,,0,,,0,Adequado,2.0
RA-1264,2024,8,21.0,Feminino,2021,,,,0.0,,,,,10.0,,,,0,,,0,Adequado,3.0
RA-1265,2023,8,,Masculino,2022,,,,,,,,,10.0,,,,0,,,0,Adequado,1.0
RA-1265,2024,8,21.0,Masculino,2022,,,,0.0,,,,,10.0,,,,0,,,0,Adequado,2.0
RA-1266,2023,8,,Feminino,2021,,,,,,,,,10.0,,,,0,,,0,Adequado,2.0
RA-1266,2024,9,20.0,Feminino,2021,,,,0.0,,,,,10.0,,,,1,,,0,Adiantado,3.0
RA-1267,2023,8,22.0,Feminino,2021,,,,,,,,,10.0,,,,0,,,0,Adequado,2.0
RA-1267,2024,9,23.0,Feminino,2021,,,,0.0,,,,,10.0,,,,1,,,0,Adiantado,3.0
RA-1268,2023,8,19.0,Masculino,2021,,,,,,,,,10.0,,,,0,,,0,Adequado,2.0
RA-1268,2024,9,20.0,Masculino,2021,,,,0.0,,,,,10.0,,,,1,,,0,Adiantado,3.0
RA-1269,2023,8,18.0,Feminino,2021,,,,,,,,,10.0,,,,0,,,0,Adequado,2.0
RA-1269,2024,8,19.0,Feminino,2021,,,,0.0,,,,,10.0,,,,0,,,0,Adequado,3.0
RA-127,2022,4,14.0,Feminino,2022,8.283,Topazio,7.5,8.7,7.5,7.9,,8.125,10.0,7.7,7.7,8.3,0,0.0,1.0,0,Adequado,0.0
RA-127,2023,5,15.0,Feminino,2022,7.91935,Ametista,8.8,7.8,6.26,6.4,8.4375,8.6725,10.0,4.7,6.3,8.2,0,,,0,Adequado,1.0
RA-127,2024,5,16.0,Feminino,2022,8.5605939394,Topazio,8.751,9.488636363666666,7.51,7.833333333333333,7.625,8.538,10.0,10.0,3.5,10.0,0,,,0,Adequado,2.0
RA-1270,2023,8,19.0,Feminino,2021,,,,,,,,,10.0,,,,0,,,0,Adequado,2.0
RA-1270,2024,8,20.0,Feminino,2021,,,,0.0,,,,,10.0,,,,0,,,0,Adequado,3.0
RA-1271,2023,8,18.0,Feminino,2021,,,,,,,,,10.0,,,,0,,,0,Adequado,2.0
RA-1271,2024,8,19.0,Feminino,2021,,,,0.0,,,,,10.0,,,,0,,,0,Adequado,3.0
RA-1272,2023,8,,Feminino,2021,,,,,,,,,10.0,,,,0,,,0,Adequado,2.0
RA-1272,2024,8,20.0,Feminino,2021,,,,0.0,,,,,10.0,,,,0,,,0,Adequado,3.0
RA-1273,2023,8,17.0,Feminino,2023,,,,,,,,,10.0,,,,1,,,0,Adiantado,0.0
RA-1273,2024,8,18.0,Feminino,2023,,,,0.0,,,,,10.0,,,,0,,,0,Adequado,1.0
RA-1274,2023,8,,Feminino,2021,,,,,,,,,10.0,,,,0,,,0,Adequado,2.0
RA-1274,2024,8,19.0,Feminino,2021,,,,0.0,,,,,10.0,,,,0,,,0,Adequado,3.0
RA-1275,2024,0,8.0,Masculino,2024,7.611366666700001,Ametista,10.0,8.6666666665,6.26,8.0,5.625,5.446666667,10.0,10.0,6.0,,0,,,0,Adequado,0.0
RA-1276,2024,0,8.0,Feminino,2024,8.002866666700001,Topazio,10.0,9.3333333335,3.76,8.0,7.5,7.05,10.0,10.0,6.0,,0,,,0,Adequado,0.0
RA-1277,2024,0,8.0,Masculino,2024,7.952200000100001,Ametista,10.0,9.0833333335,3.76,8.0,7.5,7.046666667,10.0,10.0,6.0,,0,,,0,Adequado,0.0
RA-1278,2024,0,9.0,Masculino,2024,5.444199999900001,Quartzo,9.002,4.1666666665,3.76,7.5,5.0,4.173333333,5.0,8.0,7.0,,-1,,,0,Defasagem leve,0.0
RA-1279,2024,0,9.0,Feminino,2024,8.0822,Topazio,10.0,10.0,6.26,8.25,7.5,7.78,5.0,9.0,7.5,,-1,,,0,Defasagem leve,0.0
RA-128,2022,4,15.0,Masculino,2019,5.563,Quartzo,0.0,6.2,7.5,5.6,,6.167,5.0,6.7,6.8,3.2,-1,0.0,1.0,0,Defasagem leve,3.0
RA-128,2023,5,16.0,Masculino,2019,6.503908333,Agata,6.7,7.3,5.0,5.7,7.34375,7.5475,5.0,6.3,4.0,6.7,-1,,,0,Defasagem leve,4.0
RA-1280,2024,0,9.0,Masculino,2024,8.152624242500002,Topazio,10.0,9.5454545455,6.26,8.5,7.5,8.336666667,5.0,10.0,7.0,,-1,,,0,Defasagem leve,0.0
RA-1281,2024,0,9.0,Feminino,2024,7.982890909100001,Ametista,7.918,9.5454545455,6.26,9.25,7.5,7.78,5.0,10.0,8.5,,-1,,,0,Defasagem leve,0.0
RA-1282,2024,0,9.0,Feminino,2024,7.8769272727000015,Ametista,9.502,8.1136363635,6.26,9.25,7.5,7.89,5.0,10.0,8.5,,-1,,,0,Defasagem leve,0.0
RA-1283,2024,0,10.0,Masculino,2024,8.3033538462,Topazio,10.0,9.230769231,7.51,9.0,7.5,8.28,5.0,10.0,8.0,,-2,,,1,Defasagem moderada/severa,0.0
RA-1284,2024,0,8.0,Feminino,2024,8.3800152174,Topazio,9.002,9.347826087,2.51,10.0,7.8125,7.89,10.0,10.0,10.0,,0,,,0,Adequado,0.0
RA-1285,2024,0,7.0,Feminino,2024,8.156578882000002,Topazio,10.0,8.830227742999998,2.51,8.0,7.5,8.946666667,10.0,8.0,8.0,,0,,,0,Adequado,0.0
RA-1286,2024,0,7.0,Masculino,2024,5.914801966800001,Quartzo,8.002,5.051759834,2.51,7.0,5.3125,4.61,10.0,8.0,6.0,,0,,,0,Adequado,0.0
RA-1287,2024,0,8.0,Feminino,2024,7.619650310500001,Ametista,10.0,9.3064182195,2.51,7.75,8.125,8.223333333,5.0,8.0,7.5,,-1,,,0,Defasagem leve,0.0
RA-1288,2024,0,7.0,Feminino,2024,7.9208899585,Ametista,9.002,7.9813664595,2.51,10.0,7.1875,7.273333333,10.0,10.0,10.0,,0,,,0,Adequado,0.0
RA-1289,2024,0,10.0,Feminino,2024,7.2171722223,Ametista,7.002,9.4444444445,7.51,7.75,5.9375,6.166666667,5.0,9.0,6.5,,-1,,,0,Defasagem leve,0.0
RA-129,2022,4,15.0,Masculino,2019,6.926,Agata,6.7,6.4,7.5,6.7,,7.792,5.0,6.0,5.3,8.7,-1,0.0,1.0,0,Defasagem leve,3.0
RA-1290,2024,0,9.0,Masculino,2024,8.407200000000001,Topazio,10.0,10.0,7.51,8.75,7.5,8.28,5.0,10.0,7.5,,-1,,,0,Defasagem leve,0.0
RA-1291,2024,0,9.0,Masculino,2024,8.079200000000002,Topazio,9.502,9.5,7.51,8.25,7.5,7.89,5.0,10.0,6.5,,-1,,,0,Defasagem leve,0.0
RA-1292,2024,0,9.0,Feminino,2024,6.9031621211,Agata,7.502,4.7727272725,7.51,8.25,7.1875,7.893333333,5.0,10.0,6.5,,-1,,,0,Defasagem leve,0.0
RA-1293,2024,0,9.0,Feminino,2024,8.005023232300001,Topazio,8.002,9.4949494945,7.51,8.5,6.875,8.336666667,5.0,8.5,8.5,,-1,,,0,Defasagem leve,0.0
RA-1294,2024,0,10.0,Masculino,2024,7.9493666666,Ametista,9.502,10.0,7.51,7.75,6.875,7.553333333,5.0,9.0,6.5,,-2,,,1,Defasagem moderada/severa,0.0
RA-1295,2024,0,8.0,Feminino,2024,8.0617454545,Topazio,10.0,9.5227272725,2.51,7.5,7.5,8.28,10.0,7.0,8.0,,0,,,0,Adequado,0.0
RA-1296,2024,0,9.0,Feminino,2024,7.0574222223000005,Ametista,9.002,8.4444444445,2.51,6.5,7.5,8.336666667,5.0,7.5,5.5,,-1,,,0,Defasagem leve,0.0
RA-1297,2024,0,8.0,Masculino,2024,7.620247619000001,Ametista,9.502,9.761904762,2.51,9.25,7.5,6.833333333,5.0,10.0,8.5,,-1,,,0,Defasagem leve,0.0
RA-1298,2024,0,8.0,Masculino,2024,7.577287995300001,Ametista,9.502,6.643356643500001,7.51,6.75,7.1875,7.393333333,10.0,7.0,6.5,,0,,,0,Adequado,0.0
RA-1299,2024,0,10.0,Masculino,2024,7.069727777800001,Ametista,8.502,7.638888889,7.51,6.5,7.1875,7.11,5.0,7.0,6.0,,-2,,,1,Defasagem moderada/severa,0.0
RA-13,2022,7,18.0,Masculino,2016,6.902,Agata,7.9,7.4,7.5,4.7,,8.056,5.0,3.5,5.5,5.2,-1,0.0,1.0,0,Defasagem leve,6.0
RA-13,2023,8,18.0,Masculino,2016,,,,,,,,,10.0,,,,0,,,0,Adequado,7.0
RA-13,2024,8,19.0,Masculino,2021,,,,0.0,,,,,10.0,,,,0,,,0,Adequado,3.0
RA-130,2022,4,16.0,Feminino,2018,5.624,Quartzo,8.3,4.7,5.0,4.1,,6.5,5.0,3.7,5.2,3.5,-2,0.0,0.0,1,Defasagem moderada/severa,4.0
RA-1300,2024,0,8.0,Feminino,2024,7.623866666600001,Ametista,8.502,8.75,2.51,9.0,7.5,8.613333333,5.0,10.0,8.0,,-1,,,0,Defasagem leve,0.0
RA-1301,2024,0,8.0,Masculino,2024,5.6345333333,Quartzo,9.502,2.9166666665000003,2.51,7.0,7.5,6.0,5.0,10.0,4.0,,-1,,,0,Defasagem leve,0.0
RA-1302,2024,0,8.0,Masculino,2024,5.758866666800001,Quartzo,10.0,5.416666667,2.51,4.0,6.25,4.996666667,10.0,4.0,4.0,,0,,,0,Adequado,0.0
RA-1303,2024,0,8.0,Feminino,2024,8.8352,Topazio,10.0,10.0,2.51,10.0,7.5,9.17,10.0,10.0,10.0,,0,,,0,Adequado,0.0
RA-1304,2024,0,10.0,Feminino,2024,7.085119934500001,Ametista,9.002,7.9575163395,8.135,6.0,7.8125,6.493333333,5.0,6.0,6.0,,-2,,,1,Defasagem moderada/severa,0.0
RA-1305,2024,0,10.0,Feminino,2024,6.685221929800001,Agata,8.502,8.710526316,2.51,4.75,7.8125,8.053333333,5.0,2.0,7.5,,-1,,,0,Defasagem leve,0.0
RA-1306,2024,0,8.0,Feminino,2024,8.503033333400001,Topazio,9.002,10.0,8.135,9.75,7.5,7.946666667,5.0,10.0,9.5,,-1,,,0,Defasagem leve,0.0
RA-1307,2024,0,8.0,Masculino,2024,6.5940333333000005,Agata,10.0,5.833333333500001,6.255,5.5,6.25,5.383333333,10.0,7.0,4.0,,0,,,0,Adequado,0.0
RA-1308,2024,0,9.0,Feminino,2024,6.876997101400001,Agata,10.0,7.445652174,7.51,6.0,7.5,5.933333333,5.0,8.0,4.0,,-1,,,0,Defasagem leve,0.0
RA-1309,2024,0,7.0,Feminino,2024,8.379199999899999,Topazio,9.002,9.1666666665,7.51,7.5,7.5,8.223333333,10.0,8.0,7.0,,0,,,0,Adequado,0.0
RA-131,2022,4,15.0,Feminino,2016,7.174,Ametista,8.8,9.0,5.6,5.6,,7.75,5.0,6.0,6.5,4.2,-1,0.0,1.0,0,Defasagem leve,6.0
RA-131,2023,5,16.0,Feminino,2016,5.952358333,Quartzo,8.3,7.8,5.0,2.2,7.65625,6.8,5.0,0.0,3.0,3.5,-1,,,0,Defasagem leve,7.0
RA-131,2024,5,17.0,Feminino,2021,7.263155555633333,Ametista,8.751,9.444444444666667,7.51,5.0,7.708333333,7.386666667,5.0,4.0,5.0,6.0,-2,,,1,Defasagem moderada/severa,3.0
RA-1310,2024,0,7.0,Feminino,2024,8.3907833334,Topazio,8.502,9.375,2.51,10.0,7.8125,8.166666667,10.0,10.0,10.0,,0,,,0,Adequado,0.0
RA-1311,2024,0,8.0,Masculino,2024,6.4118666668,Agata,9.002,9.166666667,2.51,0.0,7.5,8.386666667,10.0,0.0,0.0,,0,,,0,Adequado,0.0
RA-1312,2024,0,9.0,Masculino,2024,7.510200000000001,Ametista,10.0,8.333333333,7.51,6.5,6.25,8.336666667,5.0,8.0,5.0,,-1,,,0,Defasagem leve,0.0
RA-1313,2024,0,8.0,Masculino,2024,8.0155333334,Topazio,9.502,8.125,7.51,6.25,7.5,8.446666667,10.0,4.0,8.5,,0,,,0,Adequado,0.0
RA-1314,2024,0,7.0,Feminino,2024,8.239799999999999,Topazio,7.418,8.541666667,7.51,9.0,7.5,7.443333333,10.0,8.0,10.0,,0,,,0,Adequado,0.0
RA-1315,2024,0,7.0,Masculino,2024,8.3510666667,Topazio,6.834,8.3333333335,7.51,9.0,7.5,8.5,10.0,10.0,8.0,,0,,,0,Adequado,0.0
RA-1316,2024,0,9.0,Feminino,2024,7.59291123,Ametista,9.002,8.20855615,7.51,7.75,7.5,7.5,5.0,9.0,6.5,,-1,,,0,Defasagem leve,0.0
RA-1317,2024,0,9.0,Feminino,2024,7.665638502700001,Ametista,7.502,7.0721925135,7.51,10.0,7.5,7.5,5.0,10.0,10.0,,-1,,,0,Defasagem leve,0.0
RA-1318,2024,0,8.0,Feminino,2024,6.823383155100001,Agata,8.502,7.6871657755000005,7.51,5.0,7.1875,7.33,5.0,4.0,6.0,,-1,,,0,Defasagem leve,0.0
RA-1319,2024,0,9.0,Masculino,2024,7.201526797300001,Ametista,8.502,5.7516339865,7.51,8.5,7.5,7.5,5.0,10.0,7.0,,-1,,,0,Defasagem leve,0.0
RA-132,2022,4,14.0,Feminino,2019,8.355,Topazio,10.0,8.8,5.6,7.7,,8.458,10.0,6.5,7.5,9.1,0,1.0,0.0,0,Adequado,3.0
RA-132,2023,5,15.0,Feminino,2019,7.350625,Ametista,7.5,8.7,2.52,6.5,7.65625,7.715,10.0,6.3,6.5,6.7,0,,,0,Adequado,4.0
RA-132,2024,6,16.0,Feminino,2021,8.4746321428,Topazio,8.334,8.380952380666665,7.51,8.333333333333334,8.59375,8.44,10.0,7.0,8.0,10.0,0,,,0,Adequado,3.0
RA-1320,2024,0,10.0,Masculino,2024,7.8845333333,Ametista,9.002,9.1666666665,7.51,8.25,7.5,7.5,5.0,9.0,7.5,,-1,,,0,Defasagem leve,0.0
RA-1321,2024,0,7.0,Masculino,2024,7.95295,Ametista,9.002,8.875,6.885,8.75,6.5625,5.915,10.0,10.0,7.5,,0,,,0,Adequado,0.0
RA-1322,2024,0,8.0,Feminino,2024,8.47795,Topazio,9.502,9.0,7.51,7.5,8.4375,8.165,10.0,8.5,6.5,,0,,,0,Adequado,0.0
RA-1323,2024,0,9.0,Masculino,2024,7.487366666700001,Ametista,10.0,9.0833333335,7.51,7.0,6.875,6.66,5.0,10.0,4.0,,-1,,,0,Defasagem leve,0.0
RA-1324,2024,0,9.0,Masculino,2024,8.332450000000001,Topazio,10.0,10.0,7.51,8.5,7.8125,8.0,5.0,10.0,7.0,,-1,,,0,Defasagem leve,0.0
RA-1325,2024,0,8.0,Masculino,2024,8.9824954545,Topazio,9.002,9.5227272725,7.51,10.0,8.4375,7.915,10.0,10.0,10.0,,0,,,0,Adequado,0.0
RA-1326,2024,0,8.0,Feminino,2024,7.6397833333,Ametista,9.002,9.2916666665,7.51,4.5,7.8125,7.245,10.0,0.0,9.0,,0,,,0,Adequado,0.0
RA-1327,2024,0,7.0,Feminino,2024,8.264116666700001,Topazio,9.002,9.3333333335,7.51,7.5,7.8125,7.325,10.0,10.0,5.0,,0,,,0,Adequado,0.0
RA-1328,2024,0,8.0,Feminino,2024,8.0588666667,Topazio,8.502,8.2083333335,7.51,10.0,7.5,7.83,5.0,10.0,10.0,,-1,,,0,Defasagem leve,0.0
RA-1329,2024,0,8.0,Masculino,2024,7.98945,Ametista,9.502,10.0,7.51,6.5,6.5625,6.66,10.0,10.0,3.0,,0,,,0,Adequado,0.0
RA-133,2022,4,15.0,Feminino,2016,6.875,Agata,7.9,7.1,7.5,5.6,,7.625,5.0,4.7,7.2,5.0,-1,0.0,0.0,0,Defasagem leve,6.0
RA-133,2023,5,16.0,Feminino,2016,6.168416667,Agata,7.5,7.9,2.52,5.3,7.1875,6.505,5.0,5.0,4.3,6.7,-1,,,0,Defasagem leve,7.0
RA-1330,2024,0,8.0,Feminino,2024,8.944616666700002,Topazio,10.0,9.3333333335,7.51,9.5,8.4375,7.915,10.0,10.0,9.0,,0,,,0,Adequado,0.0
RA-1331,2024,0,7.0,Feminino,2024,7.8522833333,Ametista,9.002,7.291666666499999,7.51,7.25,8.4375,7.245,10.0,8.0,6.5,,0,,,0,Adequado,0.0
RA-1332,2024,0,10.0,Masculino,2024,8.1040529412,Topazio,8.502,9.411764706,7.51,8.25,9.375,7.665,5.0,10.0,6.5,,-2,,,1,Defasagem moderada/severa,0.0
RA-1333,2024,0,9.0,Masculino,2024,8.213199999999999,Topazio,7.502,10.0,6.255,9.25,9.375,7.75,5.0,10.0,8.5,,-1,,,0,Defasagem leve,0.0
RA-1334,2024,0,9.0,Masculino,2024,8.350200000000001,Topazio,10.0,10.0,5.625,9.0,9.375,7.75,5.0,10.0,8.0,,-1,,,0,Defasagem leve,0.0
RA-1335,2024,0,10.0,Masculino,2024,8.3217,Topazio,9.002,9.75,7.51,8.75,9.375,7.665,5.0,10.0,7.5,,-2,,,1,Defasagem moderada/severa,0.0
RA-1336,2024,0,8.0,Feminino,2024,7.141365631500001,Ametista,9.502,6.2008281575,2.51,9.5,7.5,7.75,5.0,10.0,9.0,,-1,,,0,Defasagem leve,0.0
RA-1337,2024,0,10.0,Masculino,2024,6.015144444400001,Agata,8.002,4.722222222,7.51,6.0,6.875,5.66,5.0,6.0,6.0,,-2,,,1,Defasagem moderada/severa,0.0
RA-1338,2024,0,8.0,Masculino,2024,6.1368428571,Agata,8.002,8.6607142855,7.51,3.0,6.875,5.33,5.0,2.0,4.0,,-1,,,0,Defasagem leve,0.0
RA-1339,2024,0,8.0,Feminino,2024,7.3547,Ametista,8.502,10.0,6.885,8.75,5.0,5.33,5.0,10.0,7.5,,-1,,,0,Defasagem leve,0.0
RA-134,2022,4,15.0,Feminino,2021,6.607,Agata,8.8,6.8,7.5,4.7,,7.375,5.0,4.7,6.8,2.5,-1,0.0,1.0,0,Defasagem leve,1.0
RA-1340,2024,0,8.0,Feminino,2024,8.3422714286,Topazio,9.502,8.392857143,7.51,10.0,5.625,7.0,10.0,10.0,10.0,,0,,,0,Adequado,0.0
RA-1341,2024,0,9.0,Masculino,2024,7.862906349200001,Ametista,10.0,9.246031746,7.51,10.0,5.625,6.0,5.0,10.0,10.0,,-1,,,0,Defasagem leve,0.0
RA-1342,2024,0,8.0,Masculino,2024,7.8185809524,Ametista,9.502,9.761904762,7.51,9.0,7.5,5.575,5.0,10.0,8.0,,-1,,,0,Defasagem leve,0.0
RA-1343,2024,0,7.0,Feminino,2024,8.8262,Topazio,8.002,10.0,7.51,9.75,6.25,8.5,10.0,10.0,9.5,,0,,,0,Adequado,0.0
RA-1344,2024,0,8.0,Feminino,2024,9.3612,Topazio,8.502,10.0,7.51,10.0,8.75,9.425,10.0,10.0,10.0,,0,,,0,Adequado,0.0
RA-1345,2024,0,9.0,Masculino,2023,7.2340128655,Ametista,8.502,9.4590643275,7.51,6.25,6.25,6.83,5.0,6.0,6.5,,-1,,,0,Defasagem leve,1.0
RA-1346,2024,0,8.0,Masculino,2024,7.3701047619,Ametista,9.502,8.0595238095,7.51,5.5,6.25,6.66,10.0,5.0,6.0,,0,,,0,Adequado,0.0
RA-1347,2024,0,9.0,Masculino,2024,6.153842857100001,Agata,8.502,8.7857142855,2.51,5.0,5.625,6.165,5.0,5.0,5.0,,-1,,,0,Defasagem leve,0.0
RA-1348,2024,0,8.0,Masculino,2024,7.9604662539,Ametista,7.502,8.5913312695,7.51,9.0,8.75,7.83,5.0,10.0,8.0,,-1,,,0,Defasagem leve,0.0
RA-1349,2024,0,10.0,Masculino,2024,7.855727777800001,Ametista,8.002,8.388888889,7.51,8.5,8.4375,7.915,5.0,10.0,7.0,,-1,,,0,Defasagem leve,0.0
RA-135,2022,4,15.0,Feminino,2019,7.692,Ametista,8.3,7.8,5.6,8.6,,8.583,5.0,8.0,8.2,9.5,-1,1.0,1.0,0,Defasagem leve,3.0
RA-1350,2024,0,10.0,Feminino,2024,8.335450000000002,Topazio,8.502,10.0,8.755,8.5,8.4375,7.83,5.0,10.0,7.0,,-2,,,1,Defasagem moderada/severa,0.0
RA-1351,2024,0,9.0,Masculino,2024,8.1861038462,Topazio,9.002,9.230769231,8.13,8.75,8.4375,7.665,5.0,10.0,7.5,,-1,,,0,Defasagem leve,0.0
RA-1352,2024,0,9.0,Masculino,2024,8.289950000000001,Topazio,10.0,9.5,8.13,8.5,8.4375,7.665,5.0,8.0,9.0,,-1,,,0,Defasagem leve,0.0
RA-1353,2024,0,10.0,Feminino,2024,6.454700000000001,Agata,8.002,9.5,7.51,3.0,6.875,6.08,5.0,3.5,2.5,,-1,,,0,Defasagem leve,0.0
RA-1354,2024,0,10.0,Feminino,2024,7.353427272700001,Ametista,9.502,8.3636363635,7.51,6.0,8.125,7.335,5.0,6.5,5.5,,-1,,,0,Defasagem leve,0.0
RA-1355,2024,0,10.0,Masculino,2024,7.202245454500001,Ametista,10.0,6.5227272725,7.51,7.0,8.125,7.17,5.0,8.0,6.0,,-1,,,0,Defasagem leve,0.0
RA-1356,2024,0,8.0,Feminino,2024,7.8695888889,Ametista,9.002,9.4444444445,7.51,5.5,8.125,7.085,10.0,5.5,5.5,,0,,,0,Adequado,0.0
RA-1357,2024,0,9.0,Masculino,2024,7.1807,Ametista,8.002,7.5,7.51,6.75,8.125,7.335,5.0,8.0,5.5,,-1,,,0,Defasagem leve,0.0
RA-1358,2024,0,7.0,Feminino,2024,6.552990476200001,Agata,9.168,7.380952381,5.01,4.0,6.25,6.17,10.0,4.0,4.0,,0,,,0,Adequado,0.0
RA-1359,2024,0,7.0,Feminino,2024,7.2102,Ametista,8.502,9.0,5.635,6.0,5.625,6.17,10.0,4.0,8.0,,0,,,0,Adequado,0.0
RA-136,2022,4,15.0,Masculino,2019,6.478,Agata,10.0,6.3,7.5,4.6,,6.667,5.0,5.3,5.7,2.8,-1,0.0,0.0,0,Defasagem leve,3.0
RA-1360,2024,0,8.0,Masculino,2024,6.8480623189,Agata,8.502,7.0018115945,7.51,5.0,5.625,6.42,10.0,0.0,10.0,,0,,,0,Adequado,0.0
RA-1361,2024,0,8.0,Feminino,2024,8.738700000000001,Topazio,9.502,9.375,5.635,10.0,7.5,8.0,10.0,10.0,10.0,,0,,,0,Adequado,0.0
RA-1362,2024,0,7.0,Masculino,2024,7.709200000000001,Ametista,10.0,6.875,5.635,8.5,6.875,6.915,10.0,8.0,9.0,,0,,,0,Adequado,0.0
RA-1363,2024,0,7.0,Feminino,2024,7.690800000000001,Ametista,7.418,10.0,5.635,6.5,6.875,6.99,10.0,6.5,6.5,,0,,,0,Adequado,0.0
RA-1364,2024,0,9.0,Masculino,2024,7.570033333300001,Ametista,8.002,8.4166666665,7.51,8.75,6.875,6.99,5.0,9.5,8.0,,-1,,,0,Defasagem leve,0.0
RA-1365,2024,0,9.0,Masculino,2024,7.3700333333,Ametista,9.002,9.7916666665,6.26,6.5,6.875,6.99,5.0,5.5,7.5,,-1,,,0,Defasagem leve,0.0
RA-1366,2024,0,8.0,Feminino,2024,6.919852173900001,Agata,9.002,6.6032608695,7.51,6.5,7.5,6.99,5.0,6.5,6.5,,-1,,,0,Defasagem leve,0.0
RA-1367,2024,0,8.0,Feminino,2024,8.427286956500001,Topazio,10.0,8.3804347825,7.51,8.75,7.5,7.5,10.0,9.0,8.5,,0,,,0,Adequado,0.0
RA-1368,2024,0,8.0,Masculino,2024,8.6012,Topazio,7.002,10.0,7.51,9.5,7.5,7.5,10.0,10.0,9.0,,0,,,0,Adequado,0.0
RA-1369,2024,0,7.0,Feminino,2024,8.052286956500001,Topazio,8.502,8.6304347825,6.26,8.0,7.5,7.5,10.0,8.0,8.0,,0,,,0,Adequado,0.0
RA-137,2022,4,17.0,Feminino,2016,7.056,Ametista,7.5,8.9,5.0,7.3,,7.792,2.5,6.0,7.3,8.5,-3,0.0,0.0,1,Defasagem moderada/severa,6.0
RA-137,2023,5,17.0,Feminino,2016,5.937025,Quartzo,7.1,6.3,2.52,6.0,6.40625,6.88,5.0,7.3,4.5,6.2,-2,,,1,Defasagem moderada/severa,7.0
RA-137,2024,5,18.0,Feminino,2021,6.576761183366667,Agata,9.585,7.582972583,5.005,6.833333333333333,4.791666667,6.276666667,5.0,2.0,8.5,10.0,-2,,,1,Defasagem moderada/severa,3.0
RA-1370,2024,0,9.0,Masculino,2024,8.0456444444,Topazio,10.0,8.722222222,7.51,9.0,7.5,7.5,5.0,10.0,8.0,,-1,,,0,Defasagem leve,0.0
RA-1371,2024,0,11.0,Feminino,2024,6.4843521739,Agata,7.502,6.9782608695,7.51,4.5,6.875,7.5,5.0,3.0,6.0,,-1,,,0,Defasagem leve,0.0
RA-1372,2024,0,8.0,Feminino,2024,7.9632,Ametista,9.502,10.0,8.13,4.75,7.5,7.5,10.0,3.0,6.5,,0,,,0,Adequado,0.0
RA-1373,2024,0,9.0,Feminino,2024,7.577286956500001,Ametista,9.502,8.8804347825,7.51,6.75,7.5,7.5,5.0,6.0,7.5,,-1,,,0,Defasagem leve,0.0
RA-1374,2024,0,9.0,Masculino,2024,7.3707652174,Ametista,9.502,9.347826087,7.51,5.25,7.5,7.5,5.0,5.0,5.5,,-1,,,0,Defasagem leve,0.0
RA-1375,2024,0,9.0,Masculino,2024,8.101200000000002,Topazio,9.502,10.0,7.51,8.25,7.5,7.5,5.0,10.0,6.5,,-1,,,0,Defasagem leve,0.0
RA-1376,2024,0,9.0,Masculino,2024,8.2742769231,Topazio,9.002,9.6153846155,7.51,9.75,7.5,7.5,5.0,10.0,9.5,,-1,,,0,Defasagem leve,0.0
RA-1377,2024,0,8.0,Masculino,2024,7.8987,Ametista,9.002,10.0,8.13,5.5,6.875,6.99,10.0,5.0,6.0,,0,,,0,Adequado,0.0
RA-1378,2024,0,10.0,Feminino,2024,7.6703428571,Ametista,9.002,9.2857142855,8.13,6.75,7.5,7.5,5.0,7.5,6.0,,-1,,,0,Defasagem leve,0.0
RA-1379,2024,0,8.0,Masculino,2024,6.638292105300001,Agata,9.502,8.6842105265,3.755,7.25,5.9375,5.16,5.0,8.5,6.0,,-1,,,0,Defasagem leve,0.0
RA-138,2022,4,15.0,Masculino,2016,6.738,Agata,9.6,8.0,5.6,5.6,,6.375,5.0,5.0,6.5,5.2,-1,0.0,1.0,0,Defasagem leve,6.0
RA-138,2023,4,16.0,Masculino,2016,6.784075,Agata,10.0,7.9,6.26,4.3,7.34375,7.4175,5.0,4.0,3.7,5.2,-2,,,1,Defasagem moderada/severa,7.0
RA-138,2024,5,17.0,Masculino,2021,7.3860274169,Ametista,9.585,8.751803751666666,7.51,5.833333333333333,7.708333333,7.443333333,5.0,7.5,5.0,5.0,-2,,,1,Defasagem moderada/severa,3.0
RA-1380,2024,0,8.0,Masculino,2024,7.964342230600001,Ametista,9.502,8.784461152999999,4.385,8.0,7.1875,7.5,10.0,10.0,6.0,,0,,,0,Adequado,0.0
RA-1381,2024,0,8.0,Feminino,2024,9.038200000000002,Topazio,9.502,10.0,8.13,9.5,8.75,7.5,10.0,10.0,9.0,,0,,,0,Adequado,0.0
RA-1382,2024,0,9.0,Feminino,2024,7.834830952400001,Ametista,8.502,9.761904762,7.51,7.5,7.8125,7.5,5.0,8.0,7.0,,-1,,,0,Defasagem leve,0.0
RA-1383,2024,0,8.0,Feminino,2024,8.3720803259,Topazio,8.502,9.2606516295,7.51,8.5,7.1875,7.5,10.0,10.0,7.0,,0,,,0,Adequado,0.0
RA-1384,2024,0,10.0,Masculino,2024,6.221984461100001,Agata,8.002,7.5689223055,7.51,5.0,6.25,5.16,5.0,5.0,5.0,,-2,,,1,Defasagem moderada/severa,0.0
RA-1385,2024,0,8.0,Masculino,2024,7.7262,Ametista,10.0,10.0,4.385,8.0,6.875,7.5,5.0,9.0,7.0,,-1,,,0,Defasagem leve,0.0
RA-1386,2024,0,8.0,Feminino,2024,7.803580952400001,Ametista,9.002,9.761904762,7.51,7.25,7.5,7.5,5.0,8.5,6.0,,-1,,,0,Defasagem leve,0.0
RA-1387,2024,0,8.0,Feminino,2024,7.8030796992,Ametista,9.502,8.759398496,7.51,8.0,7.5,7.5,5.0,9.0,7.0,,-1,,,0,Defasagem leve,0.0
RA-1388,2024,0,8.0,Feminino,2024,7.015057142799999,Ametista,9.002,8.214285713999999,6.88,5.0,7.5,7.67,5.0,4.0,6.0,,-1,,,0,Defasagem leve,0.0
RA-1389,2024,0,7.0,Feminino,2024,8.980533333299999,Topazio,9.002,9.7916666665,6.88,10.0,7.5,8.42,10.0,10.0,10.0,,0,,,0,Adequado,0.0
RA-139,2022,4,17.0,Masculino,2019,3.738,Quartzo,7.1,3.5,5.0,1.4,,3.917,2.5,1.7,2.7,0.0,-3,0.0,0.0,1,Defasagem moderada/severa,3.0
RA-1390,2024,0,7.0,Feminino,2024,8.4930333333,Topazio,9.502,9.7916666665,5.005,8.25,7.5,8.42,10.0,8.0,8.5,,0,,,0,Adequado,0.0
RA-1391,2024,0,7.0,Masculino,2024,8.8435333333,Topazio,8.502,9.2916666665,7.51,10.0,7.5,8.17,10.0,10.0,10.0,,0,,,0,Adequado,0.0
RA-1392,2024,0,9.0,Masculino,2024,5.4262,Quartzo,9.002,5.625,7.51,0.0,7.5,7.0,5.0,0.0,0.0,,-1,,,0,Defasagem leve,0.0
RA-1393,2024,0,7.0,Feminino,2024,7.2597,Ametista,9.502,7.5,3.755,5.0,7.5,8.42,10.0,10.0,0.0,,0,,,0,Adequado,0.0
RA-1394,2024,1,10.0,Feminino,2024,7.503255555500002,Ametista,9.502,8.6944444445,7.51,5.75,8.125,8.003333333,5.0,5.5,6.0,,-1,,,0,Defasagem leve,0.0
RA-1395,2024,1,9.0,Feminino,2024,8.5997833334,Topazio,9.502,10.0,7.51,7.75,7.8125,7.836666667,10.0,7.5,8.0,,0,,,0,Adequado,0.0
RA-1396,2024,1,11.0,Feminino,2024,7.8477,Ametista,9.502,10.0,7.51,6.5,8.125,7.67,5.0,6.0,7.0,,-1,,,0,Defasagem leve,0.0
RA-1397,2024,1,10.0,Feminino,2024,7.8280333334,Ametista,9.002,10.0,6.26,7.0,8.125,7.946666667,5.0,7.0,7.0,,-1,,,0,Defasagem leve,0.0
RA-1398,2024,1,11.0,Feminino,2024,7.989700527000001,Ametista,6.918,9.555335968,7.51,8.0,8.125,8.616666667,5.0,8.0,8.0,,-1,,,0,Defasagem leve,0.0
RA-1399,2024,1,11.0,Feminino,2024,7.438578787899999,Ametista,9.002,9.7727272725,5.005,6.0,7.5,8.166666667,5.0,6.0,6.0,,-1,,,0,Defasagem leve,0.0
RA-14,2022,7,21.0,Masculino,2022,6.793,Agata,7.9,8.3,7.5,4.0,,7.75,5.0,8.0,0.0,,-1,0.0,1.0,0,Defasagem leve,0.0
RA-14,2023,8,21.0,Masculino,2022,,,,,,,,,10.0,,,,0,,,0,Adequado,1.0
RA-14,2024,8,22.0,Masculino,2022,,,,0.0,,,,,10.0,,,,0,,,0,Adequado,2.0
RA-140,2022,4,14.0,Feminino,2021,7.407,Ametista,7.9,7.6,6.9,5.7,,7.667,10.0,5.0,6.5,5.6,0,0.0,1.0,0,Adequado,1.0
RA-1400,2024,1,9.0,Masculino,2024,7.622839525700001,Ametista,8.418,6.6501976285,7.51,7.25,7.5,7.5,10.0,6.5,8.0,,0,,,0,Adequado,0.0
RA-1401,2024,1,13.0,Masculino,2024,8.1188277778,Topazio,6.918,8.888888889,7.51,10.0,7.8125,8.085,5.0,10.0,10.0,,-2,,,1,Defasagem moderada/severa,0.0
RA-1402,2024,1,10.0,Feminino,2024,8.588040909100002,Topazio,10.0,9.5454545455,7.51,7.25,8.4375,8.17,10.0,7.0,7.5,,0,,,0,Adequado,0.0
RA-1403,2024,1,11.0,Feminino,2024,8.257421861500001,Topazio,9.002,9.3073593075,7.51,8.75,8.4375,8.255,5.0,7.5,10.0,,-1,,,0,Defasagem leve,0.0
RA-1404,2024,1,9.0,Feminino,2024,8.3971318182,Topazio,8.502,9.090909091,7.51,7.5,8.4375,8.17,10.0,6.0,9.0,,0,,,0,Adequado,0.0
RA-1405,2024,1,10.0,Feminino,2024,8.4749727273,Topazio,8.002,8.6363636365,7.51,8.75,8.125,8.17,10.0,8.0,9.5,,0,,,0,Adequado,0.0
RA-1406,2024,1,10.0,Feminino,2024,7.8186772727,Ametista,8.002,8.8636363635,7.51,7.5,8.4375,8.255,5.0,5.5,9.5,,-1,,,0,Defasagem leve,0.0
RA-1407,2024,1,10.0,Masculino,2024,7.546086363600001,Ametista,10.0,9.318181818,7.51,5.75,7.8125,7.5,5.0,5.5,6.0,,-1,,,0,Defasagem leve,0.0
RA-1408,2024,1,11.0,Masculino,2024,7.626768181800001,Ametista,10.0,8.409090909,7.51,6.75,8.4375,7.5,5.0,5.5,8.0,,-1,,,0,Defasagem leve,0.0
RA-1409,2024,1,10.0,Masculino,2024,7.863131818100001,Ametista,10.0,9.0909090905,7.51,7.25,8.4375,7.5,5.0,7.5,7.0,,-1,,,0,Defasagem leve,0.0
RA-141,2022,4,14.0,Masculino,2017,7.118,Ametista,9.2,8.2,5.6,5.7,,5.917,10.0,5.8,6.2,5.0,0,0.0,0.0,0,Adequado,5.0
RA-141,2023,4,15.0,Masculino,2017,6.719791667,Agata,9.6,8.4,5.63,4.5,7.03125,7.0425,5.0,6.0,5.3,2.3,-1,,,0,Defasagem leve,6.0
RA-1410,2024,1,11.0,Masculino,2024,7.5319272727,Ametista,9.002,8.1136363635,7.51,6.25,8.75,8.165,5.0,6.5,6.0,,-1,,,0,Defasagem leve,0.0
RA-1411,2024,1,11.0,Masculino,2024,6.886950000000001,Agata,9.002,9.5,6.26,2.75,8.4375,7.835,5.0,5.5,0.0,,-1,,,0,Defasagem leve,0.0
RA-1412,2024,1,10.0,Masculino,2024,9.2046718615,Topazio,10.0,9.3073593075,7.51,9.75,8.75,8.835,10.0,10.0,9.5,,0,,,0,Adequado,0.0
RA-1413,2024,1,12.0,Masculino,2024,7.747564718600001,Ametista,9.002,8.593073593,7.51,7.25,8.4375,7.92,5.0,7.5,7.0,,-2,,,1,Defasagem moderada/severa,0.0
RA-1414,2024,1,10.0,Feminino,2024,8.840007359300001,Topazio,9.502,9.2965367965,6.885,8.5,8.75,8.835,10.0,10.0,7.0,,0,,,0,Adequado,0.0
RA-1415,2024,1,10.0,Feminino,2024,7.3712454546,Ametista,8.002,9.7727272725,6.26,6.75,7.291666667,7.056666667,5.0,6.5,7.0,,-1,,,0,Defasagem leve,0.0
RA-1416,2024,1,12.0,Feminino,2024,7.375503030400001,Ametista,8.502,8.2765151515,7.51,7.75,7.916666667,6.386666667,5.0,6.5,9.0,,-1,,,0,Defasagem leve,0.0
RA-1417,2024,1,10.0,Masculino,2024,7.7436242424,Ametista,9.002,9.337121212,7.51,9.0,6.25,6.5,5.0,10.0,8.0,,-1,,,0,Defasagem leve,0.0
RA-1418,2024,1,11.0,Masculino,2024,7.7352909091000015,Ametista,8.502,9.128787879,7.51,8.25,7.916666667,6.833333333,5.0,8.5,8.0,,-1,,,0,Defasagem leve,0.0
RA-1419,2024,1,10.0,Feminino,2024,8.7536999999,Topazio,8.502,10.0,7.51,7.5,8.958333333,8.783333333,10.0,6.0,9.0,,0,,,0,Adequado,0.0
RA-142,2022,4,14.0,Feminino,2021,7.457,Ametista,6.7,8.6,5.6,6.3,,7.583,10.0,6.0,6.8,6.0,0,0.0,0.0,0,Adequado,1.0
RA-1420,2024,1,12.0,Masculino,2024,5.6558,Quartzo,7.918,5.520833333500001,6.26,4.5,6.458333333,5.44,5.0,5.0,4.0,,-2,,,1,Defasagem moderada/severa,0.0
RA-1421,2024,1,11.0,Masculino,2024,7.126922222200001,Ametista,9.002,6.777777778,7.51,7.5,6.875,7.163333333,5.0,8.0,7.0,,-1,,,0,Defasagem leve,0.0
RA-1422,2024,1,11.0,Feminino,2024,7.0132,Ametista,9.502,7.5,7.51,4.75,8.125,7.7475,5.0,0.0,9.5,,-1,,,0,Defasagem leve,0.0
RA-1423,2024,1,11.0,Masculino,2024,6.403450000000001,Agata,8.502,5.3125,7.51,5.75,7.8125,6.5425,5.0,4.0,7.5,,-1,,,0,Defasagem leve,0.0
RA-1424,2024,1,12.0,Feminino,2024,7.5543388889,Ametista,9.002,8.9444444445,7.51,7.25,7.8125,6.915,5.0,7.5,7.0,,-1,,,0,Defasagem leve,0.0
RA-1425,2024,1,12.0,Masculino,2024,6.8290988095000005,Agata,9.002,6.7976190475,7.51,7.0,7.34375,5.92,5.0,6.0,8.0,,-1,,,0,Defasagem leve,0.0
RA-1426,2024,1,11.0,Feminino,2023,5.8367476190000005,Quartzo,9.502,5.845238095,7.51,2.75,7.5,5.8325,5.0,5.5,0.0,,-1,,,0,Defasagem leve,1.0
RA-1427,2024,1,11.0,Feminino,2024,8.425325,Topazio,9.502,10.0,7.51,8.0,8.90625,8.6675,5.0,6.5,9.5,,-1,,,0,Defasagem leve,0.0
RA-1428,2024,1,10.0,Masculino,2024,8.006108496800001,Topazio,8.502,8.8562091505,7.51,8.0,9.166666667,8.085,5.0,7.0,9.0,,-1,,,0,Defasagem leve,0.0
RA-1429,2024,1,11.0,Masculino,2024,8.041811111100001,Topazio,9.502,8.888888889,7.51,7.75,8.958333333,8.085,5.0,8.5,7.0,,-1,,,0,Defasagem leve,0.0
RA-143,2022,4,13.0,Masculino,2019,8.638,Topazio,8.3,9.9,5.6,7.9,,9.5,10.0,9.7,7.7,6.4,1,1.0,0.0,0,Adiantado,3.0
RA-143,2023,5,,Masculino,2019,7.794358333,Ametista,8.3,9.6,2.52,6.5,8.28125,8.3375,10.0,9.2,5.0,5.2,1,,,0,Adiantado,4.0
RA-143,2024,7,15.0,Masculino,2021,7.449366666666667,Ametista,10.0,9.92,6.885,2.6333333333333333,7.5,7.5,10.0,0.0,0.0,7.9,2,,,0,Adiantado,3.0
RA-1430,2024,1,11.0,Masculino,2024,7.864033333300001,Ametista,8.502,10.0,7.51,6.25,8.958333333,8.085,5.0,6.0,6.5,,-1,,,0,Defasagem leve,0.0
RA-1431,2024,1,11.0,Feminino,2024,7.9147292443,Ametista,9.002,7.7432712215,7.51,8.0,7.96875,9.09,5.0,8.0,8.0,,-1,,,0,Defasagem leve,0.0
RA-1432,2024,1,10.0,Feminino,2024,8.774075000000002,Topazio,10.0,10.0,7.51,9.5,9.21875,8.505,5.0,10.0,9.0,,-1,,,0,Defasagem leve,0.0
RA-1433,2024,1,10.0,Feminino,2024,8.1939895962,Topazio,8.502,9.068322981,7.51,8.75,8.28125,8.505,5.0,8.0,9.5,,-1,,,0,Defasagem leve,0.0
RA-1434,2024,1,10.0,Masculino,2024,8.2775982919,Topazio,8.502,7.9813664595,6.26,9.0,9.53125,9.76,5.0,10.0,8.0,,-1,,,0,Defasagem leve,0.0
RA-1435,2024,1,10.0,Masculino,2024,7.7196166667,Ametista,9.502,7.833333333500001,7.51,7.5,7.1875,6.165,10.0,7.5,7.5,,0,,,0,Adequado,0.0
RA-1436,2024,1,11.0,Feminino,2024,7.589914648100001,Ametista,7.418,8.674948240500001,7.51,8.0,8.28125,7.17,5.0,8.0,8.0,,-1,,,0,Defasagem leve,0.0
RA-1437,2024,1,11.0,Feminino,2024,7.982890217400001,Ametista,8.502,9.347826087,7.51,8.0,8.28125,7.92,5.0,8.0,8.0,,-1,,,0,Defasagem leve,0.0
RA-1438,2024,1,10.0,Feminino,2024,8.176825000000001,Topazio,10.0,9.0,7.51,7.0,8.90625,9.175,5.0,6.0,8.0,,-1,,,0,Defasagem leve,0.0
RA-1439,2024,1,11.0,Feminino,2024,8.507700000000002,Topazio,7.502,10.0,7.51,8.5,9.375,9.345,5.0,9.0,8.0,,-1,,,0,Defasagem leve,0.0
RA-144,2022,4,14.0,Feminino,2017,8.181,Topazio,7.5,9.3,5.0,7.9,,8.292,10.0,7.5,7.2,9.0,0,0.0,0.0,0,Adequado,5.0
RA-144,2023,5,14.0,Feminino,2017,4.990333333,Quartzo,0.0,5.2,2.52,4.4,6.25,6.0,10.0,3.3,2.5,7.3,1,,,0,Adiantado,6.0
RA-1440,2024,1,10.0,Feminino,2024,7.469102691500001,Ametista,9.002,9.544513457499999,7.51,4.5,8.75,8.17,5.0,9.0,0.0,,-1,,,0,Defasagem leve,0.0
RA-1441,2024,1,9.0,Masculino,2024,8.961646169800002,Topazio,9.502,9.109730849,7.51,8.5,9.375,9.005,10.0,9.0,8.0,,0,,,0,Adequado,0.0
RA-1442,2024,1,13.0,Masculino,2024,7.135189648100001,Ametista,8.002,8.674948240500001,7.51,7.25,7.5,5.745,5.0,8.5,6.0,,-2,,,1,Defasagem moderada/severa,0.0
RA-1443,2024,1,13.0,Feminino,2024,6.921633333300001,Agata,6.918,7.5,6.26,6.75,7.708333333,7.415,5.0,6.5,7.0,,-2,,,1,Defasagem moderada/severa,0.0
RA-1444,2024,1,11.0,Masculino,2024,6.610588888900001,Agata,8.502,5.277777778,7.51,6.0,7.708333333,7.415,5.0,8.0,4.0,,-1,,,0,Defasagem leve,0.0
RA-1445,2024,1,10.0,Feminino,2024,7.842866666700001,Ametista,9.502,9.5,7.51,7.25,7.916666667,7.5,5.0,6.5,8.0,,-1,,,0,Defasagem leve,0.0
RA-1446,2024,1,9.0,Masculino,2024,5.9004061924,Quartzo,8.002,6.6501976285,6.26,0.0,7.291666667,7.075,10.0,0.0,0.0,,0,,,0,Adequado,0.0
RA-1447,2024,1,11.0,Feminino,2024,7.5402350878,Ametista,9.502,9.7368421055,7.51,5.25,7.916666667,7.75,5.0,6.5,4.0,,-1,,,0,Defasagem leve,0.0
RA-1448,2024,1,13.0,Feminino,2024,7.466126406900001,Ametista,9.002,9.5346320345,7.51,6.0,7.5,7.29,5.0,6.0,6.0,,-2,,,1,Defasagem moderada/severa,0.0
RA-1449,2024,1,10.0,Feminino,2024,7.214341666700001,Ametista,7.418,8.3333333335,7.51,6.75,7.96875,7.04,5.0,6.5,7.0,,-1,,,0,Defasagem leve,0.0
RA-145,2022,4,16.0,Masculino,2017,5.846,Quartzo,0.0,6.3,8.1,5.2,,7.25,5.0,3.0,4.8,7.8,-2,0.0,1.0,1,Defasagem moderada/severa,5.0
RA-145,2023,4,17.0,Masculino,2017,,,7.9,9.0,,6.2,7.96875,7.4625,2.5,5.3,6.0,7.2,-3,,,1,Defasagem moderada/severa,6.0
RA-1450,2024,1,9.0,Masculino,2024,7.405235714200002,Ametista,9.502,8.571428571,7.51,3.5,7.8125,7.5425,10.0,0.0,7.0,,0,,,0,Adequado,0.0
RA-1451,2024,1,11.0,Feminino,2024,7.560479761900002,Ametista,10.0,8.8095238095,7.51,6.0,7.96875,7.7525,5.0,6.0,6.0,,-1,,,0,Defasagem leve,0.0
RA-1452,2024,2,12.0,Masculino,2024,8.6268666667,Topazio,9.002,10.0,7.51,7.75,7.916666667,8.17,10.0,7.0,8.5,,0,,,0,Adequado,0.0
RA-1453,2024,2,12.0,Feminino,2021,7.1234857143,Ametista,8.502,7.8214285715,6.25,6.5,7.5,7.67,5.0,4.5,8.5,,-1,,,0,Defasagem leve,3.0
RA-1454,2024,2,10.0,Feminino,2023,7.7042238095,Ametista,8.002,5.880952381,7.51,7.75,7.708333333,8.28,10.0,7.5,8.0,,0,,,0,Adequado,1.0
RA-1455,2024,2,12.0,Feminino,2024,6.6442555555,Agata,8.002,7.777777778,7.51,3.5,7.708333333,7.833333333,5.0,,3.5,,-1,,,0,Defasagem leve,0.0
RA-1456,2024,2,11.0,Masculino,2024,8.492914285800001,Topazio,9.502,9.511904762,7.51,7.75,7.5,7.946666667,10.0,5.5,10.0,,0,,,0,Adequado,0.0
RA-1457,2024,2,12.0,Feminino,2024,6.0197761904,Agata,3.498,8.0357142855,7.51,2.75,7.291666667,7.663333333,5.0,2.5,3.0,,-1,,,0,Defasagem leve,0.0
RA-1458,2024,2,12.0,Feminino,2024,5.879073684200001,Quartzo,8.751,7.280701754500001,7.51,3.25,6.041666667,5.213333333,5.0,0.5,6.0,,-1,,,0,Defasagem leve,0.0
RA-1459,2024,2,12.0,Masculino,2024,6.665390476100001,Agata,8.002,8.2976190475,7.51,3.75,7.5,7.273333333,5.0,2.0,5.5,,-1,,,0,Defasagem leve,0.0
RA-146,2022,4,15.0,Feminino,2022,7.947,Ametista,8.3,9.2,7.5,7.9,,8.208,5.0,6.3,7.3,10.0,-1,0.0,1.0,0,Defasagem leve,0.0
RA-146,2023,5,,Feminino,2022,7.584483333,Ametista,6.2,9.5,5.0,7.9,8.4375,8.2125,5.0,7.8,5.8,10.0,-1,,,0,Defasagem leve,1.0
RA-146,2024,5,17.0,Feminino,2022,8.134554885333333,Topazio,8.751,9.514316093333333,5.635,9.333333333333334,7.65625,8.304,5.0,9.0,9.0,10.0,-2,,,1,Defasagem moderada/severa,2.0
RA-1460,2024,2,12.0,Masculino,2024,6.784805263200001,Agata,9.502,7.460526316,7.51,3.25,6.875,6.27,10.0,2.5,4.0,,0,,,0,Adequado,0.0
RA-1461,2024,2,12.0,Feminino,2024,6.871961904800001,Agata,10.0,9.273809524,7.51,2.75,7.5,7.33,5.0,0.5,5.0,,-1,,,0,Defasagem leve,0.0
RA-1462,2024,2,13.0,Feminino,2024,7.6243666666,Ametista,8.502,10.0,7.51,6.5,8.125,7.053333333,5.0,6.0,7.0,,-1,,,0,Defasagem leve,0.0
RA-1463,2024,2,12.0,Masculino,2024,9.074561111,Topazio,8.502,9.722222222,7.51,10.0,9.0625,8.113333333,10.0,10.0,10.0,,0,,,0,Adequado,0.0
RA-1464,2024,2,13.0,Feminino,2024,7.288424359,Ametista,8.002,7.794871795,7.51,6.25,9.0625,7.61,5.0,4.0,8.5,,-1,,,0,Defasagem leve,0.0
RA-1465,2024,2,12.0,Masculino,2024,7.3344666666,Ametista,7.418,8.75,7.51,5.75,8.75,7.833333333,5.0,5.0,6.5,,-1,,,0,Defasagem leve,0.0
RA-1466,2024,2,12.0,Masculino,2024,8.213723809600001,Topazio,10.0,7.380952381,7.51,7.5,8.75,8.056666667,10.0,7.0,8.0,,0,,,0,Adequado,0.0
RA-1467,2024,2,12.0,Masculino,2024,8.836711278200001,Topazio,9.002,9.022556391,7.51,9.25,8.75,8.28,10.0,9.0,9.5,,0,,,0,Adequado,0.0
RA-1468,2024,2,12.0,Feminino,2024,8.1281028822,Topazio,8.502,8.972431078,7.51,7.0,8.4375,7.443333333,10.0,4.5,9.5,,0,,,0,Adequado,0.0
RA-1469,2024,2,13.0,Masculino,2024,7.459755555500001,Ametista,8.502,9.4444444445,7.51,4.75,8.75,8.223333333,5.0,6.0,3.5,,-1,,,0,Defasagem leve,0.0
RA-147,2022,4,14.0,Feminino,2022,7.541,Ametista,8.3,7.7,7.5,6.1,,7.25,10.0,5.8,4.8,7.7,0,0.0,0.0,0,Adequado,0.0
RA-147,2023,4,15.0,Feminino,2022,5.5425,Quartzo,0.0,7.0,5.63,4.5,6.875,7.46,5.0,5.0,6.0,2.5,-1,,,0,Defasagem leve,1.0
RA-147,2024,5,16.0,Feminino,2022,7.400477922133334,Ametista,8.334,9.277056277,7.51,6.166666666666667,7.5,7.386666667,5.0,6.0,2.5,10.0,-1,,,0,Defasagem leve,2.0
RA-1470,2024,2,12.0,Feminino,2024,5.967421532000001,Quartzo,8.002,6.35610766,6.26,5.0,6.875,5.4125,5.0,5.0,5.0,,-1,,,0,Defasagem leve,0.0
RA-1471,2024,2,13.0,Masculino,2024,7.404455434800001,Ametista,10.0,7.195652174,7.51,7.5,7.65625,7.2425,5.0,8.0,7.0,,-1,,,0,Defasagem leve,0.0
RA-1472,2024,2,11.0,Masculino,2022,8.773575000000001,Topazio,8.502,10.0,7.51,8.75,7.96875,8.1275,10.0,9.0,8.5,,0,,,0,Adequado,2.0
RA-1473,2024,2,13.0,Masculino,2024,6.689320600500001,Agata,9.502,8.4368530025,5.625,5.25,6.5625,6.415,5.0,6.0,4.5,,-1,,,0,Defasagem leve,0.0
RA-1474,2024,2,11.0,Feminino,2024,7.384207505200001,Ametista,8.002,7.960662526,5.625,7.5,6.71875,6.2875,10.0,7.0,8.0,,0,,,0,Adequado,0.0
RA-1475,2024,2,10.0,Feminino,2024,7.413901754400001,Ametista,9.002,8.070175439,7.51,5.0,7.5,6.993333333,10.0,7.0,3.0,,0,,,0,Adequado,0.0
RA-1476,2024,2,11.0,Feminino,2024,8.80795,Topazio,9.502,10.0,5.635,8.5,8.4375,8.7525,10.0,8.0,9.0,,0,,,0,Adequado,0.0
RA-1477,2024,2,11.0,Masculino,2024,7.0514989130000005,Ametista,8.002,8.010869565,7.51,5.0,6.40625,6.2875,10.0,5.0,5.0,,0,,,0,Adequado,0.0
RA-1478,2024,2,11.0,Masculino,2024,6.7210333334,Agata,8.002,6.666666667,6.255,4.25,6.875,7.1225,10.0,4.0,4.5,,0,,,0,Adequado,0.0
RA-1479,2024,2,12.0,Masculino,2024,6.615766239300001,Agata,8.502,6.1965811965,7.51,4.25,7.1875,6.0325,10.0,4.0,4.5,,0,,,0,Adequado,0.0
RA-148,2022,4,14.0,Masculino,2022,7.894,Ametista,9.2,7.9,10.0,5.3,,7.708,10.0,4.7,6.3,5.0,0,0.0,1.0,0,Adequado,0.0
RA-1480,2024,2,12.0,Masculino,2024,7.09445,Ametista,8.502,8.875,7.51,5.5,7.1875,6.9975,5.0,,5.5,,-1,,,0,Defasagem leve,0.0
RA-1481,2024,2,12.0,Feminino,2024,6.860721739100001,Agata,8.502,8.782608695499999,7.51,4.75,6.875,6.8275,5.0,4.0,5.5,,-1,,,0,Defasagem leve,0.0
RA-1482,2024,2,14.0,Masculino,2024,5.2257,Quartzo,8.502,5.0,7.51,0.0,7.5,6.8725,5.0,0.0,0.0,,-1,,,0,Defasagem leve,0.0
RA-1483,2024,2,11.0,Masculino,2024,7.311433695700001,Ametista,9.502,7.913043478500001,7.51,6.5,5.78125,5.7475,10.0,6.0,7.0,,0,,,0,Adequado,0.0
RA-1484,2024,2,14.0,Feminino,2024,7.754200000000001,Ametista,9.002,10.0,6.26,7.0,7.5,7.89,5.0,5.0,9.0,,-1,,,0,Defasagem leve,0.0
RA-1485,2024,2,13.0,Masculino,2024,6.7386875777,Agata,9.002,7.7432712215,5.625,5.0,7.5,7.386666667,5.0,5.0,5.0,,-1,,,0,Defasagem leve,0.0
RA-1486,2024,2,11.0,Masculino,2024,6.865474509900001,Agata,8.002,5.431372549,6.26,5.75,7.916666667,7.056666667,10.0,6.0,5.5,,0,,,0,Adequado,0.0
RA-1487,2024,2,13.0,Feminino,2024,8.0267434782,Topazio,10.0,9.5652173915,6.26,8.25,7.708333333,7.833333333,5.0,7.0,9.5,,-1,,,0,Defasagem leve,0.0
RA-1488,2024,2,11.0,Feminino,2024,6.7668935818000016,Agata,8.002,7.111801242,7.51,3.5,7.5,6.716666667,10.0,7.0,0.0,,0,,,0,Adequado,0.0
RA-1489,2024,2,12.0,Masculino,2024,5.9842289855000015,Quartzo,9.002,5.793478261000001,6.26,5.0,6.666666667,5.663333333,5.0,5.0,5.0,,-1,,,0,Defasagem leve,0.0
RA-149,2022,4,15.0,Feminino,2022,6.323,Agata,9.2,6.5,7.5,5.0,,6.125,5.0,4.0,6.0,,-1,0.0,0.0,0,Defasagem leve,0.0
RA-149,2023,4,,Feminino,2022,5.622266667,Quartzo,8.8,4.2,2.52,4.7,7.5,7.2925,5.0,5.7,3.5,5.0,-2,,,1,Defasagem moderada/severa,1.0
RA-149,2024,5,17.0,Feminino,2022,5.7316173854,Quartzo,9.585,4.104378593666667,6.26,3.8333333333333335,7.34375,6.626,5.0,0.0,6.5,5.0,-2,,,1,Defasagem moderada/severa,2.0
RA-1490,2024,2,12.0,Feminino,2024,7.3725768116,Ametista,8.502,9.5652173915,6.26,7.75,6.666666667,6.333333333,5.0,8.0,7.5,,-1,,,0,Defasagem leve,0.0
RA-1491,2024,2,12.0,Masculino,2024,7.5072,Ametista,9.002,6.25,7.51,6.5,7.5,7.78,10.0,6.0,7.0,,0,,,0,Adequado,0.0
RA-1492,2024,2,9.0,Masculino,2024,8.479020512900002,Topazio,8.002,8.8141025645,7.51,8.0,8.75,8.45,10.0,6.0,10.0,,1,,,0,Adiantado,0.0
RA-1493,2024,2,12.0,Masculino,2024,6.378661323900001,Agata,8.502,7.8468899525,7.51,4.0,7.1875,5.946666667,5.0,3.5,4.5,,-1,,,0,Defasagem leve,0.0
RA-1494,2024,2,11.0,Feminino,2024,5.8748823529,Quartzo,0.0,6.7794117645,7.51,4.25,7.5,5.84,10.0,8.5,0.0,,0,,,0,Adequado,0.0
RA-1495,2024,2,11.0,Feminino,2021,8.4845030302,Topazio,9.002,8.318181818,7.51,8.25,8.75,8.223333333,10.0,8.5,8.0,,0,,,0,Adequado,3.0
RA-1496,2024,2,12.0,Feminino,2024,6.7799738095,Agata,9.002,5.714285714500001,7.51,4.25,7.8125,6.773333333,10.0,2.5,6.0,,0,,,0,Adequado,0.0
RA-1497,2024,2,12.0,Feminino,2024,5.2423787879,Quartzo,0.0,5.0227272725,7.51,2.0,6.875,6.996666667,10.0,4.0,0.0,,0,,,0,Adequado,0.0
RA-1498,2024,2,13.0,Feminino,2024,7.147881818200001,Ametista,8.502,7.840909091,7.51,7.0,8.125,6.33,5.0,5.0,9.0,,-1,,,0,Defasagem leve,0.0
RA-1499,2024,2,12.0,Feminino,2024,7.914800000000001,Ametista,8.418,9.25,6.885,6.5,8.125,7.11,10.0,6.0,7.0,,0,,,0,Adequado,0.0
RA-15,2022,7,18.0,Masculino,2022,7.783,Ametista,8.8,10.0,7.5,7.3,,7.292,5.0,8.0,6.5,,-1,0.0,1.0,0,Defasagem leve,0.0
RA-150,2022,4,16.0,Feminino,2020,6.962,Agata,9.6,6.3,6.9,6.9,,7.333,5.0,5.3,6.7,8.6,-2,0.0,1.0,1,Defasagem moderada/severa,2.0
RA-1500,2024,2,11.0,Masculino,2024,7.360450000100002,Ametista,9.502,8.3333333335,6.885,3.5,8.4375,7.556666667,10.0,2.0,5.0,,0,,,0,Adequado,0.0
RA-1501,2024,2,11.0,Feminino,2024,8.04495,Topazio,9.502,10.0,7.51,5.0,8.4375,7.5,10.0,4.5,5.5,,0,,,0,Adequado,0.0
RA-1502,2024,2,12.0,Feminino,2024,6.886091025600001,Agata,8.002,7.628205128,7.51,5.25,7.8125,7.39,5.0,3.5,7.0,,-1,,,0,Defasagem leve,0.0
RA-1503,2024,2,13.0,Feminino,2024,6.991699999900001,Agata,7.502,10.0,7.51,2.75,8.958333333,7.723333333,5.0,3.0,2.5,,-1,,,0,Defasagem leve,0.0
RA-1504,2024,2,12.0,Feminino,2024,6.057060605999999,Agata,7.5,4.6136363634999995,5.63,6.75,5.833333333,6.94,5.0,5.0,8.5,,-1,,,0,Defasagem leve,0.0
RA-1505,2024,2,13.0,Masculino,2024,6.7199171717,Agata,9.502,7.5252525255,7.51,3.75,8.75,6.943333333,5.0,3.0,4.5,,-1,,,0,Defasagem leve,0.0
RA-1506,2024,2,11.0,Feminino,2024,7.151855844200001,Ametista,8.002,8.3874458875,7.51,3.5,6.458333333,7.886666667,10.0,0.0,7.0,,0,,,0,Adequado,0.0
RA-1507,2024,2,12.0,Masculino,2024,5.046077056300001,Quartzo,6.918,4.448051948,7.51,5.0,4.583333333,3.776666667,5.0,5.0,5.0,,-1,,,0,Defasagem leve,0.0
RA-1508,2024,2,10.0,Feminino,2024,8.1804207793,Topazio,7.502,7.2294372295,7.51,9.25,7.5,8.166666667,10.0,10.0,8.5,,0,,,0,Adequado,0.0
RA-1509,2024,2,11.0,Masculino,2024,7.560230303200001,Ametista,8.502,6.5151515155,7.51,7.5,6.666666667,7.446666667,10.0,7.0,8.0,,0,,,0,Adequado,0.0
RA-151,2022,4,16.0,Feminino,2020,7.563,Ametista,8.8,7.5,6.9,8.3,,7.958,5.0,7.3,8.0,9.5,-2,0.0,1.0,1,Defasagem moderada/severa,2.0
RA-151,2023,5,17.0,Feminino,2020,6.892541667,Agata,0.0,7.8,7.52,7.9,8.59375,8.1725,5.0,6.8,7.0,10.0,-2,,,1,Defasagem moderada/severa,3.0
RA-1510,2024,2,11.0,Feminino,2024,9.4647454544,Topazio,10.0,9.7727272725,7.51,10.0,9.583333333,9.003333333,10.0,10.0,10.0,,0,,,0,Adequado,0.0
RA-1511,2024,2,11.0,Feminino,2024,8.9217077641,Topazio,10.0,9.3271221535,7.51,8.75,8.4375,8.556666667,10.0,8.0,9.5,,0,,,0,Adequado,0.0
RA-1512,2024,2,10.0,Feminino,2024,8.10445,Topazio,9.502,10.0,7.51,5.5,7.8125,7.61,10.0,7.0,4.0,,0,,,0,Adequado,0.0
RA-1513,2024,2,12.0,Feminino,2024,6.5509171717,Agata,8.502,7.5252525255,7.51,3.75,7.5,7.223333333,5.0,4.0,3.5,,-1,,,0,Defasagem leve,0.0
RA-1514,2024,2,12.0,Feminino,2024,7.520576262600001,Ametista,9.002,7.979797980000001,7.51,5.5,7.1875,7.273333333,10.0,5.0,6.0,,0,,,0,Adequado,0.0
RA-1515,2024,2,12.0,Feminino,2024,5.832133333300001,Quartzo,6.418,6.6666666665,6.255,3.5,6.875,6.72,5.0,6.0,1.0,,-1,,,0,Defasagem leve,0.0
RA-1516,2024,3,13.0,Feminino,2024,7.217066033133334,Ametista,9.585,5.404288499000001,9.38,4.666666666666667,7.96875,7.5475,10.0,0.0,5.0,9.0,3,,,0,Adiantado,0.0
RA-1517,2024,3,15.0,Masculino,2024,6.240744444466667,Agata,9.168,4.305555555666667,9.38,4.666666666666667,7.5,6.7075,5.0,5.0,4.5,4.5,-1,,,0,Defasagem leve,0.0
RA-1518,2024,3,15.0,Feminino,2022,5.721382142866666,Quartzo,7.084,5.714285714333333,9.38,1.75,7.65625,6.5825,5.0,0.0,3.5,,-1,,,0,Defasagem leve,2.0
RA-1519,2024,3,15.0,Masculino,2024,7.210222117800001,Ametista,9.585,5.560902255666666,8.755,4.833333333333333,7.96875,7.5025,10.0,0.0,6.5,8.0,3,,,0,Adiantado,0.0
RA-152,2022,4,16.0,Feminino,2022,6.712,Agata,8.3,7.0,7.5,6.5,,6.292,5.0,4.0,7.0,8.5,-2,0.0,0.0,1,Defasagem moderada/severa,0.0
RA-152,2023,4,16.0,Feminino,2022,6.30695,Agata,7.9,7.7,2.52,4.5,7.8125,7.71,5.0,4.0,5.0,4.5,-2,,,1,Defasagem moderada/severa,1.0
RA-152,2024,5,17.0,Feminino,2022,6.5837938596,Agata,7.5,7.337719298333333,5.63,5.166666666666667,7.8125,7.443333333,5.0,0.0,7.5,8.0,-2,,,1,Defasagem moderada/severa,2.0
RA-1520,2024,3,14.0,Feminino,2024,7.0026462121333335,Ametista,8.334,9.060606060666666,8.75,3.75,7.65625,7.3325,5.0,4.0,3.5,,-1,,,0,Defasagem leve,0.0
RA-1521,2024,3,14.0,Feminino,2024,5.065788844333333,Quartzo,7.5,6.157902555,2.51,3.1666666666666665,6.09375,5.4525,5.0,2.0,5.5,2.0,-1,,,0,Defasagem leve,0.0
RA-1522,2024,3,13.0,Masculino,2024,8.3261,Topazio,8.751,10.0,9.38,7.0,6.875,7.1275,10.0,10.0,4.0,,0,,,0,Adequado,0.0
RA-1523,2024,3,11.0,Masculino,2024,8.67371279,Topazio,6.666,9.283272283333334,8.755,8.166666666666666,8.90625,8.755,10.0,8.0,6.5,10.0,1,,,0,Adiantado,0.0
RA-1524,2024,3,14.0,Feminino,2024,5.5473805555333335,Quartzo,7.917,2.777777777666667,7.51,4.0,7.65625,6.9175,5.0,4.0,,,-1,,,0,Defasagem leve,0.0
RA-1525,2024,3,13.0,Masculino,2024,7.778263492033334,Ametista,7.917,8.293650793666666,5.63,7.0,8.541666667,7.553333333,10.0,6.5,5.5,9.0,0,,,0,Adequado,0.0
RA-1526,2024,3,13.0,Feminino,2024,7.9798,Ametista,9.168,10.0,8.75,3.75,8.125,8.1275,10.0,2.0,5.5,,0,,,0,Adequado,0.0
RA-1527,2024,3,13.0,Masculino,2024,8.631675000000001,Topazio,9.168,10.0,7.51,8.0,7.96875,7.835,10.0,9.0,7.0,,0,,,0,Adequado,0.0
RA-1528,2024,3,13.0,Masculino,2024,7.622584090933335,Ametista,9.168,7.787878788,7.51,5.666666666666667,7.96875,7.335,10.0,3.0,6.0,8.0,0,,,0,Adequado,0.0
RA-1529,2024,3,14.0,Feminino,2024,6.710079487200001,Agata,6.666,7.435897436,7.51,5.5,8.125,6.964,5.0,6.0,5.5,5.0,-1,,,0,Defasagem leve,0.0
RA-153,2022,4,14.0,Feminino,2018,7.535,Ametista,7.9,8.2,5.0,6.6,,7.708,10.0,3.3,7.7,8.8,0,0.0,0.0,0,Adequado,4.0
RA-153,2023,5,15.0,Feminino,2018,7.289966667,Ametista,9.2,7.4,2.52,6.4,8.125,7.71,10.0,6.0,5.3,8.0,0,,,0,Adequado,5.0
RA-153,2024,7,16.0,Feminino,2021,4.78185,Quartzo,8.751,0.0,6.5675,0.0,7.5,7.5,10.0,0.0,0.0,0.0,2,,,0,Adiantado,3.0
RA-1530,2024,3,13.0,Masculino,2024,4.6391535714200005,Quartzo,0.0,2.5238095237666665,8.13,2.8333333333333335,7.03125,5.258,10.0,1.5,7.0,0.0,0,,,0,Adequado,0.0
RA-1531,2024,3,14.0,Masculino,2024,7.0491790134,Ametista,8.751,7.9726867336666665,7.505,5.833333333333333,7.34375,7.14,5.0,4.5,8.0,5.0,-1,,,0,Defasagem leve,0.0
RA-1532,2024,3,15.0,Masculino,2024,4.548544781066667,Quartzo,0.0,3.9057239053333332,7.51,2.0,7.5,6.832,5.0,0.0,6.0,0.0,-1,,,0,Defasagem leve,0.0
RA-1533,2024,3,14.0,Feminino,2024,9.089828985533336,Topazio,9.168,9.710144927666667,8.135,9.5,8.5,8.3375,10.0,10.0,8.5,10.0,0,,,0,Adequado,0.0
RA-1534,2024,3,13.0,Feminino,2024,7.188366666666667,Ametista,7.917,9.666666666666666,8.135,1.1666666666666667,8.0,8.0825,10.0,2.0,1.5,0.0,0,,,0,Adequado,0.0
RA-1535,2024,3,13.0,Feminino,2024,7.109390969933334,Ametista,8.751,5.103121516333333,7.51,5.833333333333333,7.125,7.9175,10.0,7.5,5.5,4.5,0,,,0,Adequado,0.0
RA-1536,2024,3,15.0,Feminino,2024,7.653744444466668,Ametista,9.168,8.722222222333334,8.135,7.0,7.875,7.4575,5.0,10.0,3.5,7.5,-1,,,0,Defasagem leve,0.0
RA-1537,2024,3,14.0,Feminino,2024,8.176263231333333,Topazio,9.168,8.33064949,8.135,8.666666666666666,8.125,8.67,5.0,10.0,6.0,10.0,-1,,,0,Defasagem leve,0.0
RA-1538,2024,3,13.0,Masculino,2021,7.9631703704333345,Ametista,9.168,7.935185184999999,8.13,7.166666666666667,7.916666667,7.106666667,10.0,7.5,6.0,8.0,1,,,0,Adiantado,3.0
RA-1539,2024,3,13.0,Feminino,2024,7.709588888900001,Ametista,6.667,9.027777777666666,6.885,6.833333333333333,7.708333333,7.056666667,10.0,6.0,7.0,7.5,0,,,0,Adequado,0.0
RA-154,2022,4,15.0,Masculino,2017,6.073,Agata,8.3,6.1,6.3,4.0,,6.833,5.0,3.7,6.2,2.1,-1,0.0,1.0,0,Defasagem leve,5.0
RA-1540,2024,3,14.0,Feminino,2024,5.696233333333334,Quartzo,8.334,5.0,7.51,2.6666666666666665,7.125,6.83,5.0,2.0,2.0,4.0,-1,,,0,Defasagem leve,0.0
RA-1541,2024,3,13.0,Masculino,2024,8.337,Topazio,9.168,8.633333333333333,6.88,8.166666666666666,8.25,7.736,10.0,9.0,7.0,8.5,0,,,0,Adequado,0.0
RA-1542,2024,3,16.0,Feminino,2024,6.0886079922,Agata,7.501,6.304873294333333,8.135,3.1666666666666665,7.375,6.966,5.0,1.0,3.5,5.0,-2,,,1,Defasagem moderada/severa,0.0
RA-1543,2024,3,14.0,Masculino,2024,6.754584615400001,Agata,7.5,8.076923077,7.51,5.0,7.25,7.066,5.0,6.0,4.0,,-1,,,0,Defasagem leve,0.0
RA-1544,2024,3,14.0,Feminino,2024,6.905568627466667,Agata,8.334,8.674509804,6.885,5.833333333333333,6.625,6.598,5.0,5.5,5.5,6.5,-1,,,0,Defasagem leve,0.0
RA-1545,2024,3,12.0,Feminino,2024,7.296598575533334,Ametista,7.501,6.210826211,8.13,8.166666666666666,6.25,6.165,10.0,8.0,6.5,10.0,0,,,0,Adequado,0.0
RA-1546,2024,3,14.0,Masculino,2024,6.900662108266667,Agata,8.334,6.374643874666667,8.75,4.666666666666667,7.5,6.17,10.0,5.0,3.0,6.0,0,,,0,Adequado,0.0
RA-1547,2024,3,14.0,Feminino,2024,6.748480626800001,Agata,7.917,6.467236467333334,8.13,6.666666666666667,7.5,6.335,5.0,9.5,6.0,4.5,-1,,,0,Defasagem leve,0.0
RA-1548,2024,3,13.0,Feminino,2024,6.482499715066667,Agata,8.334,5.2421652420000004,7.51,4.833333333333333,7.5,5.665,10.0,9.0,4.5,1.0,0,,,0,Adequado,0.0
RA-1549,2024,3,15.0,Masculino,2024,6.514862200466668,Agata,9.585,7.441394335666668,7.51,4.166666666666667,7.1875,6.325,5.0,5.5,3.0,4.0,-2,,,1,Defasagem moderada/severa,0.0
RA-155,2022,4,16.0,Masculino,2022,7.051,Ametista,10.0,8.3,7.5,5.2,,6.833,5.0,4.3,6.8,4.3,-2,0.0,1.0,1,Defasagem moderada/severa,0.0
RA-155,2023,5,17.0,Masculino,2022,6.318991667,Agata,7.9,8.1,5.0,4.4,7.03125,6.5875,5.0,5.3,2.8,5.2,-2,,,1,Defasagem moderada/severa,1.0
RA-155,2024,8,18.0,Masculino,2022,,,,0.0,,,,,10.0,,,,0,,,0,Adequado,2.0
RA-1550,2024,3,15.0,Masculino,2024,6.064236111066667,Agata,9.585,5.222222222,7.51,4.333333333333333,7.03125,6.2025,5.0,5.0,3.0,5.0,-1,,,0,Defasagem leve,0.0
RA-1551,2024,3,15.0,Masculino,2024,5.9717087542,Quartzo,9.585,4.7710437709999995,7.51,3.5,7.5,6.79,5.0,1.0,5.5,4.0,-2,,,1,Defasagem moderada/severa,0.0
RA-1552,2024,3,13.0,Masculino,2024,7.443301282066667,Ametista,9.585,9.743589743666666,7.51,3.1666666666666665,7.1875,7.165,10.0,1.0,4.5,4.0,0,,,0,Adequado,0.0
RA-1553,2024,3,13.0,Masculino,2024,7.641184313700001,Ametista,8.334,9.003921568666668,7.51,4.333333333333333,8.333333333,7.78,10.0,6.0,5.0,2.0,0,,,0,Adequado,0.0
RA-1554,2024,3,15.0,Masculino,2024,6.941692592633334,Agata,6.666,9.629629629666667,8.76,4.0,7.291666667,7.22,5.0,3.0,,5.0,-2,,,1,Defasagem moderada/severa,0.0
RA-1555,2024,3,13.0,Masculino,2024,7.4827333334,Ametista,8.334,10.0,6.255,3.0,8.125,8.056666667,10.0,9.0,0.0,0.0,0,,,0,Adequado,0.0
RA-1556,2024,3,14.0,Masculino,2024,6.666811111166668,Agata,7.917,5.222222222333333,7.51,4.0,7.916666667,7.44,10.0,3.5,,4.5,0,,,0,Adequado,0.0
RA-1557,2024,3,14.0,Feminino,2024,8.228500000033334,Topazio,9.585,8.916666666666666,7.51,7.0,7.916666667,7.72,10.0,6.0,,8.0,0,,,0,Adequado,0.0
RA-1558,2024,4,16.0,Masculino,2024,7.643772047733333,Ametista,9.168,8.705360238666666,8.755,5.5,8.5,8.302,5.0,5.0,5.5,6.0,-1,,,0,Defasagem leve,0.0
RA-1559,2024,4,15.0,Feminino,2024,6.330428437666668,Agata,7.917,5.2929755216666665,6.885,4.666666666666667,8.375,7.604,5.0,8.0,0.0,6.0,-1,,,0,Defasagem leve,0.0
RA-156,2022,4,15.0,Masculino,2018,7.357,Ametista,10.0,8.3,9.4,4.4,,7.792,5.0,4.7,6.5,2.1,-1,0.0,1.0,0,Defasagem leve,4.0
RA-1560,2024,4,14.0,Feminino,2024,8.4721031746,Topazio,9.168,9.206349206333334,5.635,8.166666666666666,8.5,8.336,10.0,6.0,8.5,10.0,1,,,0,Adiantado,0.0
RA-1561,2024,4,16.0,Masculino,2024,7.940220634933333,Ametista,9.585,9.174603174666666,5.0,9.0,8.0,7.734,5.0,8.5,8.5,10.0,-1,,,0,Defasagem leve,0.0
RA-1562,2024,4,16.0,Feminino,2024,5.458833333333334,Quartzo,6.25,8.666666666666666,5.01,0.5,6.25,6.8725,5.0,0.5,,,-2,,,1,Defasagem moderada/severa,0.0
RA-1563,2024,4,15.0,Feminino,2024,7.604211111133335,Ametista,8.751,8.305555555666666,7.51,7.0,7.25,8.46,5.0,5.0,7.5,8.5,-1,,,0,Defasagem leve,0.0
RA-1564,2024,4,15.0,Masculino,2024,5.0761468806000005,Quartzo,8.334,4.942067736333334,6.885,2.1666666666666665,5.75,5.2875,5.0,1.0,3.5,2.0,-1,,,0,Defasagem leve,0.0
RA-1565,2024,4,16.0,Masculino,2024,5.816448179266667,Quartzo,0.0,8.102240896333333,7.51,5.5,6.375,6.0375,5.0,7.0,3.0,6.5,-1,,,0,Defasagem leve,0.0
RA-1566,2024,4,17.0,Feminino,2024,7.759243871133334,Ametista,9.168,9.247219355666667,7.51,6.5,7.75,8.335,5.0,3.0,8.0,8.5,-2,,,1,Defasagem moderada/severa,0.0
RA-1567,2024,4,16.0,Feminino,2024,7.913942087533334,Ametista,8.334,8.771043771,7.51,8.166666666666666,7.75,8.335,5.0,5.0,9.5,10.0,-2,,,1,Defasagem moderada/severa,0.0
RA-1568,2024,4,15.0,Feminino,2024,7.8003261438,Ametista,9.168,7.493464052333334,7.51,8.166666666666666,8.0,8.5025,5.0,7.5,7.5,9.5,-1,,,0,Defasagem leve,0.0
RA-1569,2024,4,17.0,Feminino,2024,5.7191555556,Quartzo,6.666,7.111111111333334,6.26,2.1666666666666665,6.875,6.9175,5.0,2.0,3.0,1.5,-2,,,1,Defasagem moderada/severa,0.0
RA-157,2022,4,12.0,Feminino,2018,8.317,Topazio,7.5,10.0,6.3,7.7,,8.292,10.0,7.0,7.5,8.7,1,0.0,0.0,0,Adiantado,4.0
RA-157,2023,5,13.0,Feminino,2018,7.879008333,Ametista,7.1,9.9,2.52,6.8,8.59375,8.63,10.0,6.0,6.8,7.5,2,,,0,Adiantado,5.0
RA-157,2024,5,14.0,Feminino,2021,8.950566666733334,Topazio,8.334,10.0,6.26,9.666666666666666,8.125,8.726666667,10.0,10.0,9.0,10.0,1,,,0,Adiantado,3.0
RA-1570,2024,4,16.0,Feminino,2024,7.894084175066667,Ametista,9.585,7.542087542,7.51,8.333333333333334,7.75,8.6725,5.0,6.5,9.0,9.5,-1,,,0,Defasagem leve,0.0
RA-1571,2024,4,16.0,Masculino,2024,7.2484555556,Ametista,8.334,9.111111111333335,5.005,5.666666666666667,7.5,8.545,5.0,5.0,6.0,6.0,-1,,,0,Defasagem leve,0.0
RA-1572,2024,4,15.0,Feminino,2024,8.080345634866667,Topazio,9.168,9.841269841333334,7.51,7.5,7.65625,8.393333333,5.0,7.5,6.5,8.5,-1,,,0,Defasagem leve,0.0
RA-1573,2024,4,16.0,Masculino,2024,6.743847969266667,Agata,9.168,6.120448179333334,6.26,5.0,7.65625,8.556666667,5.0,0.0,6.0,9.0,-1,,,0,Defasagem leve,0.0
RA-1574,2024,4,16.0,Feminino,2024,7.777244180000001,Ametista,8.751,8.399470899666667,7.51,7.333333333333333,7.8125,8.616666667,5.0,7.0,6.0,9.0,-1,,,0,Defasagem leve,0.0
RA-1575,2024,4,16.0,Feminino,2024,7.318459391466667,Ametista,9.168,8.624338624,6.885,5.333333333333333,7.65625,8.28,5.0,0.0,7.5,8.5,-1,,,0,Defasagem leve,0.0
RA-1576,2024,4,16.0,Feminino,2024,7.463620238066666,Ametista,8.334,9.523809523666666,5.635,6.666666666666667,6.40625,8.44,5.0,7.5,4.5,8.0,-1,,,0,Defasagem leve,0.0
RA-1577,2024,4,16.0,Masculino,2024,6.305585581933334,Agata,10.0,4.993386243333333,7.51,4.333333333333333,7.34375,7.273333333,5.0,4.0,7.0,2.0,-1,,,0,Defasagem leve,0.0
RA-1578,2024,4,13.0,Feminino,2024,7.880605848,Ametista,8.334,6.761695906666667,7.51,7.333333333333333,7.5,8.636,10.0,6.0,6.0,10.0,1,,,0,Adiantado,0.0
RA-1579,2024,4,16.0,Feminino,2022,7.894385710733333,Ametista,8.751,9.090261886999999,5.635,7.166666666666667,8.5,9.272,5.0,7.5,6.0,8.0,-2,,,1,Defasagem moderada/severa,2.0
RA-158,2022,4,17.0,Feminino,2017,7.302,Ametista,7.9,9.8,5.6,6.6,,8.125,2.5,5.0,6.7,8.1,-3,0.0,0.0,1,Defasagem moderada/severa,5.0
RA-158,2023,5,,Feminino,2017,7.297425,Ametista,7.1,9.0,2.52,6.0,8.28125,7.545,10.0,6.0,5.7,6.3,1,,,0,Adiantado,6.0
RA-158,2024,5,15.0,Feminino,2021,6.855159259266667,Agata,8.334,7.796296296333334,6.26,4.0,6.875,6.745,10.0,2.5,1.5,8.0,0,,,0,Adequado,3.0
RA-1580,2024,4,16.0,Masculino,2024,7.790523996266667,Ametista,8.751,9.049953314666666,7.51,6.166666666666667,7.875,9.168,5.0,5.0,7.5,6.0,-1,,,0,Defasagem leve,0.0
RA-1581,2024,4,16.0,Masculino,2024,6.9787022855,Agata,8.334,7.834844760666667,6.26,6.333333333333333,7.083333333,7.386666667,5.0,7.0,4.5,7.5,-1,,,0,Defasagem leve,0.0
RA-1582,2024,4,15.0,Masculino,2024,6.472788888966667,Agata,8.334,8.069444444333334,6.255,4.5,6.666666667,6.666666667,5.0,7.0,2.0,4.5,-1,,,0,Defasagem leve,0.0
RA-1583,2024,4,15.0,Feminino,2024,7.8197579711,Ametista,7.917,7.753623188333333,6.26,8.166666666666666,9.166666667,9.006666667,5.0,8.0,6.5,10.0,-1,,,0,Defasagem leve,0.0
RA-1584,2024,4,15.0,Feminino,2024,7.429837830666667,Ametista,8.334,9.153439153333332,7.51,5.5,7.8125,8.1675,5.0,6.0,5.5,5.0,-1,,,0,Defasagem leve,0.0
RA-1585,2024,4,15.0,Feminino,2024,6.730367016866668,Agata,10.0,6.775210084333334,7.51,4.0,7.65625,7.7925,5.0,5.0,3.0,4.0,-1,,,0,Defasagem leve,0.0
RA-1586,2024,4,15.0,Feminino,2024,6.555764327466668,Agata,10.0,6.128654970666666,5.01,5.666666666666667,6.875,7.54,5.0,3.5,5.5,8.0,-1,,,0,Defasagem leve,0.0
RA-1587,2024,4,16.0,Feminino,2024,7.34055,Ametista,9.168,10.0,7.51,3.75,7.8125,8.2075,5.0,7.5,0.0,,-2,,,1,Defasagem moderada/severa,0.0
RA-1588,2024,4,14.0,Feminino,2024,7.303823728133333,Ametista,7.917,8.640618640666666,7.51,4.0,7.5,7.415,10.0,3.5,4.5,,0,,,0,Adequado,0.0
RA-1589,2024,4,15.0,Feminino,2024,5.260851851866667,Quartzo,0.0,6.259259259333334,7.51,2.5,7.5,7.54,5.0,3.0,2.0,,-1,,,0,Defasagem leve,0.0
RA-159,2022,4,15.0,Feminino,2021,6.49,Agata,8.3,8.1,5.6,4.7,,6.458,5.0,4.3,5.8,3.9,-1,0.0,0.0,0,Defasagem leve,1.0
RA-159,2023,4,16.0,Feminino,2021,6.805033333,Agata,7.9,8.1,2.52,6.3,8.125,7.8775,5.0,5.0,6.0,7.8,-2,,,1,Defasagem moderada/severa,2.0
RA-1590,2024,4,15.0,Feminino,2024,8.1907875086,Topazio,7.917,8.267770876333332,7.51,8.666666666666666,10.0,8.806,5.0,8.5,8.0,9.5,-1,,,0,Defasagem leve,0.0
RA-1591,2024,4,16.0,Feminino,2024,6.1707952862,Agata,7.083,6.430976431,7.51,3.5,8.125,7.064,5.0,3.0,4.5,3.0,-2,,,1,Defasagem moderada/severa,0.0
RA-1592,2024,4,15.0,Feminino,2024,6.812545479666667,Agata,7.917,6.854727398333334,7.51,5.5,8.125,7.432,5.0,4.0,7.5,5.0,-1,,,0,Defasagem leve,0.0
RA-1593,2024,4,15.0,Masculino,2024,6.638525017333334,Agata,6.249,4.868875086666667,6.26,6.5,9.0625,8.538,5.0,9.0,6.5,4.0,-1,,,0,Defasagem leve,0.0
RA-1594,2024,4,16.0,Masculino,2024,5.731267287800001,Quartzo,9.585,6.112836439,6.26,3.0,6.25,5.996,5.0,1.0,4.0,4.0,-2,,,1,Defasagem moderada/severa,0.0
RA-1595,2024,4,14.0,Masculino,2024,6.6599304233000005,Agata,8.334,7.949735449666666,6.26,2.3333333333333335,7.395833333,7.021666667,10.0,3.0,0.0,4.0,0,,,0,Adequado,0.0
RA-1596,2024,4,17.0,Feminino,2024,7.261016666766667,Ametista,8.751,10.0,7.51,3.3333333333333335,8.229166667,8.226666667,5.0,5.0,0.0,5.0,-2,,,1,Defasagem moderada/severa,0.0
RA-1597,2024,4,16.0,Feminino,2024,6.7187063492,Agata,7.5,8.412698412666666,7.51,2.8333333333333335,8.125,8.28,5.0,2.0,0.0,6.5,-1,,,0,Defasagem leve,0.0
RA-1598,2024,5,15.0,Feminino,2024,8.4656285714,Topazio,9.585,8.857142857,7.51,7.5,8.375,8.236,10.0,7.5,7.5,,0,,,0,Adequado,0.0
RA-1599,2024,5,17.0,Feminino,2024,7.6059333333333345,Ametista,8.334,9.666666666666666,7.51,6.5,7.75,7.566,5.0,7.0,6.0,,-2,,,1,Defasagem moderada/severa,0.0
RA-16,2022,7,19.0,Masculino,2022,6.112,Agata,7.9,8.3,5.0,3.5,,6.333,5.0,7.0,0.0,,-1,0.0,1.0,0,Defasagem leve,0.0
RA-160,2022,4,15.0,Feminino,2021,6.746,Agata,7.5,7.2,5.6,5.3,,8.25,5.0,2.7,6.0,7.1,-1,0.0,1.0,0,Defasagem leve,1.0
RA-160,2023,5,16.0,Feminino,2021,6.598266667,Agata,8.8,8.3,2.52,5.0,8.125,7.46,5.0,3.3,3.8,8.0,-1,,,0,Defasagem leve,2.0
RA-160,2024,5,17.0,Feminino,2021,6.855108333266668,Agata,8.334,7.416666666666667,6.26,5.666666666666667,7.34375,7.723333333,5.0,3.0,5.5,8.5,-1,,,0,Defasagem leve,3.0
RA-1600,2024,5,17.0,Feminino,2024,6.750618518533334,Agata,8.751,8.425925926,6.26,5.666666666666667,7.25,6.03,5.0,5.0,2.0,10.0,-2,,,1,Defasagem moderada/severa,0.0
RA-1601,2024,5,17.0,Feminino,2024,7.2431,Ametista,8.751,7.0,7.51,6.5,7.5,8.335,5.0,5.0,5.0,9.5,-1,,,0,Defasagem leve,0.0
RA-1602,2024,5,15.0,Feminino,2024,8.041889814800001,Topazio,7.917,8.782407407333332,7.51,7.166666666666667,7.34375,7.875,10.0,9.5,2.0,10.0,0,,,0,Adequado,0.0
RA-1603,2024,5,16.0,Feminino,2024,7.836518518466668,Ametista,7.5,9.259259258999998,7.51,8.333333333333334,7.5,7.835,5.0,8.5,7.0,9.5,-1,,,0,Defasagem leve,0.0
RA-1604,2024,5,16.0,Masculino,2024,8.0118555556,Topazio,9.168,7.777777778,7.51,8.5,8.125,8.88,5.0,10.0,5.5,10.0,-1,,,0,Defasagem leve,0.0
RA-1605,2024,5,16.0,Masculino,2024,4.920488888866667,Quartzo,0.0,5.0694444443333335,7.51,2.5,7.5,7.028,5.0,0.0,7.5,0.0,-1,,,0,Defasagem leve,0.0
RA-1606,2024,5,17.0,Feminino,2024,5.8216796296,Quartzo,8.334,5.148148148,7.51,2.5,7.8125,7.132,5.0,7.5,0.0,0.0,-2,,,1,Defasagem moderada/severa,0.0
RA-1607,2024,5,16.0,Masculino,2024,4.899894444466667,Quartzo,5.833,6.222222222333333,5.635,0.0,6.5625,6.762,5.0,,0.0,0.0,-1,,,0,Defasagem leve,0.0
RA-1608,2024,5,15.0,Masculino,2024,7.072539814866667,Ametista,8.751,7.199074074333335,7.51,5.0,6.40625,6.83,10.0,8.5,3.5,3.0,0,,,0,Adequado,0.0
RA-1609,2024,5,17.0,Feminino,2024,7.577233333233334,Ametista,8.334,9.666666666666666,7.51,6.0,7.708333333,7.943333333,5.0,6.0,4.0,8.0,-2,,,1,Defasagem moderada/severa,0.0
RA-161,2022,4,11.0,Feminino,2018,7.957,Ametista,7.9,9.1,5.6,6.9,,8.083,10.0,5.3,6.8,8.5,2,0.0,0.0,0,Adiantado,4.0
RA-161,2023,5,14.0,Feminino,2018,6.250166667,Agata,0.0,7.3,2.52,5.8,8.125,7.795,10.0,7.0,4.5,6.0,1,,,0,Adiantado,5.0
RA-161,2024,5,15.0,Feminino,2021,7.258445588333334,Ametista,8.751,7.965686274666666,6.26,4.0,7.96875,7.836666667,10.0,5.0,7.0,0.0,0,,,0,Adequado,3.0
RA-1610,2024,5,17.0,Masculino,2024,6.702372927566668,Agata,9.168,7.753697970666667,7.51,5.166666666666667,7.291666667,6.106666667,5.0,4.0,2.0,9.5,-2,,,1,Defasagem moderada/severa,0.0
RA-1611,2024,5,17.0,Masculino,2024,6.4589186218000005,Agata,7.083,8.361426442,7.51,4.5,7.5,5.886666667,5.0,2.0,2.5,9.0,-2,,,1,Defasagem moderada/severa,0.0
RA-1612,2024,5,18.0,Masculino,2024,7.014528571366666,Ametista,6.666,8.523809523666666,7.51,6.166666666666667,7.708333333,6.94,5.0,5.0,6.5,7.0,-2,,,1,Defasagem moderada/severa,0.0
RA-1613,2024,5,17.0,Feminino,2024,6.085471428700001,Agata,8.334,7.1428571430000005,7.51,3.0,7.291666667,6.216666667,5.0,0.0,1.0,8.0,-2,,,1,Defasagem moderada/severa,0.0
RA-1614,2024,5,16.0,Masculino,2024,6.787898989933334,Agata,7.5,6.574494949666668,7.51,6.5,7.5,7.11,5.0,5.0,5.5,9.0,-1,,,0,Defasagem leve,0.0
RA-1615,2024,5,15.0,Feminino,2024,8.417533333333333,Topazio,7.917,9.833333333333334,7.51,8.333333333333334,7.5,7.4575,10.0,8.0,7.0,10.0,0,,,0,Adequado,0.0
RA-1616,2024,5,17.0,Feminino,2024,7.147738235266668,Ametista,8.334,8.436274509666667,7.51,6.166666666666667,7.1875,7.12,5.0,5.5,6.5,6.5,-1,,,0,Defasagem leve,0.0
RA-1617,2024,5,16.0,Feminino,2024,4.926285714266666,Quartzo,0.0,5.571428571333333,7.51,3.25,6.875,6.1175,5.0,0.5,6.0,,-1,,,0,Defasagem leve,0.0
RA-1618,2024,5,17.0,Masculino,2024,7.0487660130666665,Ametista,8.334,7.908496732000001,7.51,6.333333333333333,7.5,6.83,5.0,5.0,7.0,7.0,-1,,,0,Defasagem leve,0.0
RA-1619,2024,5,15.0,Masculino,2024,7.393951851866667,Ametista,7.501,9.259259259333334,7.51,4.25,7.5,7.205,10.0,4.0,4.5,,1,,,0,Adiantado,0.0
RA-162,2022,4,14.0,Feminino,2021,7.215,Ametista,6.7,8.5,7.5,5.5,,6.542,10.0,4.7,5.5,6.4,0,0.0,0.0,0,Adequado,1.0
RA-1620,2024,5,16.0,Masculino,2024,6.652766666666667,Agata,8.751,6.666666666666667,7.51,5.166666666666667,7.5,7.05,5.0,5.5,7.0,3.0,-1,,,0,Defasagem leve,0.0
RA-1621,2024,5,17.0,Feminino,2024,8.107033333366667,Topazio,7.917,10.0,6.26,8.333333333333334,8.333333333,8.446666667,5.0,7.5,7.5,10.0,-1,,,0,Defasagem leve,0.0
RA-1622,2024,5,16.0,Feminino,2024,8.429066666633334,Topazio,8.334,10.0,7.51,9.666666666666666,8.333333333,7.89,5.0,10.0,9.0,10.0,-1,,,0,Defasagem leve,0.0
RA-1623,2024,6,17.0,Masculino,2024,7.7609537037333345,Ametista,9.168,8.518518518666667,6.26,6.0,7.8125,7.666,10.0,5.5,2.5,10.0,0,,,0,Adequado,0.0
RA-1624,2024,6,18.0,Feminino,2024,7.743213492066667,Ametista,7.917,9.460317460333334,7.51,7.5,7.8125,7.636,5.0,8.0,5.5,9.0,-1,,,0,Defasagem leve,0.0
RA-1625,2024,6,17.0,Masculino,2024,6.888194089266667,Agata,7.5,7.112887113,7.51,4.333333333333333,7.1875,6.896,10.0,3.0,2.0,8.0,0,,,0,Adequado,0.0
RA-1626,2024,6,16.0,Feminino,2024,8.541085606066668,Topazio,8.751,9.696969697,7.51,7.333333333333333,8.28125,8.404,10.0,5.5,6.5,10.0,0,,,0,Adequado,0.0
RA-1627,2024,6,17.0,Feminino,2024,7.481547222200001,Ametista,7.083,7.777777777666667,7.51,7.833333333333333,7.65625,8.172,5.0,6.0,7.5,10.0,-1,,,0,Defasagem leve,0.0
RA-1628,2024,6,16.0,Feminino,2024,7.500131368600001,Ametista,8.334,8.509823509666667,7.51,5.833333333333333,6.875,6.798,10.0,3.0,5.0,9.5,0,,,0,Adequado,0.0
RA-1629,2024,6,17.0,Feminino,2024,7.560550529133334,Ametista,9.585,8.645502645666667,7.51,7.25,7.1875,7.266,5.0,8.75,3.0,10.0,-1,,,0,Defasagem leve,0.0
RA-163,2022,4,15.0,Feminino,2021,6.797,Agata,8.8,7.9,5.6,6.7,,6.5,5.0,6.5,6.3,7.4,-1,0.0,0.0,0,Defasagem leve,1.0
RA-1630,2024,6,16.0,Masculino,2024,8.583133333333334,Topazio,8.334,9.833333333333334,7.51,7.333333333333333,8.25,8.702,10.0,9.0,9.0,4.0,0,,,0,Adequado,0.0
RA-1631,2024,6,17.0,Masculino,2024,8.186433333333333,Topazio,9.585,10.0,7.51,7.166666666666667,8.5,8.468,5.0,5.0,6.5,10.0,-1,,,0,Defasagem leve,0.0
RA-1632,2024,6,16.0,Masculino,2024,8.389333333333335,Topazio,9.168,10.0,7.51,6.666666666666667,7.75,8.066,10.0,9.0,6.0,5.0,0,,,0,Adequado,0.0
RA-1633,2024,8,21.0,Masculino,2021,,,,0.0,,,,,10.0,,,,0,,,0,Adequado,3.0
RA-1634,2024,8,21.0,Feminino,2021,,,,0.0,,,,,10.0,,,,0,,,0,Adequado,3.0
RA-1635,2024,8,20.0,Feminino,2021,,,,0.0,,,,,10.0,,,,0,,,0,Adequado,3.0
RA-1636,2024,8,20.0,Feminino,2021,,,,0.0,,,,,10.0,,,,0,,,0,Adequado,3.0
RA-1637,2024,9,23.0,Masculino,2021,,,,0.0,,,,,10.0,,,,1,,,0,Adiantado,3.0
RA-1638,2024,9,22.0,Feminino,2021,,,,0.0,,,,,10.0,,,,1,,,0,Adiantado,3.0
RA-1639,2024,9,21.0,Masculino,2021,,,,0.0,,,,,10.0,,,,1,,,0,Adiantado,3.0
RA-164,2022,4,16.0,Masculino,2018,6.776,Agata,8.3,7.3,5.6,6.5,,7.208,5.0,4.7,6.5,8.3,-2,0.0,1.0,1,Defasagem moderada/severa,4.0
RA-164,2023,5,16.0,Masculino,2018,5.638666667,Quartzo,0.0,8.2,2.52,5.8,6.875,6.9625,5.0,6.0,4.2,7.3,-1,,,0,Defasagem leve,5.0
RA-164,2024,5,17.0,Masculino,2021,6.837125731066667,Agata,9.585,8.084795321666666,6.26,5.666666666666667,6.25,6.886666667,5.0,6.0,2.0,9.0,-2,,,1,Defasagem moderada/severa,3.0
RA-1640,2024,9,23.0,Feminino,2021,,,,0.0,,,,,10.0,,,,1,,,0,Adiantado,3.0
RA-1641,2024,9,21.0,Masculino,2021,,,,0.0,,,,,10.0,,,,1,,,0,Adiantado,3.0
RA-1642,2024,9,23.0,Masculino,2021,,,,0.0,,,,,10.0,,,,1,,,0,Adiantado,3.0
RA-1643,2024,9,22.0,Masculino,2021,,,,0.0,,,,,10.0,,,,1,,,0,Adiantado,3.0
RA-1644,2024,9,21.0,Masculino,2021,,,,0.0,,,,,10.0,,,,1,,,0,Adiantado,3.0
RA-1645,2024,9,23.0,Masculino,2021,,,,0.0,,,,,10.0,,,,1,,,0,Adiantado,3.0
RA-1646,2024,9,21.0,Masculino,2021,,,,0.0,,,,,10.0,,,,1,,,0,Adiantado,3.0
RA-1647,2024,9,22.0,Feminino,2021,,,,0.0,,,,,10.0,,,,1,,,0,Adiantado,3.0
RA-1648,2024,9,22.0,Masculino,2021,,,,0.0,,,,,10.0,,,,1,,,0,Adiantado,3.0
RA-1649,2024,9,23.0,Masculino,2021,,,,0.0,,,,,10.0,,,,1,,,0,Adiantado,3.0
RA-165,2022,4,14.0,Feminino,2017,8.063,Topazio,7.1,9.8,5.6,7.6,,7.5,10.0,5.3,7.8,9.7,0,0.0,0.0,0,Adequado,5.0
RA-165,2023,5,,Feminino,2017,7.583433333,Ametista,6.7,9.2,2.52,7.3,8.125,7.795,10.0,7.3,6.2,8.3,0,,,0,Adequado,6.0
RA-165,2024,5,16.0,Feminino,2021,8.4627502436,Topazio,7.5,9.431042884999998,7.51,8.5,7.96875,7.893333333,10.0,10.0,7.5,8.0,0,,,0,Adequado,3.0
RA-1650,2024,9,22.0,Masculino,2021,,,,0.0,,,,,10.0,,,,1,,,0,Adiantado,3.0
RA-1651,2024,9,22.0,Masculino,2021,,,,0.0,,,,,10.0,,,,1,,,0,Adiantado,3.0
RA-1652,2024,9,22.0,Feminino,2021,,,,0.0,,,,,10.0,,,,1,,,0,Adiantado,3.0
RA-1653,2024,9,20.0,Masculino,2021,,,,0.0,,,,,10.0,,,,1,,,0,Adiantado,3.0
RA-1654,2024,9,22.0,Masculino,2021,,,,0.0,,,,,10.0,,,,1,,,0,Adiantado,3.0
RA-1655,2024,9,21.0,Feminino,2022,,,,0.0,,,,,10.0,,,,1,,,0,Adiantado,2.0
RA-1656,2024,9,22.0,Masculino,2021,,,,0.0,,,,,10.0,,,,1,,,0,Adiantado,3.0
RA-1657,2024,9,20.0,Masculino,2021,,,,0.0,,,,,10.0,,,,1,,,0,Adiantado,3.0
RA-1658,2024,9,21.0,Masculino,2021,,,,0.0,,,,,10.0,,,,1,,,0,Adiantado,3.0
RA-1659,2024,9,21.0,Masculino,2021,,,,0.0,,,,,10.0,,,,1,,,0,Adiantado,3.0
RA-166,2022,4,14.0,Masculino,2020,8.253,Topazio,9.2,9.0,6.3,8.1,,7.542,10.0,7.0,7.2,10.0,0,0.0,1.0,0,Adequado,2.0
RA-166,2023,5,,Masculino,2020,8.105583333,Topazio,7.5,8.9,6.26,8.1,8.4375,7.4625,10.0,7.0,7.2,10.0,0,,,0,Adequado,3.0
RA-166,2024,7,16.0,Masculino,2021,8.243183333333334,Topazio,8.334,9.246,6.5725,8.266666666666667,7.5,7.5,10.0,8.2,7.8,8.8,1,,,0,Adiantado,3.0
RA-1660,2024,9,24.0,Feminino,2021,,,,0.0,,,,,10.0,,,,1,,,0,Adiantado,3.0
RA-1661,2024,9,21.0,Feminino,2021,,,,0.0,,,,,10.0,,,,1,,,0,Adiantado,3.0
RA-167,2022,4,16.0,Feminino,2018,7.798,Ametista,9.2,9.7,5.6,7.9,,7.833,5.0,9.3,8.0,6.3,-2,0.0,0.0,1,Defasagem moderada/severa,4.0
RA-167,2023,5,,Feminino,2018,7.806141667,Ametista,8.8,9.9,5.0,7.9,7.96875,7.8375,5.0,8.3,7.2,8.3,-2,,,1,Defasagem moderada/severa,5.0
RA-167,2024,6,18.0,Feminino,2021,8.033470175466666,Topazio,8.751,9.473684210666667,6.26,8.166666666666666,8.375,8.334,5.0,8.0,6.5,10.0,-1,,,0,Defasagem leve,3.0
RA-168,2022,4,15.0,Feminino,2018,6.917,Agata,7.9,8.3,6.3,5.9,,7.083,5.0,4.7,8.2,5.0,-1,0.0,0.0,0,Defasagem leve,4.0
RA-168,2023,5,15.0,Feminino,2018,6.483083333,Agata,0.0,9.6,6.89,4.7,6.5625,6.4225,10.0,4.3,3.0,6.7,0,,,0,Adequado,5.0
RA-169,2022,4,15.0,Feminino,2018,5.159,Quartzo,7.5,5.1,6.3,3.2,,4.792,5.0,1.3,4.5,3.8,-1,0.0,0.0,0,Defasagem leve,4.0
RA-17,2022,7,20.0,Masculino,2022,8.068,Topazio,8.8,10.0,7.5,7.8,,8.292,5.0,9.0,6.5,,-1,0.0,1.0,0,Defasagem leve,0.0
RA-17,2023,8,,Masculino,2022,,,,,,,,,10.0,,,,0,,,0,Adequado,1.0
RA-17,2024,8,22.0,Masculino,2022,,,,0.0,,,,,10.0,,,,0,,,0,Adequado,2.0
RA-170,2022,4,14.0,Feminino,2018,7.007,Agata,8.3,9.2,5.6,4.9,,5.792,10.0,3.7,6.7,4.3,0,0.0,0.0,0,Adequado,4.0
RA-170,2023,3,15.0,Feminino,2018,7.062433333,Ametista,8.8,8.9,2.52,7.2,6.875,7.6725,5.0,6.3,8.7,6.5,-2,,,1,Defasagem moderada/severa,5.0
RA-170,2024,4,16.0,Feminino,2021,7.646383333300001,Ametista,9.168,8.5,5.635,8.0,7.604166667,8.028333333,5.0,10.0,6.5,7.5,-1,,,0,Defasagem leve,3.0
RA-171,2022,4,16.0,Masculino,2022,6.581,Agata,7.5,6.8,7.5,5.5,,6.875,5.0,3.0,8.0,,-2,0.0,0.0,1,Defasagem moderada/severa,0.0
RA-171,2023,5,17.0,Masculino,2022,6.293083333,Agata,7.5,7.2,5.0,5.2,7.1875,6.755,5.0,4.5,4.8,6.2,-2,,,1,Defasagem moderada/severa,1.0
RA-171,2024,6,18.0,Masculino,2022,7.328933333333333,Ametista,7.5,7.833333333333333,5.635,8.333333333333334,7.625,7.598,5.0,7.0,8.0,10.0,-1,,,0,Defasagem leve,2.0
RA-172,2022,4,14.0,Feminino,2018,8.673,Topazio,9.2,8.9,9.4,7.3,,8.917,10.0,6.0,7.7,8.1,0,1.0,0.0,0,Adequado,4.0
RA-172,2023,7,15.0,Feminino,2018,,,0.0,,3.77,,,,10.0,,,,2,,,0,Adiantado,5.0
RA-172,2024,7,16.0,Feminino,2021,8.128766666666667,Topazio,8.751,9.8,6.57,6.933333333333334,7.5,7.5,10.0,6.7,7.7,6.4,1,,,0,Adiantado,3.0
RA-173,2022,4,17.0,Masculino,2019,7.816,Ametista,8.3,9.2,6.9,7.9,,9.25,2.5,9.0,7.5,7.1,-3,1.0,0.0,1,Defasagem moderada/severa,3.0
RA-173,2023,5,17.0,Masculino,2019,7.757466667,Ametista,9.2,8.5,6.26,8.1,8.125,7.8775,5.0,9.0,6.2,9.2,-2,,,1,Defasagem moderada/severa,4.0
RA-173,2024,8,18.0,Masculino,2021,,,,0.0,,,,,10.0,,,,0,,,0,Adequado,3.0
RA-174,2022,4,15.0,Feminino,2019,6.075,Agata,7.9,6.2,7.5,4.4,,6.042,5.0,4.0,5.3,3.8,-1,0.0,0.0,0,Defasagem leve,3.0
RA-174,2023,4,16.0,Feminino,2019,6.1242,Agata,7.9,5.6,5.0,5.1,7.5,7.2125,5.0,3.7,7.3,4.3,-2,,,1,Defasagem moderada/severa,4.0
RA-175,2022,4,15.0,Feminino,2018,6.75,Agata,8.3,9.2,5.6,5.9,,5.833,5.0,4.7,7.2,5.9,-1,0.0,0.0,0,Defasagem leve,4.0
RA-175,2023,5,,Feminino,2018,6.569516667,Agata,8.8,9.2,2.52,4.8,7.1875,7.085,5.0,5.0,5.0,4.5,-1,,,0,Defasagem leve,5.0
RA-175,2024,6,17.0,Feminino,2021,8.024136842133334,Topazio,10.0,9.473684210666667,6.26,8.5,7.5,7.766,5.0,9.5,6.5,9.5,-1,,,0,Defasagem leve,3.0
RA-176,2022,3,13.0,Feminino,2018,8.427,Topazio,9.6,9.1,5.6,6.9,,9.083,10.0,5.1,6.8,8.7,0,1.0,0.0,0,Adequado,4.0
RA-176,2023,4,14.0,Feminino,2018,8.316833333,Topazio,9.6,9.5,2.52,8.0,8.125,9.0025,10.0,7.3,7.3,9.3,0,,,0,Adequado,5.0
RA-176,2024,5,15.0,Feminino,2021,8.828632575733334,Topazio,9.585,9.545454545333333,6.26,8.833333333333334,8.59375,8.545,10.0,9.0,8.0,9.5,1,,,0,Adiantado,3.0
RA-177,2022,3,13.0,Feminino,2022,7.424,Ametista,7.9,8.8,4.4,6.8,,6.958,10.0,6.0,7.5,,0,0.0,0.0,0,Adequado,0.0
RA-178,2022,3,13.0,Feminino,2016,7.025,Agata,0.0,8.8,4.4,6.3,,8.458,10.0,6.2,5.3,7.3,0,1.0,0.0,0,Adequado,6.0
RA-178,2023,4,,Feminino,2016,7.406658333,Ametista,7.9,8.7,2.52,5.9,7.65625,8.42,10.0,6.3,5.8,5.5,0,,,0,Adequado,7.0
RA-178,2024,5,16.0,Feminino,2021,7.234168831200001,Ametista,9.585,8.739177489333334,6.26,4.166666666666667,7.625,6.53,10.0,2.5,2.5,7.5,0,,,0,Adequado,3.0
RA-179,2022,3,12.0,Masculino,2022,7.993,Ametista,7.5,9.2,7.5,6.1,,8.042,10.0,3.7,6.7,8.0,0,0.0,1.0,0,Adequado,0.0
RA-179,2023,3,12.0,Masculino,2022,8.437641667,Topazio,8.8,9.4,7.52,6.4,8.59375,8.9225,10.0,8.7,6.3,4.3,0,,,0,Adequado,1.0
RA-179,2024,4,13.0,Masculino,2022,8.932712280733334,Topazio,9.168,9.407894737,9.38,8.166666666666666,8.75,8.44,10.0,7.0,8.0,9.5,1,,,0,Adiantado,2.0
RA-18,2022,7,19.0,Masculino,2022,7.226,Ametista,6.3,8.7,6.3,9.0,,6.875,5.0,9.0,9.0,,-1,0.0,1.0,0,Defasagem leve,0.0
RA-180,2022,3,12.0,Masculino,2018,8.442,Topazio,9.2,8.3,6.3,8.1,,8.625,10.0,7.7,8.3,8.3,0,1.0,0.0,0,Adequado,4.0
RA-180,2023,4,13.0,Masculino,2018,8.283216667,Topazio,9.2,9.4,2.52,8.0,8.4375,8.92,10.0,8.3,7.3,8.5,1,,,0,Adiantado,5.0
RA-180,2024,5,14.0,Masculino,2021,8.801463636333335,Topazio,9.168,9.431818181666666,7.51,8.5,8.125,8.674,10.0,9.0,8.5,8.0,2,,,0,Adiantado,3.0
RA-181,2022,3,13.0,Feminino,2019,8.623,Topazio,9.2,9.5,8.8,6.8,,8.458,10.0,6.8,7.3,6.2,0,1.0,0.0,0,Adequado,3.0
RA-181,2023,4,,Feminino,2019,7.671208333,Ametista,9.6,8.3,2.52,6.8,7.96875,8.2525,10.0,8.3,6.5,5.5,0,,,0,Adequado,4.0
RA-181,2024,5,15.0,Feminino,2021,7.439841414133334,Ametista,7.5,8.737373737333334,6.26,4.333333333333333,7.625,8.436,10.0,0.0,7.5,5.5,0,,,0,Adequado,3.0
RA-182,2022,3,16.0,Feminino,2021,6.328,Agata,7.5,8.0,7.5,4.1,,6.958,2.5,1.3,5.7,5.4,-3,0.0,0.0,1,Defasagem moderada/severa,1.0
RA-183,2022,3,13.0,Feminino,2022,7.3,Ametista,8.3,8.8,7.5,3.8,,7.25,10.0,0.0,7.5,,0,0.0,0.0,0,Adequado,0.0
RA-183,2023,3,14.0,Feminino,2022,7.586241667,Ametista,7.9,9.7,2.52,7.7,7.96875,8.795,5.0,7.0,8.0,8.2,-1,,,0,Defasagem leve,1.0
RA-183,2024,4,15.0,Feminino,2022,8.266902371533334,Topazio,7.917,9.249011857666666,6.26,7.5,8.25,8.372,10.0,5.0,7.5,10.0,0,,,0,Adequado,2.0
RA-184,2022,3,16.0,Masculino,2019,7.28,Ametista,8.8,7.7,7.5,7.2,,8.0,2.5,5.0,7.3,9.3,-3,0.0,1.0,1,Defasagem moderada/severa,3.0
RA-184,2023,4,13.0,Masculino,2019,8.430241667,Topazio,7.9,9.5,7.52,7.1,8.59375,8.5025,10.0,7.3,6.3,7.8,1,,,0,Adiantado,4.0
RA-184,2024,5,14.0,Masculino,2021,8.471456704266666,Topazio,8.751,8.696741854666667,6.26,8.166666666666666,7.96875,9.004,10.0,9.5,5.0,10.0,1,,,0,Adiantado,3.0
RA-185,2022,3,15.0,Masculino,2021,6.615,Agata,7.9,7.7,7.5,4.5,,6.875,5.0,3.3,5.7,4.5,-2,0.0,0.0,1,Defasagem moderada/severa,1.0
RA-186,2022,3,13.0,Feminino,2019,7.832,Ametista,8.3,8.5,7.5,6.6,,7.5,10.0,6.0,5.7,8.0,0,0.0,1.0,0,Adequado,3.0
RA-186,2023,4,,Feminino,2019,7.817541667,Ametista,7.5,9.7,2.52,6.9,7.96875,8.46,10.0,6.8,7.0,7.0,0,,,0,Adequado,4.0
RA-186,2024,5,15.0,Feminino,2021,8.325963636333334,Topazio,7.917,9.640151515,6.26,7.166666666666667,8.125,8.672,10.0,6.0,7.0,8.5,1,,,0,Adiantado,3.0
RA-187,2022,3,12.0,Feminino,2019,7.928,Ametista,8.8,8.9,7.5,5.8,,7.917,10.0,5.3,7.2,4.8,0,0.0,0.0,0,Adequado,3.0
RA-187,2023,3,13.0,Feminino,2019,7.809875,Ametista,7.5,9.9,2.52,6.9,7.96875,8.255,10.0,7.3,8.7,4.7,0,,,0,Adequado,4.0
RA-187,2024,4,14.0,Feminino,2021,8.568424074066666,Topazio,8.751,9.537037037,5.635,7.833333333333333,8.4375,9.06,10.0,7.5,7.0,9.0,0,,,0,Adequado,3.0
RA-188,2022,3,14.0,Masculino,2021,5.307,Quartzo,0.0,6.1,7.5,2.7,,7.583,5.0,3.0,3.2,2.0,-1,0.0,1.0,0,Defasagem leve,1.0
RA-189,2022,3,14.0,Masculino,2018,7.629,Ametista,10.0,9.7,5.0,7.2,,7.333,5.0,6.3,7.2,8.0,-1,0.0,0.0,0,Defasagem leve,4.0
RA-189,2023,4,14.0,Masculino,2018,7.727325,Ametista,7.9,9.4,2.52,6.5,8.28125,8.3775,10.0,6.3,6.5,6.7,0,,,0,Adequado,5.0
RA-189,2024,5,15.0,Masculino,2021,8.586533333333334,Topazio,10.0,10.0,6.255,8.166666666666666,6.875,8.2,10.0,7.0,7.5,10.0,0,,,0,Adequado,3.0
RA-19,2022,7,19.0,Feminino,2022,7.665,Ametista,7.9,9.5,7.5,8.0,,7.0,5.0,7.0,9.0,,-1,0.0,1.0,0,Defasagem leve,0.0
RA-19,2023,7,19.0,Feminino,2022,7.710866667,Ametista,7.9,9.4,5.63,7.8,7.75,8.1725,5.0,7.7,7.0,8.8,-1,,,0,Defasagem leve,1.0
RA-19,2024,8,20.0,Feminino,2022,,,,0.0,,,,,10.0,,,,0,,,0,Adequado,2.0
RA-190,2022,3,13.0,Feminino,2022,7.335,Ametista,6.7,6.9,8.8,6.3,,7.25,10.0,5.0,7.5,,0,0.0,0.0,0,Adequado,0.0
RA-190,2023,3,14.0,Feminino,2022,6.934158333,Agata,7.9,9.5,2.52,5.7,7.65625,7.9575,5.0,5.8,5.2,6.0,-1,,,0,Defasagem leve,1.0
RA-191,2022,3,13.0,Masculino,2019,8.74,Topazio,10.0,9.4,8.8,7.2,,8.5,10.0,8.0,7.2,6.3,0,1.0,0.0,0,Adequado,3.0
RA-191,2023,4,14.0,Masculino,2019,7.263666667,Ametista,0.0,9.7,2.52,7.8,8.125,8.4625,10.0,8.7,7.0,7.8,0,,,0,Adequado,4.0
RA-191,2024,7,15.0,Masculino,2021,7.7887,Ametista,7.5,9.571,5.945,6.3999999999999995,7.5,7.5,10.0,6.0,6.9,6.3,2,,,0,Adiantado,3.0
RA-192,2022,3,15.0,Masculino,2021,4.932,Quartzo,8.8,3.6,7.5,2.7,,4.708,5.0,1.7,4.7,1.7,-2,0.0,0.0,1,Defasagem moderada/severa,1.0
RA-192,2023,4,16.0,Masculino,2021,6.616016667,Agata,8.8,6.2,5.0,6.5,7.1875,7.3775,5.0,6.0,5.8,7.8,-2,,,1,Defasagem moderada/severa,2.0
RA-192,2024,5,17.0,Masculino,2021,6.882960606066668,Agata,8.334,6.363636363666667,7.51,7.166666666666667,7.125,6.9,5.0,4.0,7.5,10.0,-2,,,1,Defasagem moderada/severa,3.0
RA-193,2022,3,12.0,Masculino,2016,8.155,Topazio,9.2,8.9,5.6,6.7,,8.5,10.0,5.0,6.3,8.7,0,1.0,0.0,0,Adequado,6.0
RA-193,2023,4,13.0,Masculino,2016,7.718566667,Ametista,8.3,9.4,2.52,6.5,8.125,8.17,10.0,6.0,6.3,7.3,1,,,0,Adiantado,7.0
RA-193,2024,5,14.0,Masculino,2021,8.465046969666668,Topazio,8.751,9.848484848333333,6.26,7.0,8.4375,8.7525,10.0,6.5,4.5,10.0,1,,,0,Adiantado,3.0
RA-194,2022,3,14.0,Feminino,2022,4.265,Quartzo,0.0,6.2,5.0,3.2,,3.75,5.0,3.7,5.8,0.0,-1,0.0,0.0,0,Defasagem leve,0.0
RA-195,2022,3,13.0,Feminino,2017,8.017,Ametista,8.8,9.2,5.0,6.3,,8.25,10.0,6.8,6.3,5.8,0,0.0,0.0,0,Adequado,5.0
RA-195,2023,4,,Feminino,2017,7.60205,Ametista,7.1,9.2,2.52,6.0,8.4375,8.79,10.0,6.3,6.2,5.5,0,,,0,Adequado,6.0
RA-195,2024,5,15.0,Feminino,2021,8.4690496032,Topazio,7.5,9.682539682666667,6.26,7.833333333333333,7.96875,8.965,10.0,9.0,6.5,8.0,1,,,0,Adiantado,3.0
RA-196,2022,3,12.0,Masculino,2018,8.124,Topazio,9.2,9.1,7.5,5.1,,8.625,10.0,4.0,6.0,5.3,0,1.0,0.0,0,Adequado,4.0
RA-196,2023,4,13.0,Masculino,2018,7.560991667,Ametista,7.9,9.0,2.52,6.2,8.28125,8.2125,10.0,7.0,6.0,5.7,1,,,0,Adiantado,5.0
RA-196,2024,5,14.0,Masculino,2021,8.823550937933334,Topazio,8.751,9.689754689666666,7.51,8.0,8.75,8.9225,10.0,8.0,7.0,9.0,1,,,0,Adiantado,3.0
RA-197,2022,3,13.0,Feminino,2021,8.218,Topazio,8.8,9.7,4.4,7.3,,8.292,10.0,6.0,7.5,8.3,0,0.0,0.0,0,Adequado,1.0
RA-197,2023,4,13.0,Feminino,2021,7.967608333,Ametista,8.3,9.8,2.52,7.2,7.96875,8.46,10.0,7.0,7.3,7.2,1,,,0,Adiantado,2.0
RA-197,2024,5,14.0,Feminino,2021,8.568238636333334,Topazio,7.5,9.848484848333333,6.26,8.333333333333334,7.96875,8.795,10.0,7.0,8.0,10.0,0,,,0,Adequado,3.0
RA-198,2022,3,13.0,Masculino,2017,5.554,Quartzo,0.0,6.2,5.0,4.6,,5.958,10.0,5.2,5.8,2.8,0,0.0,0.0,0,Adequado,5.0
RA-199,2022,3,13.0,Masculino,2022,7.564,Ametista,8.3,7.1,7.5,7.5,,6.458,10.0,5.7,7.8,9.0,0,0.0,0.0,0,Adequado,0.0
RA-199,2023,3,,Masculino,2022,7.892341667,Ametista,9.2,7.6,7.51,8.5,7.96875,8.505,5.0,8.2,8.2,9.2,-1,,,0,Defasagem leve,1.0
RA-199,2024,4,15.0,Masculino,2022,7.419398245666667,Ametista,8.334,7.554824561666667,6.88,7.166666666666667,8.125,8.206,5.0,5.0,9.0,7.5,-1,,,0,Defasagem leve,2.0
RA-2,2022,7,17.0,Feminino,2017,7.055,Ametista,8.8,5.2,6.3,6.8,,6.778,10.0,6.3,4.5,9.7,0,0.0,0.0,0,Adequado,5.0
RA-2,2023,8,18.0,Feminino,2017,,,,,,,,,10.0,,,,0,,,0,Adequado,6.0
RA-2,2024,8,19.0,Feminino,2021,,,,0.0,,,,,10.0,,,,0,,,0,Adequado,3.0
RA-20,2022,7,19.0,Feminino,2022,7.535,Ametista,7.1,10.0,6.3,7.8,,7.167,5.0,9.0,6.5,,-1,0.0,1.0,0,Defasagem leve,0.0
RA-200,2022,3,15.0,Masculino,2018,5.705,Quartzo,7.9,5.6,4.4,5.5,,4.917,5.0,4.7,5.0,6.8,-2,0.0,0.0,1,Defasagem moderada/severa,4.0
RA-200,2023,4,16.0,Masculino,2018,5.661166667,Quartzo,9.6,4.5,2.52,4.3,7.5,7.17,5.0,4.3,4.2,4.5,-2,,,1,Defasagem moderada/severa,5.0
RA-201,2022,3,15.0,Feminino,2021,7.078,Ametista,7.9,7.3,7.5,6.5,,7.542,5.0,6.0,7.2,6.3,-2,0.0,0.0,1,Defasagem moderada/severa,1.0
RA-202,2022,3,14.0,Feminino,2017,5.201,Quartzo,0.0,5.2,4.4,5.4,,6.917,5.0,6.3,5.8,4.2,-1,0.0,1.0,0,Defasagem leve,5.0
RA-202,2023,4,,Feminino,2017,6.791641667,Agata,8.8,7.9,2.52,5.9,7.96875,8.005,5.0,6.3,4.8,6.7,-1,,,0,Defasagem leve,6.0
RA-202,2024,5,16.0,Feminino,2021,7.3512154762,Ametista,8.334,7.880952381,6.26,7.5,7.65625,7.75,5.0,8.5,6.0,8.0,-1,,,0,Defasagem leve,3.0
RA-203,2022,3,14.0,Feminino,2021,5.669,Quartzo,8.8,4.3,7.5,2.8,,6.875,5.0,2.3,3.5,2.5,-1,0.0,0.0,0,Defasagem leve,1.0
RA-204,2022,3,13.0,Feminino,2019,6.943,Agata,7.9,6.7,4.4,7.4,,5.708,10.0,5.3,8.5,8.5,0,0.0,0.0,0,Adequado,3.0
RA-204,2023,4,,Feminino,2019,7.557558333,Ametista,8.8,7.9,2.52,7.1,8.28125,8.045,10.0,4.7,8.0,8.5,0,,,0,Adequado,4.0
RA-204,2024,4,15.0,Feminino,2021,7.838218894866668,Ametista,9.168,6.827094474333333,6.26,7.5,7.125,8.5875,10.0,5.0,7.5,10.0,0,,,0,Adequado,3.0
RA-205,2022,3,14.0,Masculino,2020,5.372,Quartzo,9.6,3.8,7.5,4.1,,4.833,5.0,5.7,1.7,5.0,-1,0.0,0.0,0,Defasagem leve,2.0
RA-205,2023,4,,Masculino,2020,6.857625,Agata,9.6,7.6,4.38,6.6,7.03125,7.09,5.0,7.0,5.5,7.3,-1,,,0,Defasagem leve,3.0
RA-206,2022,3,12.0,Feminino,2022,7.101,Ametista,8.3,8.8,7.5,5.0,,5.167,10.0,4.0,6.0,,0,0.0,0.0,0,Adequado,0.0
RA-207,2022,3,16.0,Masculino,2021,4.936,Quartzo,0.0,4.8,7.5,5.8,,5.708,2.5,5.3,4.0,8.0,-3,0.0,0.0,1,Defasagem moderada/severa,1.0
RA-208,2022,3,14.0,Masculino,2018,6.667,Agata,7.5,7.1,7.5,6.1,,6.417,5.0,5.0,7.5,5.8,-1,0.0,0.0,0,Defasagem leve,4.0
RA-209,2022,3,14.0,Masculino,2019,4.499,Quartzo,0.0,4.8,5.6,6.0,,3.75,5.0,5.0,5.2,7.8,-1,0.0,0.0,0,Defasagem leve,3.0
RA-21,2022,7,18.0,Masculino,2022,6.945,Agata,9.6,9.2,7.5,3.8,,7.25,5.0,7.0,0.5,,-1,0.0,1.0,0,Defasagem leve,0.0
RA-21,2023,8,19.0,Masculino,2022,,,,,,,,,10.0,,,,0,,,0,Adequado,1.0
RA-21,2024,8,20.0,Masculino,2022,,,,0.0,,,,,10.0,,,,0,,,0,Adequado,2.0
RA-210,2022,3,14.0,Masculino,2022,4.44,Quartzo,0.0,5.1,7.5,3.4,,4.417,5.0,2.7,5.3,2.3,-1,0.0,0.0,0,Defasagem leve,0.0
RA-211,2022,3,13.0,Masculino,2021,8.465,Topazio,9.2,8.8,7.5,7.6,,8.458,10.0,6.7,7.5,8.5,0,1.0,1.0,0,Adequado,1.0
RA-211,2023,4,14.0,Masculino,2021,8.024791667,Topazio,9.6,9.4,2.52,7.1,7.65625,8.71,10.0,7.7,8.0,5.7,0,,,0,Adequado,2.0
RA-211,2024,5,15.0,Masculino,2021,8.283601875933334,Topazio,9.585,9.379509379666667,7.51,7.0,7.25,7.866,10.0,5.5,6.5,9.0,0,,,0,Adequado,3.0
RA-212,2022,3,14.0,Masculino,2022,7.268,Ametista,9.6,8.4,7.5,6.2,,6.958,5.0,4.8,5.8,7.8,-1,0.0,0.0,0,Defasagem leve,0.0
RA-213,2022,3,13.0,Masculino,2022,7.209,Ametista,9.6,8.7,7.5,3.5,,6.833,10.0,5.0,2.0,,0,0.0,0.0,0,Adequado,0.0
RA-214,2022,3,15.0,Masculino,2022,4.87,Quartzo,0.0,6.1,7.5,4.3,,5.125,5.0,5.0,3.5,,-2,0.0,0.0,1,Defasagem moderada/severa,0.0
RA-215,2022,3,13.0,Feminino,2021,7.172,Ametista,6.7,5.8,7.5,7.8,,6.542,10.0,5.7,7.7,10.0,0,0.0,0.0,0,Adequado,1.0
RA-215,2023,4,14.0,Feminino,2021,7.166475,Ametista,8.8,6.6,2.52,6.9,7.96875,7.7125,10.0,5.7,6.7,8.3,0,,,0,Adequado,2.0
RA-215,2024,5,15.0,Feminino,2021,7.045258874400002,Ametista,7.084,6.455627705333334,6.26,5.666666666666667,8.0,7.432,10.0,5.0,2.0,10.0,0,,,0,Adequado,3.0
RA-216,2022,3,13.0,Feminino,2018,7.502,Ametista,7.9,8.5,7.5,7.0,,5.583,10.0,5.3,6.5,9.2,0,0.0,0.0,0,Adequado,4.0
RA-217,2022,3,15.0,Feminino,2021,7.397,Ametista,7.9,8.5,7.5,7.1,,7.292,5.0,6.3,7.2,7.7,-2,0.0,1.0,1,Defasagem moderada/severa,1.0
RA-217,2023,4,,Feminino,2021,6.96965,Agata,8.3,8.6,2.52,5.6,8.4375,8.5025,5.0,6.7,5.3,4.8,-1,,,0,Defasagem leve,2.0
RA-217,2024,5,17.0,Feminino,2021,7.4209164502,Ametista,8.334,8.917748917666666,6.26,7.833333333333333,7.125,6.994,5.0,9.0,7.0,7.5,-1,,,0,Defasagem leve,3.0
RA-218,2022,3,14.0,Feminino,2022,6.1,Agata,6.3,7.3,7.5,4.0,,6.125,5.0,5.0,7.0,0.0,-1,0.0,0.0,0,Defasagem leve,0.0
RA-218,2023,4,15.0,Feminino,2022,5.811541667,Quartzo,0.0,6.7,2.52,6.7,7.96875,7.88,5.0,5.7,7.0,7.5,-1,,,0,Defasagem leve,1.0
RA-219,2022,3,16.0,Masculino,2019,5.942,Quartzo,8.8,6.9,7.5,3.5,,6.375,2.5,4.0,4.8,1.7,-3,0.0,0.0,1,Defasagem moderada/severa,3.0
RA-22,2022,6,17.0,Feminino,2019,7.474,Ametista,8.3,7.4,8.1,6.7,,8.833,5.0,9.0,3.1,7.8,-1,1.0,0.0,0,Defasagem leve,3.0
RA-220,2022,3,13.0,Feminino,2022,7.028,Agata,0.0,8.1,7.5,6.5,,7.833,10.0,6.8,6.8,5.8,0,0.0,1.0,0,Adequado,0.0
RA-220,2023,4,14.0,Feminino,2022,7.102016667,Ametista,8.8,7.6,2.52,6.1,7.1875,7.5475,10.0,6.3,5.8,6.3,0,,,0,Adequado,1.0
RA-220,2024,5,15.0,Feminino,2022,7.6987770562666675,Ametista,8.751,8.198051948,6.26,6.833333333333333,7.25,7.332,10.0,8.0,3.5,9.0,0,,,0,Adequado,2.0
RA-221,2022,3,14.0,Masculino,2022,6.892,Agata,9.6,8.5,7.5,5.2,,6.0,5.0,7.0,3.5,5.0,-1,0.0,0.0,0,Defasagem leve,0.0
RA-221,2023,3,15.0,Masculino,2022,6.959916667,Agata,9.6,9.0,5.0,5.0,7.1875,7.38,5.0,5.5,4.8,4.8,-2,,,1,Defasagem moderada/severa,1.0
RA-222,2022,3,15.0,Feminino,2019,5.604,Quartzo,7.1,4.6,7.5,6.2,,4.917,5.0,5.0,7.5,6.0,-2,0.0,0.0,1,Defasagem moderada/severa,3.0
RA-223,2022,3,13.0,Feminino,2022,4.966,Quartzo,0.0,4.6,7.5,3.1,,5.583,10.0,4.3,4.7,0.2,0,0.0,0.0,0,Adequado,0.0
RA-223,2023,3,14.0,Feminino,2022,5.089833333,Quartzo,0.0,4.5,7.52,3.8,7.5,7.1725,5.0,5.5,4.0,1.8,-1,,,0,Defasagem leve,1.0
RA-224,2022,3,13.0,Masculino,2021,5.671,Quartzo,9.6,4.3,7.5,2.6,,4.875,10.0,5.0,2.7,0.0,0,0.0,0.0,0,Adequado,1.0
RA-225,2022,3,14.0,Masculino,2022,5.918,Quartzo,8.3,5.3,7.5,5.0,,5.708,5.0,3.0,7.0,,-1,0.0,0.0,0,Defasagem leve,0.0
RA-226,2022,3,14.0,Feminino,2022,6.549,Agata,7.5,6.1,7.5,6.8,,6.208,5.0,7.0,6.5,,-1,0.0,0.0,0,Defasagem leve,0.0
RA-227,2022,3,12.0,Masculino,2022,6.471,Agata,9.2,6.4,7.5,3.3,,5.833,10.0,4.7,4.3,1.0,0,0.0,0.0,0,Adequado,0.0
RA-227,2023,3,,Masculino,2022,7.722125,Ametista,9.6,7.5,5.63,6.9,8.28125,7.4625,10.0,7.2,6.5,7.0,0,,,0,Adequado,1.0
RA-227,2024,3,13.0,Masculino,2022,8.074015455333335,Topazio,9.585,8.097577276666668,9.38,6.5,7.5,7.54,10.0,4.0,6.0,9.5,0,,,0,Adequado,2.0
RA-228,2022,3,15.0,Feminino,2017,6.196,Agata,7.5,6.7,7.5,4.8,,6.417,5.0,3.0,6.0,5.3,-2,0.0,0.0,1,Defasagem moderada/severa,5.0
RA-229,2022,3,12.0,Masculino,2022,8.62,Topazio,10.0,9.4,7.5,6.9,,8.5,10.0,7.0,6.7,7.2,0,1.0,1.0,0,Adequado,0.0
RA-229,2023,4,,Masculino,2022,8.207591667,Topazio,9.2,9.8,2.52,7.8,8.28125,8.42,10.0,8.0,8.2,7.3,1,,,0,Adiantado,1.0
RA-229,2024,5,14.0,Masculino,2022,8.852545634933334,Topazio,9.585,9.841269841333334,5.635,8.833333333333334,8.28125,8.8375,10.0,9.5,7.0,10.0,1,,,0,Adiantado,2.0
RA-23,2022,6,17.0,Masculino,2021,7.677,Ametista,8.3,8.2,8.1,6.7,,8.556,5.0,7.2,4.7,8.2,-1,1.0,1.0,0,Defasagem leve,1.0
RA-23,2023,8,,Masculino,2021,,,,,,,,,10.0,,,,1,,,0,Adiantado,2.0
RA-23,2024,8,19.0,Masculino,2021,,,,0.0,,,,,10.0,,,,0,,,0,Adequado,3.0
RA-230,2022,3,14.0,Masculino,2022,6.328,Agata,7.9,5.1,7.5,5.7,,6.75,5.0,3.7,4.3,9.0,-1,0.0,1.0,0,Defasagem leve,0.0
RA-231,2022,3,14.0,Masculino,2022,6.116,Agata,8.8,7.4,7.5,3.8,,5.333,5.0,3.0,4.5,,-1,0.0,0.0,0,Defasagem leve,0.0
RA-232,2022,3,12.0,Masculino,2022,4.245,Quartzo,0.0,4.9,7.5,0.0,,4.542,10.0,0.0,0.0,,0,0.0,0.0,0,Adequado,0.0
RA-233,2022,3,14.0,Masculino,2022,6.051,Agata,7.9,7.4,7.5,3.8,,5.5,5.0,3.0,4.5,,-1,0.0,0.0,0,Defasagem leve,0.0
RA-234,2022,3,13.0,Masculino,2022,6.719,Agata,10.0,7.6,5.6,4.3,,5.583,10.0,3.7,6.3,2.8,0,0.0,0.0,0,Adequado,0.0
RA-234,2023,3,13.0,Masculino,2022,6.248741667,Agata,6.7,8.0,2.52,5.6,4.84375,5.595,10.0,6.3,5.3,5.3,0,,,0,Adequado,1.0
RA-235,2022,3,14.0,Feminino,2022,6.79,Agata,8.3,7.3,7.5,6.3,,6.417,5.0,7.0,5.5,,-1,0.0,0.0,0,Defasagem leve,0.0
RA-236,2022,3,12.0,Feminino,2022,7.11,Ametista,9.6,7.5,7.5,3.7,,7.208,10.0,4.0,4.0,3.0,0,0.0,0.0,0,Adequado,0.0
RA-236,2023,3,13.0,Feminino,2022,7.337116667,Ametista,10.0,7.5,7.52,4.5,7.1875,7.2975,10.0,6.3,4.0,3.3,0,,,0,Adequado,1.0
RA-236,2024,4,14.0,Feminino,2022,6.980833740133334,Agata,9.168,7.890668700666666,6.26,4.5,6.875,6.362,10.0,1.5,4.0,8.0,0,,,0,Adequado,2.0
RA-237,2022,3,14.0,Feminino,2022,8.084,Topazio,10.0,9.0,7.5,7.8,,8.417,5.0,6.8,7.7,8.8,-1,1.0,1.0,0,Defasagem leve,0.0
RA-237,2023,4,15.0,Feminino,2022,7.436566667,Ametista,8.3,9.5,2.52,6.7,8.125,8.96,5.0,7.7,7.0,5.5,-1,,,0,Defasagem leve,1.0
RA-237,2024,5,16.0,Feminino,2022,7.931384271366667,Ametista,8.751,9.689754689666666,6.26,7.666666666666667,7.916666667,8.336666667,5.0,6.0,7.0,10.0,-1,,,0,Defasagem leve,2.0
RA-238,2022,3,14.0,Feminino,2021,6.331,Agata,8.8,6.4,5.0,5.1,,7.208,5.0,4.3,6.5,4.5,-1,0.0,0.0,0,Defasagem leve,1.0
RA-239,2022,3,15.0,Feminino,2021,4.572,Quartzo,0.0,3.7,7.5,3.7,,5.958,5.0,2.0,4.7,4.5,-2,0.0,0.0,1,Defasagem moderada/severa,1.0
RA-239,2023,4,16.0,Feminino,2021,6.411333333,Agata,0.0,8.4,5.0,7.0,8.125,7.6275,5.0,6.0,7.2,7.7,-2,,,1,Defasagem moderada/severa,2.0
RA-239,2024,4,17.0,Feminino,2021,6.782180868800001,Agata,8.751,6.361737677333333,5.635,6.666666666666667,7.875,8.502,2.5,4.0,10.0,6.0,-3,,,1,Defasagem moderada/severa,3.0
RA-24,2022,6,17.0,Feminino,2021,8.087,Topazio,9.2,7.9,6.9,8.6,,9.111,5.0,10.0,6.3,9.7,-1,1.0,0.0,0,Defasagem leve,1.0
RA-240,2022,3,13.0,Feminino,2017,6.943,Agata,7.1,8.1,5.0,4.7,,7.042,10.0,6.3,5.0,2.8,0,0.0,0.0,0,Adequado,5.0
RA-240,2023,4,,Feminino,2017,6.337966667,Agata,7.1,6.7,2.52,4.8,6.875,6.9175,10.0,7.0,3.3,4.2,0,,,0,Adequado,6.0
RA-241,2022,3,14.0,Masculino,2016,8.468,Topazio,10.0,10.0,7.5,7.7,,9.125,5.0,8.2,7.5,7.3,-1,1.0,0.0,0,Defasagem leve,6.0
RA-241,2023,4,,Masculino,2016,7.016,Ametista,0.0,9.9,2.52,7.5,8.75,9.545,5.0,9.3,7.0,6.2,-1,,,0,Defasagem leve,7.0
RA-241,2024,7,16.0,Masculino,2021,8.311616666733334,Topazio,10.0,9.891666667,7.1975,6.816666666666667,7.5,7.5,10.0,6.15,7.2,7.1,2,,,0,Adiantado,3.0
RA-242,2022,3,13.0,Masculino,2018,8.673,Topazio,9.6,9.7,5.6,8.2,,8.708,10.0,8.7,7.2,8.7,0,1.0,0.0,0,Adequado,4.0
RA-242,2023,4,14.0,Masculino,2018,8.221841667,Topazio,7.1,9.7,2.52,7.9,8.59375,9.3775,10.0,9.3,7.3,7.2,0,,,0,Adequado,5.0
RA-242,2024,7,15.0,Masculino,2021,8.2887,Topazio,9.585,9.621,6.26,7.650000000000001,7.5,7.5,10.0,8.05,8.05,6.85,2,,,0,Adiantado,3.0
RA-243,2022,3,15.0,Feminino,2022,6.982,Agata,7.1,8.7,5.0,6.0,,7.875,5.0,5.0,5.3,7.7,-2,0.0,0.0,1,Defasagem moderada/severa,0.0
RA-244,2022,3,12.0,Feminino,2018,8.51,Topazio,7.5,9.4,6.3,7.8,,9.208,10.0,6.7,8.0,8.7,0,1.0,0.0,0,Adequado,4.0
RA-244,2023,4,13.0,Feminino,2018,7.044333333,Ametista,0.0,8.8,2.52,7.3,8.125,8.8325,10.0,7.0,8.0,6.8,1,,,0,Adiantado,5.0
RA-244,2024,5,14.0,Feminino,2021,8.7225,Topazio,7.5,10.0,6.26,9.5,8.125,8.17,10.0,10.0,9.0,9.5,1,,,0,Adiantado,3.0
RA-245,2022,3,14.0,Masculino,2016,8.656,Topazio,10.0,9.9,7.5,8.4,,9.25,5.0,8.3,8.2,8.8,-1,1.0,0.0,0,Defasagem leve,6.0
RA-245,2023,4,,Masculino,2016,7.171166667,Ametista,0.0,10.0,2.52,8.1,8.75,9.5875,5.0,9.3,7.8,7.3,-1,,,0,Defasagem leve,7.0
RA-245,2024,7,16.0,Masculino,2021,8.452633333266668,Topazio,9.168,9.953333333,6.885,8.033333333333333,7.5,7.5,10.0,8.4,7.6,8.1,2,,,0,Adiantado,3.0
RA-246,2022,3,13.0,Masculino,2022,8.639,Topazio,8.3,9.4,7.5,7.6,,9.167,10.0,8.0,6.7,8.0,0,1.0,1.0,0,Adequado,0.0
RA-246,2023,4,,Masculino,2022,8.256766667,Topazio,8.8,9.9,4.39,6.8,8.125,8.9175,10.0,7.7,7.0,5.8,0,,,0,Adequado,1.0
RA-246,2024,7,15.0,Masculino,2022,4.7404,Quartzo,8.334,0.0,6.57,0.0,7.5,7.5,10.0,0.0,0.0,0.0,2,,,0,Adiantado,2.0
RA-247,2022,3,13.0,Feminino,2021,7.72,Ametista,8.3,8.2,7.5,5.8,,7.875,10.0,5.3,5.7,6.3,0,0.0,1.0,0,Adequado,1.0
RA-247,2023,3,13.0,Feminino,2021,7.221958333,Ametista,0.0,8.5,7.52,7.2,8.28125,7.5425,10.0,6.5,6.7,8.3,0,,,0,Adequado,2.0
RA-247,2024,4,14.0,Feminino,2021,6.646485739800001,Agata,0.0,8.306595365666666,6.26,4.333333333333333,7.75,8.5875,10.0,0.0,5.0,8.0,0,,,0,Adequado,3.0
RA-248,2022,3,13.0,Masculino,2022,7.429,Ametista,9.2,7.6,7.5,5.2,,7.292,10.0,4.0,5.5,6.0,0,0.0,0.0,0,Adequado,0.0
RA-249,2022,3,14.0,Masculino,2017,5.097,Quartzo,6.7,7.4,5.0,2.9,,4.292,5.0,2.3,4.2,2.2,-1,0.0,0.0,0,Defasagem leve,5.0
RA-249,2023,3,,Masculino,2017,5.444625,Quartzo,0.0,8.2,5.0,4.9,5.15625,6.545,5.0,6.2,5.3,3.2,-2,,,1,Defasagem moderada/severa,6.0
RA-249,2024,4,16.0,Masculino,2021,6.125104328999999,Agata,7.083,6.645021645,5.0,5.0,6.75,7.064,5.0,1.0,8.0,6.0,-2,,,1,Defasagem moderada/severa,3.0
RA-25,2022,6,17.0,Feminino,2021,7.979,Ametista,8.3,8.3,8.8,6.9,,9.667,5.0,9.2,3.8,7.7,-1,1.0,1.0,0,Defasagem leve,1.0
RA-25,2023,8,18.0,Feminino,2021,,,,,,,,,10.0,,,,0,,,0,Adequado,2.0
RA-25,2024,8,19.0,Feminino,2021,,,,0.0,,,,,10.0,,,,0,,,0,Adequado,3.0
RA-250,2022,3,12.0,Feminino,2022,7.958,Ametista,8.3,8.6,7.5,6.6,,7.625,10.0,6.7,6.5,6.7,0,0.0,1.0,0,Adequado,0.0
RA-250,2023,3,13.0,Feminino,2022,7.598208333,Ametista,0.0,9.3,5.63,8.3,7.96875,8.625,10.0,7.7,8.8,8.3,0,,,0,Adequado,1.0
RA-250,2024,4,14.0,Feminino,2022,9.049892592566668,Topazio,9.168,9.629629629666667,6.88,9.166666666666666,8.958333333,8.95,10.0,10.0,7.5,10.0,0,,,0,Adequado,2.0
RA-251,2022,3,15.0,Masculino,2018,7.022,Agata,10.0,8.1,5.6,6.3,,6.625,5.0,5.3,6.3,7.2,-2,0.0,0.0,1,Defasagem moderada/severa,4.0
RA-251,2023,4,,Masculino,2018,6.665208333,Agata,9.6,8.0,2.52,5.3,7.34375,7.835,5.0,5.0,5.5,5.3,-1,,,0,Defasagem leve,5.0
RA-251,2024,5,16.0,Masculino,2021,6.7135006212,Agata,8.751,8.612836439,5.63,4.5,6.875,7.326666667,5.0,4.0,2.5,7.0,-1,,,0,Defasagem leve,3.0
RA-252,2022,3,14.0,Masculino,2018,4.277,Quartzo,9.2,2.8,7.5,0.9,,3.875,5.0,1.3,1.2,0.2,-1,0.0,0.0,0,Defasagem leve,4.0
RA-253,2022,3,15.0,Masculino,2019,4.312,Quartzo,9.2,3.6,5.0,1.8,,3.75,5.0,1.0,3.7,0.7,-2,0.0,0.0,1,Defasagem moderada/severa,3.0
RA-254,2022,3,14.0,Masculino,2019,6.715,Agata,10.0,7.4,5.6,5.3,,6.917,5.0,5.0,6.8,4.0,-1,0.0,0.0,0,Defasagem leve,3.0
RA-254,2023,4,15.0,Masculino,2019,,,9.6,8.8,,5.9,7.8125,7.71,5.0,5.7,5.7,6.2,-1,,,0,Defasagem leve,4.0
RA-255,2022,3,14.0,Masculino,2019,4.563,Quartzo,7.5,3.8,5.0,1.3,,5.542,5.0,1.0,2.3,0.5,-1,0.0,0.0,0,Defasagem leve,3.0
RA-256,2022,3,12.0,Feminino,2019,7.192,Ametista,8.8,8.5,5.0,5.2,,6.708,10.0,5.3,6.7,3.5,0,0.0,0.0,0,Adequado,3.0
RA-257,2022,3,14.0,Feminino,2018,5.149,Quartzo,0.0,6.4,5.6,3.6,,6.708,5.0,4.0,5.2,1.5,-1,0.0,0.0,0,Defasagem leve,4.0
RA-258,2022,3,12.0,Feminino,2018,6.926,Agata,10.0,7.3,5.6,4.8,,6.125,10.0,2.7,6.2,5.5,0,0.0,0.0,0,Adequado,4.0
RA-258,2024,3,13.0,Feminino,2021,6.429063888866667,Agata,7.084,6.944444444333333,7.51,2.5,7.34375,6.732,10.0,,5.0,0.0,0,,,0,Adequado,3.0
RA-259,2022,3,16.0,Masculino,2017,4.182,Quartzo,8.8,2.9,7.5,0.9,,4.625,2.5,0.0,2.7,0.2,-3,0.0,0.0,1,Defasagem moderada/severa,5.0
RA-26,2022,6,17.0,Masculino,2022,8.677,Topazio,9.6,8.8,10.0,8.0,,10.0,5.0,9.5,4.4,10.0,-1,1.0,1.0,0,Defasagem leve,0.0
RA-26,2023,7,,Masculino,2022,,,0.0,,7.52,,,,5.0,,,,-1,,,0,Defasagem leve,1.0
RA-26,2024,8,19.0,Masculino,2022,,,,0.0,,,,,10.0,,,,0,,,0,Adequado,2.0
RA-260,2022,3,13.0,Feminino,2019,7.44,Ametista,10.0,8.2,7.5,5.0,,6.458,10.0,5.7,5.2,4.2,0,0.0,0.0,0,Adequado,3.0
RA-260,2023,3,,Feminino,2019,8.080008333,Topazio,9.2,9.9,7.52,6.1,7.34375,7.4175,10.0,6.3,5.2,6.7,0,,,0,Adequado,4.0
RA-260,2024,4,15.0,Feminino,2021,8.448920634933334,Topazio,8.751,9.674603174666666,7.51,7.0,7.875,8.502,10.0,7.5,5.5,8.0,0,,,0,Adequado,3.0
RA-261,2022,3,14.0,Feminino,2019,6.763,Agata,8.8,7.2,5.6,5.8,,7.042,5.0,6.2,5.8,5.5,-1,0.0,1.0,0,Defasagem leve,3.0
RA-262,2022,3,15.0,Masculino,2021,4.786,Quartzo,0.0,5.8,5.6,3.4,,5.625,5.0,1.3,5.5,3.5,-2,0.0,0.0,1,Defasagem moderada/severa,1.0
RA-262,2023,4,,Masculino,2021,4.406458333,Quartzo,0.0,3.7,5.0,3.8,7.03125,6.05,5.0,5.0,3.3,3.0,-2,,,1,Defasagem moderada/severa,2.0
RA-262,2024,4,17.0,Masculino,2021,5.806145462066667,Quartzo,7.917,4.854560643666667,7.51,4.166666666666667,7.0,6.296,5.0,1.0,4.5,7.0,-2,,,1,Defasagem moderada/severa,3.0
RA-263,2022,3,15.0,Feminino,2019,5.319,Quartzo,5.8,5.6,7.5,3.7,,4.417,5.0,3.0,2.8,5.4,-2,0.0,0.0,1,Defasagem moderada/severa,3.0
RA-264,2022,3,15.0,Feminino,2022,7.087,Ametista,10.0,9.2,5.6,5.8,,6.625,5.0,6.0,5.5,,-2,0.0,0.0,1,Defasagem moderada/severa,0.0
RA-265,2022,3,13.0,Masculino,2019,7.926,Ametista,8.3,7.7,7.5,6.9,,7.917,10.0,5.3,7.0,8.5,0,0.0,1.0,0,Adequado,3.0
RA-265,2023,4,14.0,Masculino,2019,,,8.3,8.7,,7.0,7.96875,7.88,10.0,7.3,6.8,6.8,0,,,0,Adequado,4.0
RA-266,2022,3,16.0,Feminino,2019,5.987,Quartzo,7.5,5.8,5.6,6.0,,6.583,2.5,5.0,6.7,6.3,-3,0.0,0.0,1,Defasagem moderada/severa,3.0
RA-267,2022,3,15.0,Feminino,2016,6.012,Agata,10.0,7.4,5.0,3.3,,6.292,5.0,2.3,4.8,2.7,-2,0.0,0.0,1,Defasagem moderada/severa,6.0
RA-267,2023,4,16.0,Feminino,2016,,,7.9,7.7,,2.7,4.6875,6.505,5.0,2.7,4.0,1.3,-2,,,1,Defasagem moderada/severa,7.0
RA-267,2024,5,17.0,Feminino,2021,5.896306781966668,Quartzo,10.0,8.285533910333333,6.26,2.0,4.583333333,6.273333333,5.0,0.0,2.0,4.0,-2,,,1,Defasagem moderada/severa,3.0
RA-268,2022,3,14.0,Feminino,2021,6.695,Agata,9.2,6.7,6.3,5.7,,7.208,5.0,7.0,6.8,3.2,-1,0.0,1.0,0,Defasagem leve,1.0
RA-269,2022,3,13.0,Masculino,2022,8.231,Topazio,9.2,8.6,6.3,8.9,,7.25,10.0,8.7,9.5,8.5,0,0.0,0.0,0,Adequado,0.0
RA-269,2023,4,14.0,Masculino,2022,8.116041667,Topazio,9.6,9.0,2.52,7.4,8.59375,8.7975,10.0,8.0,7.3,7.0,0,,,0,Adequado,1.0
RA-269,2024,7,15.0,Masculino,2022,8.4773,Topazio,9.168,9.6,7.505,8.200000000000001,7.5,7.5,10.0,8.1,8.6,7.9,2,,,0,Adiantado,2.0
RA-27,2022,6,17.0,Masculino,2016,7.124,Ametista,0.0,7.6,8.1,8.0,,9.111,5.0,7.7,6.3,10.0,-1,1.0,0.0,0,Defasagem leve,6.0
RA-27,2023,7,,Masculino,2016,7.921266667,Ametista,6.7,7.7,6.89,6.9,8.625,8.8825,10.0,7.0,5.8,8.0,0,,,0,Adequado,7.0
RA-27,2024,8,18.0,Masculino,2021,,,,0.0,,,,,10.0,,,,0,,,0,Adequado,3.0
RA-270,2022,3,13.0,Feminino,2019,8.226,Topazio,8.3,8.4,6.9,7.9,,8.125,10.0,8.0,7.2,8.5,0,0.0,0.0,0,Adequado,3.0
RA-270,2023,4,14.0,Feminino,2019,7.982633333,Ametista,9.2,9.0,2.52,6.6,8.75,9.1275,10.0,7.7,6.2,5.8,0,,,0,Adequado,4.0
RA-270,2024,7,15.0,Feminino,2021,4.79255,Quartzo,9.168,0.0,6.2575,0.0,7.5,7.5,10.0,0.0,0.0,0.0,2,,,0,Adiantado,3.0
RA-271,2022,3,15.0,Feminino,2022,7.255,Ametista,9.2,8.5,5.6,7.1,,6.958,5.0,6.3,6.5,8.3,-2,0.0,1.0,1,Defasagem moderada/severa,0.0
RA-271,2023,4,16.0,Feminino,2022,6.140333333,Agata,0.0,9.3,2.52,5.9,8.125,7.7125,5.0,4.3,7.0,6.3,-2,,,1,Defasagem moderada/severa,1.0
RA-271,2024,5,17.0,Feminino,2022,7.400633333333334,Ametista,9.168,8.958333333333334,6.26,7.333333333333333,7.5,6.7475,5.0,5.0,7.5,9.5,-1,,,0,Defasagem leve,2.0
RA-272,2022,3,14.0,Masculino,2021,6.361,Agata,9.2,5.7,7.5,5.1,,6.417,5.0,5.0,6.8,3.5,-1,0.0,0.0,0,Defasagem leve,1.0
RA-273,2022,3,14.0,Feminino,2018,5.679,Quartzo,9.2,5.3,7.5,3.0,,5.833,5.0,3.8,4.7,0.5,-1,0.0,0.0,0,Defasagem leve,4.0
RA-273,2023,3,14.0,Feminino,2018,6.337116667,Agata,7.9,7.4,2.52,5.0,7.8125,7.6275,5.0,5.3,6.8,3.0,-1,,,0,Defasagem leve,5.0
RA-273,2024,4,16.0,Feminino,2021,6.5991307798,Agata,9.168,7.323153899,6.26,4.5,8.125,6.896,5.0,3.0,6.5,4.0,-1,,,0,Defasagem leve,3.0
RA-274,2022,3,11.0,Feminino,2019,7.946,Ametista,7.9,8.3,7.5,8.1,,7.0,10.0,8.1,9.3,7.0,1,0.0,0.0,0,Adiantado,3.0
RA-274,2023,4,12.0,Feminino,2019,8.137625,Topazio,7.5,9.5,5.63,7.5,7.65625,8.295,10.0,7.0,7.7,7.8,1,,,0,Adiantado,4.0
RA-274,2024,5,13.0,Feminino,2021,8.651029629666667,Topazio,8.334,9.648148147999999,5.635,9.333333333333334,8.125,8.226666667,10.0,9.0,9.0,10.0,2,,,0,Adiantado,3.0
RA-275,2022,3,15.0,Masculino,2018,6.665,Agata,9.6,6.9,7.5,4.6,,6.667,5.0,5.0,6.0,2.7,-2,0.0,1.0,1,Defasagem moderada/severa,4.0
RA-276,2022,3,14.0,Feminino,2017,5.527,Quartzo,7.1,5.7,5.6,4.3,,5.125,5.0,3.7,6.0,3.3,-1,0.0,0.0,0,Defasagem leve,5.0
RA-276,2023,4,,Feminino,2017,6.690458333,Agata,6.3,8.5,2.52,5.5,7.03125,6.585,10.0,3.7,4.7,8.0,0,,,0,Adequado,6.0
RA-277,2022,3,14.0,Masculino,2021,7.411,Ametista,7.1,8.8,7.5,7.4,,7.208,5.0,7.2,7.0,8.2,-1,0.0,1.0,0,Defasagem leve,1.0
RA-277,2023,4,,Masculino,2021,7.7284,Ametista,8.3,9.9,7.52,5.5,8.125,8.7525,5.0,5.7,6.0,4.8,-1,,,0,Defasagem leve,2.0
RA-277,2024,7,16.0,Masculino,2021,8.0689833334,Topazio,8.334,9.741666667,6.5725,6.8999999999999995,7.5,7.5,10.0,6.5,8.15,6.05,2,,,0,Adiantado,3.0
RA-278,2022,3,12.0,Masculino,2018,7.741,Ametista,8.8,9.2,5.6,6.0,,7.417,10.0,5.7,5.8,6.4,0,0.0,0.0,0,Adequado,4.0
RA-278,2023,4,13.0,Masculino,2018,7.1935,Ametista,0.0,9.8,5.63,5.6,8.75,8.3775,10.0,6.0,5.3,5.5,1,,,0,Adiantado,5.0
RA-278,2024,5,14.0,Masculino,2021,8.907314492800001,Topazio,9.168,9.855072463666666,7.51,9.333333333333334,8.125,7.946666667,10.0,9.0,9.0,10.0,1,,,0,Adiantado,3.0
RA-279,2022,3,13.0,Masculino,2019,8.815,Topazio,9.2,9.9,6.3,9.1,,8.208,10.0,9.7,8.3,9.3,0,0.0,0.0,0,Adequado,3.0
RA-279,2023,4,14.0,Masculino,2019,9.006266667,Topazio,8.8,10.0,6.27,8.9,8.75,9.2125,10.0,9.0,8.5,9.3,0,,,0,Adequado,4.0
RA-279,2024,5,15.0,Masculino,2021,9.113133333366669,Topazio,9.168,10.0,7.51,9.333333333333334,8.333333333,8.726666667,10.0,10.0,8.0,10.0,1,,,0,Adiantado,3.0
RA-28,2022,6,17.0,Feminino,2019,6.242,Agata,7.9,6.1,7.5,5.0,,6.333,5.0,8.2,1.5,5.3,-1,0.0,0.0,0,Defasagem leve,3.0
RA-280,2022,3,13.0,Feminino,2021,8.046,Ametista,7.5,9.2,7.5,7.1,,7.333,10.0,5.7,7.0,8.7,0,0.0,0.0,0,Adequado,1.0
RA-280,2023,4,,Feminino,2021,8.189225,Topazio,6.7,9.5,7.52,6.5,8.28125,8.7125,10.0,6.3,7.7,5.5,0,,,0,Adequado,2.0
RA-280,2024,5,15.0,Feminino,2021,8.822714492700001,Topazio,7.917,9.855072463666666,6.26,9.333333333333334,8.333333333,8.67,10.0,10.0,8.0,10.0,1,,,0,Adiantado,3.0
RA-281,2022,3,13.0,Feminino,2019,6.806,Agata,6.7,6.9,7.5,5.9,,5.625,10.0,5.0,6.8,6.0,0,0.0,0.0,0,Adequado,3.0
RA-282,2022,3,13.0,Feminino,2019,6.618,Agata,8.8,6.8,7.5,4.0,,5.625,10.0,4.7,6.3,1.0,0,0.0,0.0,0,Adequado,3.0
RA-283,2022,3,14.0,Masculino,2020,7.131,Ametista,9.6,8.8,7.5,5.6,,6.625,5.0,4.5,5.8,6.6,-1,0.0,0.0,0,Defasagem leve,2.0
RA-283,2023,3,15.0,Masculino,2020,7.549025,Ametista,8.3,9.5,7.52,6.8,7.03125,7.5025,5.0,6.8,4.8,8.8,-2,,,1,Defasagem moderada/severa,3.0
RA-283,2024,4,16.0,Masculino,2021,7.9444309524,Ametista,8.751,9.761904762,6.885,8.0,7.8125,7.736,5.0,6.5,8.0,9.5,-2,,,1,Defasagem moderada/severa,3.0
RA-284,2022,3,13.0,Masculino,2022,5.939,Quartzo,6.7,5.1,5.6,3.8,,5.958,10.0,7.0,4.5,0.0,0,0.0,0.0,0,Adequado,0.0
RA-285,2022,3,16.0,Feminino,2020,5.063,Quartzo,9.2,4.1,7.5,2.8,,5.75,2.5,4.0,3.2,1.2,-3,0.0,0.0,1,Defasagem moderada/severa,2.0
RA-285,2023,4,17.0,Feminino,2020,5.380358333,Quartzo,8.3,4.6,2.52,4.7,7.65625,7.13,2.5,4.0,6.0,4.0,-3,,,1,Defasagem moderada/severa,3.0
RA-286,2022,3,15.0,Feminino,2022,5.424,Quartzo,7.1,5.8,6.3,3.0,,5.625,5.0,4.7,2.3,2.0,-2,0.0,0.0,1,Defasagem moderada/severa,0.0
RA-286,2023,4,15.0,Feminino,2022,5.713333333,Quartzo,0.0,7.5,5.0,4.7,8.125,7.3375,5.0,3.7,5.0,5.3,-1,,,0,Defasagem leve,1.0
RA-286,2024,5,16.0,Feminino,2022,5.123180882333333,Quartzo,6.666,4.031862745000001,6.26,3.1666666666666665,7.34375,5.7825,5.0,5.0,0.0,4.5,-1,,,0,Defasagem leve,2.0
RA-287,2022,3,17.0,Feminino,2022,3.7,Quartzo,7.9,3.4,5.0,1.1,,4.292,2.5,0.7,2.5,0.2,-4,0.0,0.0,1,Defasagem moderada/severa,0.0
RA-287,2023,4,18.0,Feminino,2022,3.745541667,Quartzo,0.0,4.8,2.52,3.9,4.21875,5.375,2.5,3.0,2.3,6.5,-4,,,1,Defasagem moderada/severa,1.0
RA-288,2022,3,16.0,Feminino,2022,4.097,Quartzo,0.0,5.6,6.3,0.0,,6.833,2.5,,,,-3,0.0,0.0,1,Defasagem moderada/severa,0.0
RA-289,2022,3,14.0,Feminino,2020,6.236,Agata,0.0,7.8,6.3,6.8,,7.25,5.0,5.3,7.5,7.5,-1,0.0,0.0,0,Defasagem leve,2.0
RA-29,2022,6,17.0,Masculino,2022,4.985,Quartzo,0.0,4.0,8.8,3.7,,7.611,5.0,6.3,1.1,3.8,-1,0.0,1.0,0,Defasagem leve,0.0
RA-29,2023,8,,Masculino,2022,,,,,,,,,10.0,,,,0,,,0,Adequado,1.0
RA-29,2024,8,19.0,Masculino,2022,,,,0.0,,,,,10.0,,,,0,,,0,Adequado,2.0
RA-290,2022,3,17.0,Feminino,2022,4.929,Quartzo,10.0,3.9,6.3,1.7,,6.042,2.5,1.0,2.3,1.8,-4,0.0,0.0,1,Defasagem moderada/severa,0.0
RA-291,2022,3,13.0,Masculino,2022,8.122,Topazio,8.3,8.2,6.9,8.0,,7.792,10.0,8.0,7.5,8.5,0,0.0,1.0,0,Adequado,0.0
RA-291,2023,4,14.0,Masculino,2022,8.493058333,Topazio,8.8,8.6,7.52,7.1,8.90625,9.21,10.0,8.0,6.5,6.7,0,,,0,Adequado,1.0
RA-291,2024,7,15.0,Masculino,2022,7.931966666733333,Ametista,8.751,9.737666667,6.26,6.166666666666667,7.5,7.5,10.0,6.0,6.5,6.0,2,,,0,Adiantado,2.0
RA-292,2022,3,16.0,Masculino,2022,4.837,Quartzo,7.9,3.7,7.5,1.8,,6.292,2.5,0.0,5.0,0.5,-3,0.0,0.0,1,Defasagem moderada/severa,0.0
RA-293,2022,3,13.0,Masculino,2022,4.875,Quartzo,8.8,2.9,7.5,2.3,,3.333,10.0,2.0,3.8,1.0,0,0.0,0.0,0,Adequado,0.0
RA-294,2022,3,18.0,Feminino,2022,5.031,Quartzo,9.6,5.8,7.5,0.0,,5.917,2.5,,,,-5,0.0,0.0,1,Defasagem moderada/severa,0.0
RA-295,2022,3,14.0,Feminino,2022,7.305,Ametista,7.9,8.0,7.5,6.9,,7.375,5.0,5.3,7.7,7.7,-1,0.0,1.0,0,Defasagem leve,0.0
RA-295,2023,4,15.0,Feminino,2022,7.641016667,Ametista,8.8,8.8,2.52,7.7,9.0625,9.005,5.0,7.3,7.2,8.7,-1,,,0,Defasagem leve,1.0
RA-296,2022,3,15.0,Feminino,2022,4.665,Quartzo,8.8,3.6,7.5,2.8,,3.833,5.0,5.7,2.7,0.2,-2,0.0,0.0,1,Defasagem moderada/severa,0.0
RA-297,2022,3,13.0,Feminino,2022,7.478,Ametista,7.1,7.9,6.3,6.6,,7.417,10.0,6.3,5.3,8.2,0,0.0,1.0,0,Adequado,0.0
RA-298,2022,3,13.0,Masculino,2019,6.409,Agata,9.2,6.3,5.6,5.2,,5.417,10.0,5.5,4.8,,0,0.0,0.0,0,Adequado,3.0
RA-298,2023,3,14.0,Masculino,2019,6.824333333,Agata,9.6,8.6,2.52,5.5,7.5,7.7525,5.0,7.7,4.5,4.2,-1,,,0,Defasagem leve,4.0
RA-299,2022,3,13.0,Feminino,2019,7.278,Ametista,7.1,8.2,5.0,6.8,,6.708,10.0,6.3,7.3,6.7,0,0.0,0.0,0,Adequado,3.0
RA-299,2023,4,14.0,Feminino,2019,6.796541667,Agata,0.0,9.6,2.52,6.1,7.96875,8.005,10.0,5.0,7.2,6.2,0,,,0,Adequado,4.0
RA-299,2024,5,15.0,Feminino,2021,8.177186956533333,Topazio,8.751,8.963768115999999,6.26,8.166666666666666,7.5,7.5,10.0,8.0,7.5,9.0,1,,,0,Adiantado,3.0
RA-3,2022,7,17.0,Feminino,2016,6.591,Agata,0.0,7.9,5.6,5.6,,7.556,10.0,5.8,4.0,6.9,0,0.0,0.0,0,Adequado,6.0
RA-30,2022,6,16.0,Feminino,2021,7.605,Ametista,8.8,6.4,7.5,7.5,,7.333,10.0,8.5,4.4,9.7,0,0.0,0.0,0,Adequado,1.0
RA-300,2022,3,14.0,Masculino,2022,5.557,Quartzo,5.4,6.9,6.3,3.1,,5.875,5.0,2.7,4.8,1.7,-1,0.0,1.0,0,Defasagem leve,0.0
RA-300,2023,3,15.0,Masculino,2022,5.616691667,Quartzo,5.0,7.5,2.52,4.5,6.40625,6.5875,5.0,4.5,5.3,3.8,-2,,,1,Defasagem moderada/severa,1.0
RA-301,2022,3,13.0,Feminino,2019,6.802,Agata,8.8,5.8,5.6,6.3,,6.042,10.0,6.5,7.2,5.4,0,0.0,1.0,0,Adequado,3.0
RA-301,2023,4,,Feminino,2019,6.760341667,Agata,9.2,5.4,7.52,5.2,6.71875,6.465,10.0,4.7,6.5,4.5,0,,,0,Adequado,4.0
RA-301,2024,4,15.0,Feminino,2021,8.410830701766667,Topazio,9.168,7.4947368423333325,7.51,9.0,8.020833333,8.21,10.0,10.0,9.0,8.0,0,,,0,Adequado,3.0
RA-302,2022,3,16.0,Masculino,2022,6.334,Agata,9.2,7.7,6.9,4.8,,6.208,2.5,4.3,5.0,5.0,-3,0.0,0.0,1,Defasagem moderada/severa,0.0
RA-302,2023,5,17.0,Masculino,2022,5.314333333,Quartzo,0.0,7.3,5.0,4.3,7.5,6.255,5.0,4.7,2.3,5.8,-2,,,1,Defasagem moderada/severa,1.0
RA-303,2022,3,14.0,Masculino,2019,6.03,Agata,7.5,7.2,7.5,3.9,,5.375,5.0,3.8,4.0,,-1,0.0,0.0,0,Defasagem leve,3.0
RA-303,2023,3,15.0,Masculino,2019,5.914291667,Quartzo,0.0,7.3,7.52,5.1,7.65625,7.05,5.0,5.7,5.2,4.5,-2,,,1,Defasagem moderada/severa,4.0
RA-303,2024,4,16.0,Masculino,2021,6.2443426900666665,Agata,8.751,3.9520467836666664,7.51,5.666666666666667,6.875,7.535,5.0,5.0,5.0,7.0,-2,,,1,Defasagem moderada/severa,3.0
RA-304,2022,3,15.0,Masculino,2020,6.355,Agata,8.8,7.7,7.5,4.3,,5.542,5.0,3.0,5.5,,-2,0.0,1.0,1,Defasagem moderada/severa,2.0
RA-304,2023,3,,Masculino,2020,6.241583333,Agata,0.0,8.8,5.0,5.7,7.8125,7.835,5.0,7.0,3.7,6.3,-2,,,1,Defasagem moderada/severa,3.0
RA-304,2024,3,16.0,Masculino,2021,6.852411484600001,Agata,10.0,7.826890756333333,7.51,7.166666666666667,6.875,5.825,2.5,9.0,5.5,7.0,-3,,,1,Defasagem moderada/severa,3.0
RA-305,2022,3,14.0,Masculino,2019,6.058,Agata,7.9,6.6,7.5,4.8,,5.208,5.0,2.8,6.7,,-1,0.0,0.0,0,Defasagem leve,3.0
RA-305,2023,3,15.0,Masculino,2019,6.394291667,Agata,0.0,8.9,7.52,5.2,7.65625,7.75,5.0,5.2,4.8,5.7,-2,,,1,Defasagem moderada/severa,4.0
RA-305,2024,4,16.0,Masculino,2021,6.693026811600001,Agata,8.334,7.898550724666666,6.26,4.833333333333333,7.8125,7.03,5.0,3.0,3.0,8.5,-1,,,0,Defasagem leve,3.0
RA-306,2022,3,14.0,Feminino,2021,6.427,Agata,8.3,6.8,7.5,5.2,,5.958,5.0,4.7,5.8,5.0,-1,0.0,0.0,0,Defasagem leve,1.0
RA-306,2023,4,,Feminino,2021,5.732375,Quartzo,0.0,7.9,6.26,4.0,7.34375,7.46,5.0,4.7,4.5,2.8,-1,,,0,Defasagem leve,2.0
RA-306,2024,5,16.0,Feminino,2021,6.1661539474,Agata,7.917,7.699561403666666,7.51,2.8333333333333335,7.34375,6.4125,5.0,3.5,1.5,3.5,-1,,,0,Defasagem leve,3.0
RA-307,2022,3,14.0,Masculino,2022,4.733,Quartzo,5.4,4.5,7.5,2.5,,4.708,5.0,5.0,0.0,,-1,0.0,0.0,0,Defasagem leve,0.0
RA-307,2023,3,,Masculino,2022,6.047333333,Agata,0.0,6.5,7.52,6.3,7.5,7.46,5.0,6.3,7.3,5.2,-2,,,1,Defasagem moderada/severa,1.0
RA-308,2022,3,13.0,Masculino,2019,6.93,Agata,7.9,7.4,6.9,5.0,,6.167,10.0,6.7,5.5,2.8,0,0.0,1.0,0,Adequado,3.0
RA-308,2023,4,14.0,Masculino,2019,6.578558333,Agata,5.4,6.8,5.0,4.9,7.03125,7.5025,10.0,4.7,5.2,4.7,0,,,0,Adequado,4.0
RA-308,2024,5,15.0,Masculino,2021,7.489282456133334,Ametista,7.083,8.714912280666667,5.635,6.5,7.5,7.1225,10.0,5.5,7.0,7.0,1,,,0,Adiantado,3.0
RA-309,2022,3,14.0,Feminino,2022,6.151,Agata,9.2,5.2,7.5,6.5,,5.083,5.0,7.0,6.0,,-1,0.0,0.0,0,Defasagem leve,0.0
RA-31,2022,6,17.0,Feminino,2019,8.843,Topazio,10.0,9.5,9.4,8.0,,10.0,5.0,9.0,5.7,9.3,-1,1.0,0.0,0,Defasagem leve,3.0
RA-31,2023,8,18.0,Feminino,2019,,,,,,,,,10.0,,,,0,,,0,Adequado,4.0
RA-31,2024,8,19.0,Feminino,2021,,,,0.0,,,,,10.0,,,,0,,,0,Adequado,3.0
RA-310,2022,3,15.0,Feminino,2022,6.4,Agata,7.9,7.5,7.5,4.5,,6.0,5.0,3.7,3.8,6.0,-2,0.0,1.0,1,Defasagem moderada/severa,0.0
RA-311,2022,3,16.0,Feminino,2022,5.652,Quartzo,7.9,5.6,5.0,5.2,,6.222,2.5,5.0,6.2,4.3,-3,0.0,0.0,1,Defasagem moderada/severa,0.0
RA-312,2022,3,13.0,Feminino,2022,7.339,Ametista,9.6,8.1,7.5,5.2,,6.167,10.0,6.0,4.5,5.0,0,0.0,0.0,0,Adequado,0.0
RA-313,2022,3,14.0,Feminino,2022,5.8,Quartzo,7.5,7.0,5.0,4.1,,5.889,5.0,4.7,5.0,2.5,-1,0.0,0.0,0,Defasagem leve,0.0
RA-313,2023,4,14.0,Feminino,2022,7.011091667,Ametista,9.2,8.7,2.52,3.9,7.65625,7.75,10.0,4.0,2.8,5.0,0,,,0,Adequado,1.0
RA-313,2024,4,15.0,Feminino,2022,7.25285,Ametista,8.751,9.666666666666666,5.63,4.833333333333333,7.8125,8.1675,5.0,1.0,8.0,5.5,-1,,,0,Defasagem leve,2.0
RA-314,2022,3,13.0,Feminino,2022,6.1,Agata,5.4,5.4,5.0,5.3,,6.0,10.0,4.3,3.3,8.3,0,0.0,0.0,0,Adequado,0.0
RA-315,2022,3,13.0,Feminino,2022,5.672,Quartzo,6.7,5.1,7.5,3.0,,5.056,10.0,3.0,4.2,1.8,0,0.0,0.0,0,Adequado,0.0
RA-315,2023,3,,Feminino,2022,5.977708333,Quartzo,0.0,6.8,5.0,6.3,7.96875,7.8375,5.0,5.7,6.8,6.3,-1,,,0,Defasagem leve,1.0
RA-315,2024,4,15.0,Feminino,2022,6.0768703704,Agata,0.0,5.918518518666667,7.51,6.833333333333333,7.5,7.6275,5.0,6.5,6.5,7.5,-1,,,0,Defasagem leve,2.0
RA-316,2022,3,14.0,Feminino,2022,7.889,Ametista,10.0,10.0,6.9,6.1,,8.389,5.0,7.0,6.5,4.7,-1,1.0,1.0,0,Defasagem leve,0.0
RA-316,2023,4,14.0,Feminino,2022,8.436908333,Topazio,10.0,9.5,7.52,5.7,8.59375,8.96,10.0,6.3,5.7,5.0,0,,,0,Adequado,1.0
RA-316,2024,5,15.0,Feminino,2022,8.708925,Topazio,9.168,10.0,7.51,8.0,7.65625,8.3775,10.0,8.5,7.0,8.5,0,,,0,Adequado,2.0
RA-317,2022,3,13.0,Masculino,2021,7.04,Ametista,8.8,5.6,7.5,6.8,,5.944,10.0,4.7,5.7,10.0,0,0.0,0.0,0,Adequado,1.0
RA-318,2022,3,14.0,Feminino,2019,6.527,Agata,8.3,6.9,6.9,5.8,,6.111,5.0,4.3,5.8,7.3,-1,0.0,0.0,0,Defasagem leve,3.0
RA-318,2023,4,15.0,Feminino,2019,6.856575,Agata,7.9,8.1,6.26,4.9,7.96875,7.71,5.0,5.0,5.0,4.7,-1,,,0,Defasagem leve,4.0
RA-318,2024,5,16.0,Feminino,2021,7.025000925866668,Ametista,7.917,9.129629629666667,7.51,4.666666666666667,7.34375,7.443333333,5.0,2.0,6.0,6.0,-1,,,0,Defasagem leve,3.0
RA-319,2022,3,13.0,Masculino,2022,7.448,Ametista,9.2,7.7,7.5,5.2,,7.5,10.0,6.3,4.3,5.0,0,0.0,0.0,0,Adequado,0.0
RA-319,2023,4,,Masculino,2022,8.367208333,Topazio,9.6,9.2,5.0,7.2,8.59375,8.88,10.0,5.7,5.8,10.0,0,,,0,Adequado,1.0
RA-319,2024,5,15.0,Masculino,2022,7.948699561466667,Ametista,9.585,9.024122807,7.51,5.833333333333333,7.34375,7.666666667,10.0,4.0,5.0,8.5,0,,,0,Adequado,2.0
RA-32,2022,6,16.0,Feminino,2018,7.37,Ametista,8.8,5.2,8.8,6.1,,7.944,10.0,5.7,3.6,8.9,0,0.0,0.0,0,Adequado,4.0
RA-32,2023,7,,Feminino,2018,6.716666667,Agata,0.0,8.2,3.77,7.9,7.375,6.8775,10.0,9.0,5.8,9.0,0,,,0,Adequado,5.0
RA-320,2022,3,14.0,Feminino,2022,7.897,Ametista,8.8,10.0,6.9,6.4,,8.667,5.0,7.3,6.3,5.7,-1,1.0,1.0,0,Defasagem leve,0.0
RA-320,2023,4,14.0,Feminino,2022,8.393508333,Topazio,9.2,9.9,7.52,5.5,8.59375,8.96,10.0,5.7,6.0,4.7,0,,,0,Adequado,1.0
RA-320,2024,5,15.0,Feminino,2022,8.442258333333335,Topazio,9.168,10.0,7.51,6.666666666666667,7.65625,8.3775,10.0,7.5,5.5,7.0,0,,,0,Adequado,2.0
RA-321,2022,3,12.0,Feminino,2022,7.792,Ametista,9.2,9.1,5.6,5.2,,8.278,10.0,5.7,6.2,3.7,0,0.0,1.0,0,Adequado,0.0
RA-321,2023,4,13.0,Feminino,2022,7.695233333,Ametista,8.3,9.4,2.52,6.2,8.125,8.42,10.0,6.0,5.8,6.7,1,,,0,Adiantado,1.0
RA-321,2024,5,14.0,Feminino,2022,8.125807932933334,Topazio,7.917,9.534706331,6.26,7.166666666666667,8.125,7.776666667,10.0,6.0,6.0,9.5,1,,,0,Adiantado,2.0
RA-322,2022,3,13.0,Feminino,2022,6.859,Agata,7.1,8.1,5.0,4.7,,6.778,10.0,4.3,5.7,4.0,0,0.0,0.0,0,Adequado,0.0
RA-322,2023,4,14.0,Feminino,2022,7.037808333,Ametista,6.7,8.3,2.52,5.3,7.96875,8.045,10.0,4.0,5.5,6.3,0,,,0,Adequado,1.0
RA-323,2022,3,13.0,Masculino,2022,6.86,Agata,9.2,7.3,7.5,3.4,,6.611,10.0,7.3,2.5,0.5,0,0.0,0.0,0,Adequado,0.0
RA-324,2022,2,10.0,Feminino,2022,8.27,Topazio,10.0,9.3,6.9,6.8,,8.611,10.0,6.3,7.2,,0,1.0,1.0,0,Adequado,0.0
RA-324,2023,2,,Feminino,2022,7.6354,Ametista,5.8,9.0,2.52,8.4,8.125,7.5875,10.0,8.0,8.7,,0,,,0,Adequado,1.0
RA-325,2022,2,10.0,Masculino,2022,7.619,Ametista,9.5,6.8,7.5,6.0,,8.444,10.0,6.0,6.0,,0,1.0,1.0,0,Adequado,0.0
RA-325,2023,2,11.0,Masculino,2022,6.243,Agata,0.0,7.1,5.0,5.6,8.125,7.0025,10.0,3.8,7.3,,0,,,0,Adequado,1.0
RA-325,2024,3,12.0,Masculino,2022,8.385133333233336,Topazio,9.168,9.866666666666667,7.51,7.0,8.333333333,7.553333333,10.0,7.0,5.5,8.5,0,,,0,Adequado,2.0
RA-326,2022,2,12.0,Feminino,2022,8.22,Topazio,10.0,9.7,5.0,9.0,,8.944,5.0,8.7,9.3,,-1,1.0,1.0,0,Defasagem leve,0.0
RA-326,2023,3,13.0,Feminino,2022,8.65075,Topazio,9.6,9.4,3.14,8.2,9.0625,9.76,10.0,8.3,7.5,8.8,0,,,0,Adequado,1.0
RA-326,2024,4,14.0,Feminino,2022,8.832389092333335,Topazio,9.168,8.973112128333334,6.26,9.333333333333334,8.875,8.704,10.0,10.0,9.0,9.0,1,,,0,Adiantado,2.0
RA-327,2022,2,11.0,Masculino,2021,6.986,Agata,8.5,8.8,7.5,2.8,,7.333,10.0,2.3,3.2,,0,0.0,0.0,0,Adequado,1.0
RA-328,2022,2,12.0,Masculino,2020,6.823,Agata,10.0,7.0,7.5,5.3,,7.5,5.0,4.0,6.5,,-1,0.0,0.0,0,Defasagem leve,2.0
RA-329,2022,2,11.0,Masculino,2019,6.313,Agata,7.4,6.9,4.4,5.0,,5.778,10.0,3.0,7.0,,0,0.0,0.0,0,Adequado,3.0
RA-33,2022,6,17.0,Feminino,2020,4.952,Quartzo,0.0,4.6,7.5,4.8,,6.0,5.0,9.0,1.6,3.7,-1,0.0,0.0,0,Defasagem leve,2.0
RA-330,2022,2,14.0,Feminino,2018,6.446,Agata,9.5,8.8,7.5,2.5,,7.056,5.0,2.3,2.7,,-2,0.0,0.0,1,Defasagem moderada/severa,4.0
RA-330,2023,3,,Feminino,2018,6.084875,Agata,9.6,7.2,6.89,3.3,6.71875,5.8275,5.0,3.8,3.8,2.3,-2,,,1,Defasagem moderada/severa,5.0
RA-331,2022,2,12.0,Feminino,2019,6.636,Agata,9.0,8.7,7.5,3.7,,6.944,5.0,2.3,5.0,,-1,0.0,0.0,0,Defasagem leve,3.0
RA-331,2023,3,13.0,Feminino,2019,7.039791667,Ametista,9.6,8.6,2.52,5.2,7.03125,6.7975,10.0,5.7,4.8,5.2,0,,,0,Adequado,4.0
RA-331,2024,3,14.0,Feminino,2021,6.231045707066668,Agata,8.751,7.735353535333334,8.755,3.5,6.09375,5.62,5.0,4.0,3.5,3.0,-1,,,0,Defasagem leve,3.0
RA-332,2022,2,13.0,Masculino,2017,7.883,Ametista,9.5,9.0,8.1,7.5,,8.5,5.0,7.5,7.5,,-1,1.0,0.0,0,Defasagem leve,5.0
RA-332,2023,3,,Masculino,2017,8.002591667,Topazio,9.2,8.4,8.76,6.8,8.28125,9.175,5.0,6.3,7.7,6.5,-1,,,0,Defasagem leve,6.0
RA-332,2024,4,15.0,Masculino,2021,8.421271701,Topazio,9.585,7.605358505000001,9.38,7.0,8.625,8.706,10.0,7.0,7.0,7.0,1,,,0,Adiantado,3.0
RA-333,2022,2,14.0,Masculino,2018,5.249,Quartzo,8.0,5.8,3.8,2.9,,6.722,5.0,0.2,5.7,,-2,0.0,0.0,1,Defasagem moderada/severa,4.0
RA-334,2022,2,11.0,Feminino,2019,7.961,Ametista,6.9,9.2,4.4,8.0,,8.722,10.0,7.0,9.0,,0,1.0,0.0,0,Adequado,3.0
RA-335,2022,2,10.0,Masculino,2022,7.902,Ametista,9.5,9.4,7.5,7.4,,6.833,10.0,5.8,9.0,,0,0.0,0.0,0,Adequado,0.0
RA-336,2022,2,13.0,Masculino,2016,6.787,Agata,9.5,8.5,4.4,5.1,,7.889,5.0,4.5,5.7,,-1,0.0,0.0,0,Defasagem leve,6.0
RA-336,2023,3,14.0,Masculino,2016,5.887708333,Quartzo,0.0,7.5,6.89,5.1,7.34375,7.255,5.0,6.7,5.2,3.3,-1,,,0,Defasagem leve,7.0
RA-336,2024,4,15.0,Masculino,2021,6.834286748466667,Agata,7.5,5.512100409000001,6.26,5.833333333333333,7.5,7.196,10.0,6.0,6.5,5.0,0,,,0,Adequado,3.0
RA-337,2022,2,11.0,Masculino,2022,7.914,Ametista,10.0,9.3,7.5,5.8,,7.611,10.0,7.5,4.0,,0,0.0,0.0,0,Adequado,0.0
RA-338,2022,2,12.0,Masculino,2019,6.837,Agata,8.5,7.3,7.5,5.8,,7.611,5.0,5.3,6.2,,-1,0.0,0.0,0,Defasagem leve,3.0
RA-338,2023,3,,Masculino,2019,8.287441667,Topazio,8.3,9.1,7.52,6.7,8.59375,8.38,10.0,8.7,7.0,4.5,0,,,0,Adequado,4.0
RA-338,2024,4,14.0,Masculino,2021,8.052795331466667,Topazio,9.168,7.441643324,7.51,6.833333333333333,7.625,8.8375,10.0,5.0,8.0,7.5,0,,,0,Adequado,3.0
RA-339,2022,2,11.0,Feminino,2019,8.488,Topazio,6.9,9.9,7.5,8.1,,8.889,10.0,7.1,9.2,,0,1.0,1.0,0,Adequado,3.0
RA-339,2023,3,,Feminino,2019,7.377583333,Ametista,0.0,8.9,7.52,7.1,7.8125,8.255,10.0,7.7,5.7,7.8,0,,,0,Adequado,4.0
RA-339,2024,4,13.0,Feminino,2021,7.711540746133334,Ametista,7.5,7.155537064000001,5.635,8.166666666666666,8.0,7.668,10.0,8.0,7.0,9.5,1,,,0,Adiantado,3.0
RA-34,2022,6,17.0,Masculino,2016,6.259,Agata,9.6,4.8,8.1,3.8,,7.278,5.0,4.7,4.0,2.8,-1,0.0,0.0,0,Defasagem leve,6.0
RA-34,2023,8,,Masculino,2016,,,,,,,,,10.0,,,,0,,,0,Adequado,7.0
RA-340,2022,2,11.0,Masculino,2017,7.721,Ametista,9.0,8.2,7.5,6.5,,7.667,10.0,6.0,7.0,,0,0.0,0.0,0,Adequado,5.0
RA-340,2023,2,,Masculino,2017,7.059666667,Ametista,0.0,9.6,2.52,8.9,9.166666667,8.505,5.0,9.0,8.7,,-1,,,0,Defasagem leve,6.0
RA-340,2024,3,13.0,Masculino,2021,6.715437329466668,Agata,7.917,6.585769980666666,7.51,5.166666666666667,6.5625,5.83,10.0,6.0,7.0,2.5,0,,,0,Adequado,3.0
RA-341,2022,2,12.0,Masculino,2022,6.854,Agata,8.0,7.7,7.5,5.8,,7.5,5.0,5.0,6.5,,-1,0.0,0.0,0,Defasagem leve,0.0
RA-342,2022,2,14.0,Feminino,2021,6.941,Agata,9.0,6.7,7.5,6.6,,7.5,5.0,5.5,7.7,,-2,0.0,0.0,1,Defasagem moderada/severa,1.0
RA-342,2023,3,15.0,Feminino,2021,7.539875,Ametista,7.5,8.6,7.52,6.6,7.96875,8.505,5.0,6.3,7.8,5.7,-2,,,1,Defasagem moderada/severa,2.0
RA-342,2024,4,16.0,Feminino,2021,6.757026587266667,Agata,8.751,7.728174603333334,6.26,4.5,7.65625,7.723333333,5.0,6.5,7.0,0.0,-1,,,0,Defasagem leve,3.0
RA-343,2022,2,14.0,Masculino,2020,6.9,Agata,9.5,7.4,7.5,5.9,,7.167,5.0,4.2,7.7,,-2,0.0,0.0,1,Defasagem moderada/severa,2.0
RA-343,2023,3,,Masculino,2020,6.779591667,Agata,9.2,7.2,6.26,5.7,7.65625,6.9225,5.0,4.5,6.7,6.0,-2,,,1,Defasagem moderada/severa,3.0
RA-344,2022,2,11.0,Masculino,2019,7.263,Ametista,8.5,8.3,7.5,4.5,,7.5,10.0,2.3,6.7,,0,0.0,0.0,0,Adequado,3.0
RA-345,2022,2,13.0,Masculino,2021,5.75,Quartzo,9.5,5.4,5.6,3.6,,6.667,5.0,1.3,5.8,,-1,0.0,0.0,0,Defasagem leve,1.0
RA-345,2023,3,,Masculino,2021,6.534766667,Agata,8.8,6.8,6.26,4.6,8.125,7.1725,5.0,5.7,5.7,2.5,-1,,,0,Defasagem leve,2.0
RA-346,2022,2,10.0,Masculino,2022,8.143,Topazio,10.0,9.1,7.5,7.0,,7.889,10.0,6.0,8.0,,0,0.0,0.0,0,Adequado,0.0
RA-346,2023,3,,Masculino,2022,7.305541667,Ametista,0.0,9.4,8.14,6.2,7.96875,7.84,10.0,6.7,5.5,6.5,1,,,0,Adiantado,1.0
RA-346,2024,3,12.0,Masculino,2022,7.761749603200001,Ametista,10.0,9.149206349333333,2.51,6.166666666666667,7.96875,8.2525,10.0,6.0,4.5,8.0,0,,,0,Adequado,2.0
RA-347,2022,2,12.0,Feminino,2019,7.908,Ametista,9.0,10.0,5.6,8.5,,8.0,5.0,8.5,8.5,,-1,0.0,1.0,0,Defasagem leve,3.0
RA-347,2023,3,13.0,Feminino,2019,7.61835,Ametista,6.7,9.5,2.52,7.3,7.8125,7.7925,10.0,6.7,6.2,9.0,0,,,0,Adequado,4.0
RA-347,2024,4,14.0,Feminino,2021,8.384742583733333,Topazio,8.751,9.673046251999999,6.885,7.666666666666667,8.0,7.766,10.0,6.5,7.5,9.0,1,,,0,Adiantado,3.0
RA-348,2022,2,12.0,Masculino,2022,5.864,Quartzo,9.0,8.7,7.5,1.8,,5.833,5.0,0.5,3.0,,-1,0.0,0.0,0,Defasagem leve,0.0
RA-348,2023,2,,Masculino,2022,6.817866667,Agata,10.0,8.7,2.52,4.4,8.541666667,8.0075,5.0,2.0,6.7,,-1,,,0,Defasagem leve,1.0
RA-349,2022,2,12.0,Masculino,2021,5.658,Quartzo,9.5,7.7,7.5,3.7,,3.944,5.0,2.2,5.2,,-1,0.0,0.0,0,Defasagem leve,1.0
RA-35,2022,6,17.0,Feminino,2019,8.965,Topazio,10.0,9.6,9.4,8.5,,10.0,5.0,9.0,7.1,9.3,-1,1.0,0.0,0,Defasagem leve,3.0
RA-35,2023,8,18.0,Feminino,2019,,,,,,,,,10.0,,,,0,,,0,Adequado,4.0
RA-35,2024,8,19.0,Feminino,2021,,,,0.0,,,,,10.0,,,,0,,,0,Adequado,3.0
RA-350,2022,2,11.0,Feminino,2022,8.206,Topazio,10.0,8.8,7.5,6.5,,8.611,10.0,7.0,6.0,,0,1.0,0.0,0,Adequado,0.0
RA-350,2023,2,,Feminino,2022,7.972033333,Ametista,10.0,9.7,2.52,9.0,8.958333333,7.92,5.0,8.8,9.2,,-1,,,0,Defasagem leve,1.0
RA-351,2022,2,14.0,Masculino,2022,6.622,Agata,9.0,7.2,7.5,4.0,,8.111,5.0,3.2,4.8,,-2,0.0,0.0,1,Defasagem moderada/severa,0.0
RA-352,2022,2,11.0,Masculino,2019,7.834,Ametista,9.0,8.1,5.6,7.0,,8.389,10.0,7.3,6.7,,0,1.0,0.0,0,Adequado,3.0
RA-352,2023,3,12.0,Masculino,2019,7.840341667,Ametista,9.2,8.1,6.26,7.2,7.96875,7.17,10.0,8.2,6.0,7.5,0,,,0,Adequado,4.0
RA-352,2024,4,13.0,Masculino,2021,5.9794829346,Quartzo,8.334,4.453748006333333,6.26,3.1666666666666665,6.375,6.7925,10.0,2.0,5.5,2.0,1,,,0,Adiantado,3.0
RA-353,2022,2,11.0,Feminino,2022,8.264,Topazio,7.0,10.0,7.5,7.5,,8.444,10.0,8.0,7.0,,0,1.0,0.0,0,Adequado,0.0
RA-353,2023,3,12.0,Feminino,2022,8.309016667,Topazio,8.8,9.9,2.52,8.4,7.8125,8.67,10.0,8.5,7.3,9.5,0,,,0,Adequado,1.0
RA-354,2022,2,13.0,Feminino,2018,5.858,Quartzo,8.5,4.3,7.5,4.5,,7.333,5.0,2.8,6.2,,-1,0.0,0.0,0,Defasagem leve,4.0
RA-355,2022,2,12.0,Feminino,2018,5.379,Quartzo,5.8,5.0,7.5,4.5,,6.056,5.0,5.5,3.5,,-1,0.0,0.0,0,Defasagem leve,4.0
RA-356,2022,2,12.0,Masculino,2019,6.69,Agata,10.0,8.4,5.0,4.6,,8.278,5.0,5.3,3.8,,-1,0.0,0.0,0,Defasagem leve,3.0
RA-356,2023,3,,Masculino,2019,6.452008333,Agata,9.2,8.5,2.52,3.4,6.09375,6.5025,10.0,4.3,4.5,1.3,0,,,0,Adequado,4.0
RA-356,2024,4,14.0,Masculino,2021,6.627336016533334,Agata,8.334,6.656346749333334,5.635,5.333333333333333,5.25,6.5375,10.0,1.0,7.0,8.0,1,,,0,Adiantado,3.0
RA-357,2022,2,12.0,Masculino,2022,7.836,Ametista,8.0,9.6,7.5,8.5,,7.778,5.0,10.0,7.0,,-1,0.0,0.0,0,Defasagem leve,0.0
RA-357,2023,2,13.0,Masculino,2022,8.2832,Topazio,8.5,9.6,7.52,8.7,8.75,8.23,5.0,8.7,8.7,,-1,,,0,Defasagem leve,1.0
RA-357,2024,3,14.0,Masculino,2022,7.731569404200001,Ametista,8.751,9.028180354333333,8.135,7.666666666666667,7.875,7.0825,5.0,8.5,7.0,7.5,-1,,,0,Defasagem leve,2.0
RA-358,2022,2,13.0,Masculino,2022,5.412,Quartzo,7.5,6.5,7.5,0.0,,7.556,5.0,0.0,0.0,,-1,0.0,0.0,0,Defasagem leve,0.0
RA-359,2022,2,12.0,Feminino,2019,6.606,Agata,9.0,7.0,7.5,4.6,,7.5,5.0,3.3,5.8,,-1,0.0,0.0,0,Defasagem leve,3.0
RA-359,2023,3,13.0,Feminino,2019,7.627125,Ametista,9.6,9.2,2.52,5.8,7.65625,8.255,10.0,6.0,6.7,4.7,0,,,0,Adequado,4.0
RA-359,2024,4,14.0,Feminino,2021,7.492006349133335,Ametista,9.168,7.162698412666667,6.26,5.5,7.5,8.333333333,10.0,4.0,4.5,8.0,1,,,0,Adiantado,3.0
RA-36,2022,6,17.0,Feminino,2019,7.876,Ametista,9.2,9.0,6.9,6.8,,8.944,5.0,8.5,4.3,7.8,-1,1.0,0.0,0,Defasagem leve,3.0
RA-36,2023,8,18.0,Feminino,2019,,,,,,,,,10.0,,,,0,,,0,Adequado,4.0
RA-36,2024,8,19.0,Feminino,2021,,,,0.0,,,,,10.0,,,,0,,,0,Adequado,3.0
RA-360,2022,2,12.0,Feminino,2019,7.075,Ametista,9.5,8.5,7.5,5.2,,7.5,5.0,4.7,5.7,,-1,0.0,0.0,0,Defasagem leve,3.0
RA-360,2023,3,13.0,Feminino,2019,5.790875,Quartzo,0.0,7.3,2.52,4.3,7.34375,7.4225,10.0,5.3,4.8,2.8,0,,,0,Adequado,4.0
RA-360,2024,3,14.0,Feminino,2021,6.293175689166667,Agata,8.334,5.618045113,5.0,5.833333333333333,7.708333333,6.993333333,5.0,4.0,6.0,7.5,-1,,,0,Defasagem leve,3.0
RA-361,2022,2,13.0,Feminino,2022,6.731,Agata,7.9,9.2,6.3,5.0,,6.778,5.0,4.0,6.0,,-1,0.0,0.0,0,Defasagem leve,0.0
RA-362,2022,2,12.0,Feminino,2018,7.413,Ametista,8.5,7.9,7.5,7.9,,7.5,5.0,6.5,9.3,,-1,0.0,0.0,0,Defasagem leve,4.0
RA-362,2023,3,13.0,Feminino,2018,6.392625,Agata,0.0,7.5,7.52,5.1,7.03125,7.0875,10.0,5.7,6.8,2.8,0,,,0,Adequado,5.0
RA-363,2022,2,12.0,Masculino,2022,6.644,Agata,10.0,10.0,6.9,2.0,,7.056,5.0,1.0,3.0,,-1,0.0,0.0,0,Defasagem leve,0.0
RA-363,2023,2,13.0,Masculino,2022,6.680833333,Agata,0.0,9.9,2.52,6.8,8.541666667,8.673333333,5.0,6.8,6.8,,-1,,,0,Defasagem leve,1.0
RA-363,2024,3,14.0,Masculino,2022,7.617803571466666,Ametista,9.585,9.523809524,5.625,5.333333333333333,7.34375,6.955,10.0,4.0,3.5,8.5,0,,,0,Adequado,2.0
RA-364,2022,2,11.0,Masculino,2019,8.75,Topazio,9.5,10.0,7.5,8.8,,8.167,10.0,9.5,8.0,,0,0.0,0.0,0,Adequado,3.0
RA-364,2023,3,,Masculino,2019,7.734891667,Ametista,8.8,9.0,6.89,5.8,7.03125,7.505,10.0,8.0,5.2,4.3,0,,,0,Adequado,4.0
RA-364,2024,3,13.0,Masculino,2021,8.2697037582,Topazio,8.751,9.526143791,7.51,7.5,7.96875,7.2075,10.0,8.0,5.0,9.5,0,,,0,Adequado,3.0
RA-365,2022,2,10.0,Feminino,2022,8.063,Topazio,8.0,10.0,5.0,7.8,,7.833,10.0,6.0,9.5,,0,0.0,0.0,0,Adequado,0.0
RA-365,2023,2,10.0,Feminino,2022,8.6587,Topazio,10.0,9.9,2.52,8.7,8.958333333,8.953333333,10.0,8.2,9.2,,0,,,0,Adequado,1.0
RA-365,2024,3,11.0,Feminino,2022,8.526983333333334,Topazio,9.585,10.0,7.51,6.666666666666667,8.4375,8.202,10.0,8.0,7.0,5.0,1,,,0,Adiantado,2.0
RA-366,2022,2,12.0,Masculino,2022,7.181,Ametista,9.5,9.4,7.5,5.5,,6.833,5.0,6.0,5.0,,-1,0.0,0.0,0,Defasagem leve,0.0
RA-367,2022,2,12.0,Feminino,2018,6.95,Agata,8.5,7.4,6.3,6.7,,7.5,5.0,5.2,8.2,,-1,0.0,0.0,0,Defasagem leve,4.0
RA-367,2023,3,12.0,Feminino,2018,7.38685,Ametista,8.8,8.7,2.52,5.9,7.8125,7.7925,10.0,7.0,5.5,5.2,0,,,0,Adequado,5.0
RA-367,2024,4,13.0,Feminino,2021,7.209434085200001,Ametista,9.168,7.268170426,6.26,5.0,6.875,7.6275,10.0,2.0,5.5,7.5,1,,,0,Adiantado,3.0
RA-368,2022,2,13.0,Masculino,2018,6.969,Agata,8.0,7.9,5.0,7.3,,7.5,5.0,5.5,9.0,,-1,0.0,0.0,0,Defasagem leve,4.0
RA-368,2023,3,,Masculino,2018,5.796458333,Quartzo,0.0,7.7,2.52,6.7,7.03125,7.34,5.0,5.0,7.2,7.8,-1,,,0,Defasagem leve,5.0
RA-368,2024,3,15.0,Masculino,2021,6.782158333333333,Agata,7.917,6.166666666666667,7.51,7.0,7.65625,6.7025,5.0,4.5,7.0,9.5,-1,,,0,Defasagem leve,3.0
RA-369,2022,2,11.0,Masculino,2022,6.973,Agata,9.0,6.9,7.5,4.8,,6.889,10.0,4.0,5.5,,0,0.0,0.0,0,Adequado,0.0
RA-369,2023,2,,Masculino,2022,6.0197,Agata,10.0,4.1,5.0,4.0,8.541666667,7.726666667,5.0,5.0,3.0,,-1,,,0,Defasagem leve,1.0
RA-369,2024,3,13.0,Masculino,2022,5.667282265,Quartzo,8.751,4.908119658333334,7.51,1.6666666666666667,6.40625,5.428,10.0,0.0,0.0,5.0,0,,,0,Adequado,2.0
RA-37,2022,6,17.0,Feminino,2019,4.95,Quartzo,0.0,5.4,5.0,5.9,,5.222,5.0,2.3,5.3,10.0,-1,0.0,0.0,0,Defasagem leve,3.0
RA-370,2022,2,12.0,Feminino,2018,7.066,Ametista,8.5,8.2,5.0,7.2,,7.611,5.0,5.2,9.2,,-1,0.0,0.0,0,Defasagem leve,4.0
RA-371,2022,2,10.0,Feminino,2022,8.112,Topazio,9.5,8.0,6.9,8.4,,7.667,10.0,7.8,9.0,,0,0.0,0.0,0,Adequado,0.0
RA-372,2022,2,10.0,Masculino,2021,7.304,Ametista,8.5,5.5,6.9,7.8,,7.389,10.0,8.3,7.2,,0,0.0,0.0,0,Adequado,1.0
RA-373,2022,2,11.0,Masculino,2022,7.503,Ametista,6.4,9.5,5.0,7.3,,6.944,10.0,6.5,8.0,,0,0.0,0.0,0,Adequado,0.0
RA-373,2023,2,,Masculino,2022,6.805,Agata,0.0,9.7,2.52,8.4,8.75,7.84,5.0,7.7,9.0,,-1,,,0,Defasagem leve,1.0
RA-374,2022,2,12.0,Feminino,2021,7.747,Ametista,9.0,9.8,7.5,6.9,,7.944,5.0,5.3,8.5,,-1,0.0,0.0,0,Defasagem leve,1.0
RA-374,2023,3,13.0,Feminino,2021,7.533891667,Ametista,8.8,8.3,5.63,5.4,7.65625,7.9175,10.0,6.3,6.3,3.7,0,,,0,Adequado,2.0
RA-375,2022,2,11.0,Masculino,2019,7.831,Ametista,9.0,9.5,7.5,5.4,,7.667,10.0,3.3,7.5,,0,0.0,0.0,0,Adequado,3.0
RA-375,2023,2,12.0,Masculino,2019,7.070833333,Ametista,0.0,9.9,5.0,7.9,8.541666667,8.283333333,5.0,6.8,9.0,,-1,,,0,Defasagem leve,4.0
RA-375,2024,3,13.0,Masculino,2021,7.970034615400001,Ametista,9.585,9.443589743666667,7.51,6.833333333333333,7.1875,6.432,10.0,9.0,5.5,6.0,0,,,0,Adequado,3.0
RA-376,2022,2,12.0,Feminino,2019,6.957,Agata,9.0,9.0,7.5,4.3,,7.5,5.0,2.0,6.7,,-1,0.0,0.0,0,Defasagem leve,3.0
RA-376,2023,2,,Feminino,2019,7.1392,Ametista,8.5,9.6,2.52,5.9,7.916666667,8.226666667,5.0,4.3,7.5,,-1,,,0,Defasagem leve,4.0
RA-376,2024,3,14.0,Feminino,2021,5.896573588800001,Quartzo,10.0,8.287284610666667,2.51,2.8333333333333335,6.5625,6.325,5.0,2.0,5.0,1.5,-1,,,0,Defasagem leve,3.0
RA-377,2022,2,12.0,Feminino,2021,6.743,Agata,9.0,7.7,5.6,6.2,,6.833,5.0,4.3,8.0,,-1,0.0,0.0,0,Defasagem leve,1.0
RA-377,2023,3,13.0,Feminino,2021,7.205041667,Ametista,9.6,7.6,5.0,4.8,7.34375,7.6275,10.0,6.0,5.7,2.8,0,,,0,Adequado,2.0
RA-377,2024,4,14.0,Feminino,2021,7.480115873000001,Ametista,9.168,7.698412698333333,7.51,5.166666666666667,7.125,7.634,10.0,4.0,6.5,5.0,0,,,0,Adequado,3.0
RA-378,2022,2,12.0,Masculino,2021,7.203,Ametista,9.0,6.8,5.6,8.1,,7.889,5.0,8.7,7.5,,-1,0.0,1.0,0,Defasagem leve,1.0
RA-379,2022,2,13.0,Feminino,2022,6.722,Agata,8.5,8.1,7.5,5.0,,6.778,5.0,5.0,5.0,,-1,0.0,0.0,0,Defasagem leve,0.0
RA-38,2022,6,17.0,Feminino,2017,8.523,Topazio,9.2,8.9,7.5,8.6,,9.833,5.0,9.0,7.0,9.7,-1,1.0,0.0,0,Defasagem leve,5.0
RA-38,2023,7,17.0,Feminino,2017,8.835333333,Topazio,9.6,9.7,7.52,7.7,8.75,8.8825,10.0,8.2,8.8,6.0,0,,,0,Adequado,6.0
RA-38,2024,8,18.0,Feminino,2021,,,,0.0,,,,,10.0,,,,0,,,0,Adequado,3.0
RA-380,2022,2,13.0,Masculino,2017,4.556,Quartzo,7.9,4.4,5.0,2.5,,4.833,5.0,2.3,2.7,,-1,0.0,0.0,0,Defasagem leve,5.0
RA-380,2023,3,14.0,Masculino,2017,4.912375,Quartzo,0.0,6.4,2.52,4.5,6.71875,6.5425,5.0,7.0,4.0,2.5,-1,,,0,Defasagem leve,6.0
RA-381,2022,2,13.0,Masculino,2018,6.454,Agata,9.0,8.3,6.9,3.3,,6.944,5.0,1.5,5.2,,-1,0.0,0.0,0,Defasagem leve,4.0
RA-381,2023,3,,Masculino,2018,5.758041667,Quartzo,0.0,8.4,6.89,3.9,7.34375,6.84,5.0,5.3,5.3,1.2,-1,,,0,Defasagem leve,5.0
RA-381,2024,3,15.0,Masculino,2021,5.940775,Quartzo,8.334,6.133333333333333,7.51,3.6666666666666665,6.71875,6.1225,5.0,2.5,4.5,4.0,-2,,,1,Defasagem moderada/severa,3.0
RA-382,2022,2,14.0,Masculino,2017,6.777,Agata,9.0,7.7,6.3,5.4,,7.333,5.0,4.0,6.8,,-2,0.0,0.0,1,Defasagem moderada/severa,5.0
RA-382,2023,3,15.0,Masculino,2017,6.223833333,Agata,0.0,9.4,6.26,5.2,7.5,7.1725,5.0,5.0,5.8,4.7,-2,,,1,Defasagem moderada/severa,6.0
RA-382,2024,4,16.0,Masculino,2021,5.805712280733333,Quartzo,9.168,6.324561403666666,5.63,3.0,6.75,6.43,5.0,2.0,3.0,4.0,-1,,,0,Defasagem leve,3.0
RA-383,2022,2,11.0,Masculino,2019,8.4,Topazio,9.0,9.6,7.5,8.1,,7.778,10.0,8.0,8.2,,0,0.0,0.0,0,Adequado,3.0
RA-383,2023,3,12.0,Masculino,2019,7.5408,Ametista,9.2,8.8,3.14,6.5,7.5,7.5,10.0,6.3,6.2,7.0,0,,,0,Adequado,4.0
RA-383,2024,4,13.0,Masculino,2021,8.036024386733335,Topazio,9.168,8.600288600333334,7.51,5.833333333333333,7.875,8.47,10.0,1.0,8.0,8.5,1,,,0,Adiantado,3.0
RA-384,2022,2,12.0,Feminino,2017,7.558,Ametista,9.0,8.4,6.3,8.1,,8.0,5.0,8.0,8.2,,-1,0.0,0.0,0,Defasagem leve,5.0
RA-384,2023,3,,Feminino,2017,6.757958333,Agata,0.0,9.1,2.52,7.3,7.65625,7.335,10.0,6.3,7.2,8.3,0,,,0,Adequado,6.0
RA-384,2024,4,14.0,Feminino,2021,8.072200721466668,Topazio,7.5,8.607503607333333,7.51,7.5,7.625,7.936,10.0,5.0,9.5,8.0,0,,,0,Adequado,3.0
RA-385,2022,2,12.0,Feminino,2022,6.083,Agata,7.4,7.5,5.0,4.9,,6.5,5.0,2.7,7.2,,-1,0.0,0.0,0,Defasagem leve,0.0
RA-386,2022,2,13.0,Masculino,2019,6.104,Agata,10.0,5.9,5.6,4.0,,7.222,5.0,3.7,4.3,,-1,0.0,0.0,0,Defasagem leve,3.0
RA-386,2023,3,,Masculino,2019,5.758425,Quartzo,9.2,7.0,2.52,3.3,7.03125,6.6325,5.0,5.0,3.7,1.2,-1,,,0,Defasagem leve,4.0
RA-387,2022,2,13.0,Masculino,2019,6.323,Agata,7.0,8.2,7.5,3.7,,6.833,5.0,1.3,6.0,,-1,0.0,0.0,0,Defasagem leve,3.0
RA-387,2023,3,14.0,Masculino,2019,4.794333333,Quartzo,0.0,6.8,2.52,3.0,6.875,7.0075,5.0,4.3,2.8,1.8,-1,,,0,Defasagem leve,4.0
RA-387,2024,3,15.0,Masculino,2021,6.125500000000001,Agata,7.5,7.166666666666667,7.51,4.333333333333333,6.25,5.9975,5.0,5.0,4.0,4.0,-1,,,0,Defasagem leve,3.0
RA-388,2022,2,14.0,Feminino,2019,6.654,Agata,7.9,8.5,5.6,4.5,,7.722,5.0,3.5,5.5,,-2,0.0,0.0,1,Defasagem moderada/severa,3.0
RA-388,2023,3,15.0,Feminino,2019,5.630833333,Quartzo,0.0,7.4,5.63,4.2,6.875,7.835,5.0,6.0,4.3,2.2,-2,,,1,Defasagem moderada/severa,4.0
RA-388,2024,4,16.0,Feminino,2021,5.965307936466667,Quartzo,7.5,6.349206349,7.51,4.333333333333333,6.75,5.764,5.0,1.0,7.0,5.0,-1,,,0,Defasagem leve,3.0
RA-389,2022,2,11.0,Masculino,2019,7.184,Ametista,8.0,8.9,7.5,3.5,,7.556,10.0,2.0,5.0,,0,0.0,0.0,0,Adequado,3.0
RA-389,2023,2,,Masculino,2019,6.687,Agata,0.0,8.2,2.52,8.2,8.75,8.95,5.0,6.8,9.5,,-1,,,0,Defasagem leve,4.0
RA-389,2024,3,13.0,Masculino,2021,7.2079551282,Ametista,9.585,6.674358974333333,8.76,5.166666666666667,6.5625,6.745,10.0,6.5,4.0,5.0,0,,,0,Adequado,3.0
RA-39,2022,6,16.0,Feminino,2017,6.033,Agata,0.0,4.8,6.9,6.9,,6.111,10.0,7.7,5.1,7.8,0,0.0,0.0,0,Adequado,5.0
RA-39,2023,7,17.0,Feminino,2017,8.710333333,Topazio,9.6,9.1,7.52,7.8,8.75,8.7575,10.0,8.3,7.8,7.2,0,,,0,Adequado,6.0
RA-39,2024,8,18.0,Feminino,2021,,,,0.0,,,,,10.0,,,,0,,,0,Adequado,3.0
RA-390,2022,2,12.0,Feminino,2022,6.776,Agata,7.4,8.8,6.3,4.7,,7.722,5.0,4.0,5.3,,-1,0.0,0.0,0,Defasagem leve,0.0
RA-390,2023,3,,Feminino,2022,6.905741667,Agata,7.9,8.8,2.52,4.8,7.34375,7.005,10.0,5.7,5.8,3.0,0,,,0,Adequado,1.0
RA-390,2024,3,13.0,Feminino,2022,6.5472236842,Agata,7.5,6.080701754333333,8.755,4.166666666666667,6.5625,6.08,10.0,3.0,2.5,7.0,0,,,0,Adequado,2.0
RA-391,2022,2,12.0,Feminino,2022,7.117,Ametista,10.0,8.1,7.5,5.1,,8.056,5.0,5.0,5.2,,-1,0.0,0.0,0,Defasagem leve,0.0
RA-391,2023,3,,Feminino,2022,6.5107,Agata,7.9,7.5,2.52,3.5,7.5,7.585,10.0,4.2,5.0,1.3,0,,,0,Adequado,1.0
RA-392,2022,2,14.0,Masculino,2022,6.418,Agata,9.5,8.8,5.6,4.8,,6.778,5.0,3.7,5.8,,-2,0.0,0.0,1,Defasagem moderada/severa,0.0
RA-392,2023,3,15.0,Masculino,2022,6.567208333,Agata,9.6,9.5,2.52,4.6,6.09375,7.17,5.0,6.2,4.7,2.8,-2,,,1,Defasagem moderada/severa,1.0
RA-392,2024,4,16.0,Masculino,2022,4.3639463364,Quartzo,9.585,5.414731682,5.635,1.0,3.5,3.545,5.0,0.0,2.0,1.0,-1,,,0,Defasagem leve,2.0
RA-393,2022,2,16.0,Feminino,2018,5.518,Quartzo,10.0,5.4,5.0,4.6,,6.778,2.5,4.7,4.5,,-4,0.0,0.0,1,Defasagem moderada/severa,4.0
RA-394,2022,2,11.0,Feminino,2022,7.897,Ametista,9.5,8.6,7.5,5.9,,8.444,10.0,4.3,7.5,,0,1.0,0.0,0,Adequado,0.0
RA-395,2022,2,11.0,Feminino,2018,7.683,Ametista,9.0,8.9,7.5,4.9,,8.333,10.0,4.2,5.7,,0,0.0,0.0,0,Adequado,4.0
RA-395,2023,3,12.0,Feminino,2018,7.469175,Ametista,9.2,8.6,2.52,6.0,7.96875,7.9175,10.0,6.7,5.3,6.0,0,,,0,Adequado,5.0
RA-395,2024,4,13.0,Feminino,2021,7.169905291000001,Ametista,8.751,6.921693121666666,6.26,4.333333333333333,7.25,8.464,10.0,2.5,5.5,5.0,1,,,0,Adiantado,3.0
RA-396,2022,2,12.0,Masculino,2022,6.556,Agata,9.0,8.0,6.3,5.6,,6.556,5.0,4.7,6.5,,-1,0.0,0.0,0,Defasagem leve,0.0
RA-397,2022,2,14.0,Feminino,2017,5.852,Quartzo,9.0,5.7,6.9,2.8,,7.167,5.0,3.3,2.3,,-2,0.0,0.0,1,Defasagem moderada/severa,5.0
RA-397,2023,4,15.0,Feminino,2017,6.207083333,Agata,7.5,7.9,2.52,4.6,7.1875,7.465,5.0,6.7,5.0,2.0,-1,,,0,Defasagem leve,6.0
RA-397,2024,4,16.0,Feminino,2021,6.807291921866668,Agata,7.918,7.885292942666666,5.63,5.666666666666667,7.625,7.398,5.0,5.0,4.5,7.5,-2,,,1,Defasagem moderada/severa,3.0
RA-398,2022,2,10.0,Feminino,2022,7.742,Ametista,9.0,9.3,7.5,5.5,,7.5,10.0,3.0,8.0,,0,0.0,0.0,0,Adequado,0.0
RA-398,2023,3,,Feminino,2022,7.153766667,Ametista,6.7,8.1,2.52,6.5,7.5,7.7925,10.0,9.3,5.8,4.5,1,,,0,Adiantado,1.0
RA-398,2024,3,12.0,Feminino,2022,7.2457999999666685,Ametista,7.083,5.733333333333333,7.51,8.0,7.291666667,6.553333333,10.0,8.5,7.5,8.0,0,,,0,Adequado,2.0
RA-399,2022,2,12.0,Feminino,2022,6.58,Agata,6.8,9.3,5.6,4.3,,7.5,5.0,3.0,5.5,,-1,0.0,0.0,0,Defasagem leve,0.0
RA-399,2023,3,,Feminino,2022,7.000033333,Ametista,7.9,8.2,2.52,4.7,7.5,8.165,10.0,5.0,4.2,4.8,0,,,0,Adequado,1.0
RA-4,2022,7,17.0,Masculino,2017,5.951,Quartzo,8.8,4.5,5.6,5.0,,5.278,10.0,2.8,3.5,8.7,0,0.0,0.0,0,Adequado,5.0
RA-40,2022,5,16.0,Feminino,2016,7.203,Ametista,7.9,7.8,7.5,6.8,,7.75,5.0,4.7,7.3,8.4,-1,0.0,0.0,0,Defasagem leve,6.0
RA-40,2023,6,17.0,Feminino,2016,7.169975,Ametista,7.5,8.2,7.52,5.9,7.96875,7.755,5.0,6.2,5.7,5.8,-1,,,0,Defasagem leve,7.0
RA-40,2024,7,18.0,Feminino,2021,7.098051462066667,Ametista,7.083,7.211257310000001,8.13,5.333333333333333,8.125,6.276666667,10.0,3.5,6.0,6.5,0,,,0,Adequado,3.0
RA-400,2022,2,14.0,Masculino,2018,6.042,Agata,9.0,8.5,5.0,1.7,,7.444,5.0,1.2,2.2,,-2,0.0,0.0,1,Defasagem moderada/severa,4.0
RA-400,2023,3,,Masculino,2018,6.529425,Agata,9.2,9.0,2.52,4.1,7.65625,7.375,5.0,4.8,4.7,2.8,-1,,,0,Defasagem leve,5.0
RA-401,2022,2,12.0,Feminino,2021,6.645,Agata,6.9,9.6,7.5,4.3,,6.722,5.0,3.7,5.0,,-1,0.0,0.0,0,Defasagem leve,1.0
RA-401,2023,2,12.0,Feminino,2021,6.363666667,Agata,4.0,8.1,2.52,7.3,7.083333333,7.116666667,5.0,6.3,8.3,,-1,,,0,Defasagem leve,2.0
RA-401,2024,3,14.0,Feminino,2021,6.728911403533334,Agata,6.666,6.839473684333334,6.885,4.833333333333333,6.5625,6.915,10.0,7.0,5.0,2.5,0,,,0,Adequado,3.0
RA-402,2022,2,12.0,Feminino,2019,5.261,Quartzo,9.0,3.7,5.0,3.0,,7.222,5.0,4.3,1.7,,-1,0.0,0.0,0,Defasagem leve,3.0
RA-402,2023,3,13.0,Feminino,2019,6.632716667,Agata,9.2,7.3,2.52,4.2,7.8125,6.88,10.0,4.7,4.0,4.0,0,,,0,Adequado,4.0
RA-402,2024,4,14.0,Feminino,2021,5.683064814833333,Quartzo,7.5,3.074074074,6.26,4.166666666666667,6.354166667,6.1175,10.0,3.0,3.5,6.0,0,,,0,Adequado,3.0
RA-403,2022,2,12.0,Masculino,2020,7.455,Ametista,9.5,9.3,7.5,6.3,,7.5,5.0,6.5,6.2,,-1,0.0,0.0,0,Defasagem leve,2.0
RA-403,2023,2,,Masculino,2020,7.716366667,Ametista,8.5,8.8,6.27,7.8,7.291666667,8.45,5.0,6.8,8.8,,-1,,,0,Defasagem leve,3.0
RA-403,2024,3,14.0,Masculino,2021,8.008488888833334,Topazio,8.751,7.361111111,7.51,7.666666666666667,8.541666667,7.613333333,10.0,6.0,8.0,9.0,0,,,0,Adequado,3.0
RA-404,2022,2,12.0,Feminino,2020,6.658,Agata,9.0,7.3,7.5,5.3,,6.944,5.0,4.0,6.5,,-1,0.0,0.0,0,Defasagem leve,2.0
RA-404,2023,2,,Feminino,2020,6.7093,Agata,7.9,8.3,5.02,6.0,6.875,6.89,5.0,4.7,7.2,,-1,,,0,Defasagem leve,3.0
RA-404,2024,3,14.0,Feminino,2021,6.624588235266668,Agata,8.334,6.286274509666666,2.51,5.666666666666667,7.5,6.998,10.0,6.0,5.0,6.0,0,,,0,Adequado,3.0
RA-405,2022,2,13.0,Masculino,2016,5.661,Quartzo,9.5,6.2,5.0,3.3,,6.0,5.0,2.7,3.8,,-1,0.0,0.0,0,Defasagem leve,6.0
RA-406,2022,2,13.0,Feminino,2019,7.496,Ametista,9.5,9.5,7.5,6.6,,7.333,5.0,5.4,7.8,,-1,0.0,0.0,0,Defasagem leve,3.0
RA-407,2022,2,13.0,Masculino,2022,7.195,Ametista,8.5,9.3,7.5,6.0,,7.056,5.0,4.0,8.0,,-1,0.0,0.0,0,Defasagem leve,0.0
RA-407,2023,3,14.0,Masculino,2022,7.665083333,Ametista,9.6,8.6,7.52,7.3,7.8125,7.5,5.0,7.3,7.2,7.3,-1,,,0,Defasagem leve,1.0
RA-407,2024,4,15.0,Masculino,2022,7.0875128168,Ametista,8.334,7.614522417333333,6.26,3.6666666666666665,7.96875,7.875,10.0,2.0,5.0,4.0,0,,,0,Adequado,2.0
RA-408,2022,2,12.0,Feminino,2022,6.725,Agata,8.0,9.7,7.5,3.3,,7.333,5.0,1.0,5.5,,-1,0.0,0.0,0,Defasagem leve,0.0
RA-408,2023,2,13.0,Feminino,2022,7.242133333,Ametista,7.9,8.5,3.77,6.8,8.333333333,8.45,5.0,6.0,7.5,,-1,,,0,Defasagem leve,1.0
RA-408,2024,3,14.0,Feminino,2022,6.5276296297,Agata,7.5,4.981481481666667,7.51,4.833333333333333,7.083333333,6.776666667,10.0,3.0,5.5,6.0,0,,,0,Adequado,2.0
RA-409,2022,2,11.0,Feminino,2022,8.15,Topazio,7.9,9.7,7.5,7.8,,7.5,10.0,6.0,9.5,,0,0.0,0.0,0,Adequado,0.0
RA-409,2023,2,,Feminino,2022,7.621466667,Ametista,8.4,9.5,2.52,8.0,7.916666667,8.73,5.0,6.2,9.7,,-1,,,0,Defasagem leve,1.0
RA-409,2024,3,13.0,Feminino,2022,8.225462962900002,Topazio,9.585,9.231481481333333,7.51,7.166666666666667,7.916666667,7.223333333,10.0,7.0,7.5,7.0,0,,,0,Adequado,2.0
RA-41,2022,5,17.0,Masculino,2018,5.581,Quartzo,9.2,6.1,5.0,5.6,,4.375,5.0,6.3,2.5,8.0,-2,0.0,0.0,1,Defasagem moderada/severa,4.0
RA-410,2022,2,14.0,Masculino,2018,5.675,Quartzo,7.4,6.5,6.3,2.0,,7.444,5.0,2.0,2.0,,-2,0.0,0.0,1,Defasagem moderada/severa,4.0
RA-410,2023,3,,Masculino,2018,6.140808333,Agata,8.8,5.8,7.52,4.9,6.71875,6.0425,5.0,5.0,4.8,4.8,-1,,,0,Defasagem leve,5.0
RA-411,2022,2,12.0,Feminino,2019,7.232,Ametista,6.4,8.6,7.5,7.1,,7.833,5.0,6.7,7.5,,-1,0.0,0.0,0,Defasagem leve,3.0
RA-411,2023,3,13.0,Feminino,2019,7.779983333,Ametista,6.2,9.0,7.52,6.6,7.8125,7.5425,10.0,5.7,6.7,7.3,0,,,0,Adequado,4.0
RA-411,2024,4,14.0,Feminino,2021,7.279762962966667,Ametista,7.083,9.148148147999999,5.635,4.833333333333333,7.291666667,7.4125,10.0,3.5,7.0,4.0,0,,,0,Adequado,3.0
RA-412,2022,2,12.0,Feminino,2018,7.556,Ametista,8.5,9.0,7.5,7.3,,7.778,5.0,6.5,8.2,,-1,0.0,0.0,0,Defasagem leve,4.0
RA-412,2023,3,13.0,Feminino,2018,7.373891667,Ametista,8.8,8.9,2.52,6.2,7.03125,7.585,10.0,5.8,5.2,7.7,0,,,0,Adequado,5.0
RA-412,2024,4,14.0,Feminino,2021,8.044378070166667,Topazio,8.334,8.456140351,6.26,7.333333333333333,8.020833333,8.125,10.0,8.0,6.0,8.0,0,,,0,Adequado,3.0
RA-413,2022,2,12.0,Feminino,2022,6.408,Agata,6.4,8.7,5.6,4.7,,7.056,5.0,4.2,5.2,,-1,0.0,0.0,0,Defasagem leve,0.0
RA-413,2023,2,13.0,Feminino,2022,6.803633333,Agata,7.9,8.9,2.52,6.3,7.291666667,7.503333333,5.0,5.8,6.7,,-1,,,0,Defasagem leve,1.0
RA-414,2022,2,12.0,Feminino,2021,7.284,Ametista,8.0,9.3,7.5,5.9,,7.667,5.0,5.7,6.2,,-1,0.0,0.0,0,Defasagem leve,1.0
RA-414,2023,3,13.0,Feminino,2021,7.25025,Ametista,0.0,9.5,7.52,6.5,7.8125,7.585,10.0,6.0,7.0,6.5,0,,,0,Adequado,2.0
RA-414,2024,3,14.0,Feminino,2021,7.187625925933334,Ametista,7.917,8.429629629666666,7.51,6.0,6.25,5.67,10.0,9.0,3.0,6.0,0,,,0,Adequado,3.0
RA-415,2022,2,11.0,Feminino,2019,7.695,Ametista,8.0,8.3,7.5,6.2,,8.056,10.0,4.8,7.5,,0,0.0,0.0,0,Adequado,3.0
RA-415,2023,3,12.0,Feminino,2019,7.18805,Ametista,7.1,8.2,7.52,3.7,7.8125,7.8325,10.0,2.8,4.0,4.3,0,,,0,Adequado,4.0
RA-416,2022,2,12.0,Masculino,2018,7.913,Ametista,9.5,9.3,8.8,7.2,,8.222,5.0,6.7,7.7,,-1,0.0,0.0,0,Defasagem leve,4.0
RA-416,2023,3,13.0,Masculino,2018,8.144425,Topazio,9.2,9.8,2.52,7.6,8.28125,8.3375,10.0,7.0,7.0,8.8,0,,,0,Adequado,5.0
RA-416,2024,4,14.0,Masculino,2021,8.700808577033333,Topazio,8.751,8.972709551666666,7.51,8.0,8.541666667,9.13,10.0,8.0,7.5,8.5,1,,,0,Adiantado,3.0
RA-417,2022,2,13.0,Feminino,2022,8.428,Topazio,10.0,10.0,7.5,8.0,,9.556,5.0,6.0,10.0,,-1,1.0,0.0,0,Defasagem leve,0.0
RA-417,2023,3,,Feminino,2022,8.257658333,Topazio,5.4,9.7,7.52,7.8,8.28125,8.2125,10.0,6.7,8.3,8.3,0,,,0,Adequado,1.0
RA-417,2024,4,14.0,Feminino,2022,8.533628557533333,Topazio,8.334,8.401559454333333,7.51,8.833333333333334,8.4375,8.2925,10.0,9.0,10.0,7.5,0,,,0,Adequado,2.0
RA-418,2022,2,10.0,Feminino,2020,8.175,Topazio,8.0,9.4,7.5,7.5,,8.222,10.0,6.5,8.5,,0,0.0,0.0,0,Adequado,2.0
RA-418,2023,3,,Feminino,2020,8.1686,Topazio,8.8,10.0,2.52,8.1,8.125,8.045,10.0,6.7,8.3,9.3,1,,,0,Adiantado,3.0
RA-418,2024,4,12.0,Feminino,2021,9.125183333366667,Topazio,8.751,10.0,7.51,9.333333333333334,8.229166667,9.0475,10.0,9.5,8.5,10.0,1,,,0,Adiantado,3.0
RA-419,2022,2,12.0,Feminino,2019,7.359,Ametista,7.5,9.2,5.6,6.9,,8.389,5.0,5.3,8.5,,-1,1.0,0.0,0,Defasagem leve,3.0
RA-419,2023,3,,Feminino,2019,7.7261,Ametista,6.7,9.5,2.52,7.6,8.125,7.875,10.0,7.0,7.3,8.5,0,,,0,Adequado,4.0
RA-419,2024,4,14.0,Feminino,2021,8.355707894766669,Topazio,7.083,9.382456140666667,6.26,8.166666666666666,8.020833333,8.5475,10.0,6.5,8.0,10.0,1,,,0,Adiantado,3.0
RA-42,2022,5,15.0,Masculino,2019,6.72,Agata,8.3,7.9,5.6,4.8,,6.083,10.0,3.7,4.5,6.2,0,0.0,0.0,0,Adequado,3.0
RA-42,2023,5,,Masculino,2019,6.794516667,Agata,8.8,8.6,5.63,5.7,6.5625,6.6675,5.0,6.3,4.2,6.7,-1,,,0,Defasagem leve,4.0
RA-42,2024,6,17.0,Masculino,2021,7.656628769866667,Ametista,9.168,9.682539682666667,5.635,8.166666666666666,6.796875,7.134,5.0,9.0,7.5,8.0,-1,,,0,Defasagem leve,3.0
RA-420,2022,2,11.0,Feminino,2019,7.461,Ametista,9.5,9.0,5.6,4.5,,8.0,10.0,1.3,7.7,,0,0.0,0.0,0,Adequado,3.0
RA-420,2023,3,,Feminino,2019,7.356358333,Ametista,8.3,9.3,2.52,5.3,7.65625,7.96,10.0,5.7,5.8,4.3,0,,,0,Adequado,4.0
RA-420,2024,4,13.0,Feminino,2021,7.544228947400001,Ametista,8.334,9.557894737,6.26,4.0,7.8125,7.96,10.0,3.0,4.5,4.5,1,,,0,Adiantado,3.0
RA-421,2022,2,11.0,Masculino,2021,8.717,Topazio,8.5,9.3,7.5,8.8,,9.111,10.0,9.2,8.5,,0,1.0,1.0,0,Adequado,1.0
RA-421,2023,3,,Masculino,2021,8.030716667,Topazio,9.2,9.9,2.52,7.3,7.8125,8.17,10.0,8.0,6.2,7.8,0,,,0,Adequado,2.0
RA-421,2024,4,13.0,Masculino,2021,8.488232329,Topazio,8.751,9.540744978333334,7.51,6.666666666666667,9.0625,8.572,10.0,5.0,6.0,9.0,1,,,0,Adiantado,3.0
RA-422,2022,2,12.0,Masculino,2022,6.746,Agata,8.5,10.0,7.5,2.5,,7.5,5.0,1.0,4.0,,-1,0.0,0.0,0,Defasagem leve,0.0
RA-422,2023,2,,Masculino,2022,5.57,Quartzo,0.0,7.8,7.52,4.4,6.666666667,6.106666667,5.0,3.0,5.7,,-1,,,0,Defasagem leve,1.0
RA-422,2024,3,14.0,Masculino,2022,5.544981481433334,Quartzo,7.5,6.157407407333333,7.51,2.8333333333333335,6.458333333,5.5,5.0,3.0,4.5,1.0,-1,,,0,Defasagem leve,2.0
RA-423,2022,2,12.0,Feminino,2022,6.647,Agata,8.4,9.6,7.5,2.3,,7.667,5.0,0.5,4.0,,-1,0.0,0.0,0,Defasagem leve,0.0
RA-423,2023,2,13.0,Feminino,2022,6.607533333,Agata,8.0,8.7,6.89,3.4,7.083333333,7.45,5.0,2.3,4.5,,-1,,,0,Defasagem leve,1.0
RA-423,2024,3,14.0,Feminino,2022,6.616193704866666,Agata,5.833,6.501135191,8.13,4.333333333333333,6.875,6.8275,10.0,6.0,3.5,3.5,0,,,0,Adequado,2.0
RA-424,2022,2,12.0,Feminino,2022,7.94,Ametista,9.0,10.0,7.5,7.5,,8.222,5.0,10.0,5.0,,-1,0.0,0.0,0,Defasagem leve,0.0
RA-424,2023,3,,Feminino,2022,7.72685,Ametista,8.8,9.9,2.52,6.4,7.8125,7.7925,10.0,5.0,6.7,7.5,0,,,0,Adequado,1.0
RA-424,2024,4,14.0,Feminino,2022,7.341187280733334,Ametista,8.334,9.616228070333333,7.51,3.3333333333333335,7.34375,7.1625,10.0,2.0,6.0,2.0,0,,,0,Adequado,2.0
RA-425,2022,2,12.0,Masculino,2022,8.117,Topazio,9.0,10.0,7.5,9.0,,7.5,5.0,9.0,9.0,,-1,0.0,0.0,0,Defasagem leve,0.0
RA-425,2023,3,13.0,Masculino,2022,8.10555,Topazio,9.2,9.9,2.52,7.5,7.8125,8.3775,10.0,6.7,7.3,8.5,0,,,0,Adequado,1.0
RA-425,2024,4,14.0,Masculino,2022,9.0166166667,Topazio,10.0,10.0,6.26,9.0,8.229166667,8.8375,10.0,10.0,7.5,9.5,0,,,0,Adequado,2.0
RA-426,2022,2,14.0,Feminino,2022,6.35,Agata,9.0,6.5,7.5,4.6,,7.111,5.0,2.3,6.8,,-2,0.0,0.0,1,Defasagem moderada/severa,0.0
RA-426,2023,3,,Feminino,2022,6.329158333,Agata,5.4,7.6,5.0,5.0,7.65625,7.5425,5.0,4.7,5.2,5.0,-1,,,0,Defasagem leve,1.0
RA-426,2024,4,15.0,Feminino,2022,6.6430030186,Agata,7.917,7.9050567596666665,4.38,4.833333333333333,7.65625,8.0,5.0,3.5,7.0,4.0,-1,,,0,Defasagem leve,2.0
RA-427,2022,2,13.0,Masculino,2022,6.245,Agata,8.0,8.5,7.5,2.5,,6.778,5.0,3.0,2.0,,-1,0.0,0.0,0,Defasagem leve,0.0
RA-428,2022,2,13.0,Masculino,2022,7.683,Ametista,6.8,8.7,7.5,9.5,,7.111,5.0,10.0,9.0,,-1,0.0,0.0,0,Defasagem leve,0.0
RA-428,2023,3,,Masculino,2022,7.821816667,Ametista,8.3,9.5,2.52,7.2,7.8125,8.0425,10.0,9.3,4.7,7.7,0,,,0,Adequado,1.0
RA-428,2024,4,14.0,Masculino,2022,7.534949122800001,Ametista,9.168,8.898245614,5.635,5.0,7.5,7.625,10.0,3.0,4.0,8.0,0,,,0,Adequado,2.0
RA-429,2022,2,13.0,Masculino,2019,5.811,Quartzo,10.0,5.3,7.5,2.7,,6.611,5.0,2.8,2.5,,-1,0.0,0.0,0,Defasagem leve,3.0
RA-43,2022,5,16.0,Feminino,2019,5.486,Quartzo,6.3,6.5,5.6,4.3,,5.958,5.0,4.0,5.8,3.2,-1,0.0,0.0,0,Defasagem leve,3.0
RA-43,2023,6,17.0,Feminino,2019,6.4622,Agata,7.9,6.7,5.63,5.0,7.5,7.5875,5.0,4.0,5.0,6.0,-1,,,0,Defasagem leve,4.0
RA-430,2022,2,13.0,Masculino,2022,7.585,Ametista,9.5,8.6,7.5,8.5,,6.611,5.0,7.5,9.5,,-1,0.0,0.0,0,Defasagem leve,0.0
RA-430,2023,3,14.0,Masculino,2022,7.146716667,Ametista,9.2,9.3,2.52,6.4,7.8125,7.75,5.0,7.3,5.5,6.5,-1,,,0,Defasagem leve,1.0
RA-431,2022,2,11.0,Masculino,2022,7.175,Ametista,9.0,8.1,7.5,4.5,,6.778,10.0,5.0,4.0,,0,0.0,0.0,0,Adequado,0.0
RA-432,2022,2,14.0,Feminino,2019,6.34,Agata,10.0,6.8,5.0,5.1,,6.611,5.0,5.7,4.5,,-2,0.0,0.0,1,Defasagem moderada/severa,3.0
RA-432,2023,3,,Feminino,2019,6.850183333,Agata,8.8,9.0,2.52,5.2,7.8125,8.0425,5.0,5.0,6.3,4.2,-2,,,1,Defasagem moderada/severa,4.0
RA-432,2024,4,16.0,Feminino,2021,7.167975,Ametista,7.501,10.0,6.26,5.5,7.34375,7.2875,5.0,5.0,6.0,5.5,-1,,,0,Defasagem leve,3.0
RA-433,2022,2,12.0,Masculino,2022,5.557,Quartzo,8.5,7.3,5.0,2.6,,5.778,5.0,2.2,3.0,,-1,0.0,0.0,0,Defasagem leve,0.0
RA-433,2023,2,,Masculino,2022,6.5982,Agata,8.5,7.2,7.52,4.8,5.833333333,7.613333333,5.0,1.8,7.7,,-1,,,0,Defasagem leve,1.0
RA-433,2024,3,14.0,Masculino,2022,7.218157142866668,Ametista,7.918,8.380952381,8.13,4.833333333333333,6.875,6.415,10.0,6.5,4.0,4.0,0,,,0,Adequado,2.0
RA-434,2022,2,11.0,Masculino,2022,7.403,Ametista,9.0,8.1,7.5,5.7,,6.778,10.0,4.8,6.5,,0,0.0,0.0,0,Adequado,0.0
RA-434,2023,2,12.0,Masculino,2022,7.069766667,Ametista,6.3,8.0,7.52,6.6,7.5,7.613333333,5.0,5.2,8.0,,-1,,,0,Defasagem leve,1.0
RA-434,2024,3,13.0,Masculino,2022,6.610947619100001,Agata,7.084,5.061904762,7.51,5.5,7.291666667,6.55,10.0,5.5,5.5,5.5,0,,,0,Adequado,2.0
RA-435,2022,2,10.0,Feminino,2022,6.599,Agata,7.9,6.2,7.5,4.7,,6.444,10.0,3.7,5.7,,0,0.0,0.0,0,Adequado,0.0
RA-436,2022,2,11.0,Masculino,2022,6.687,Agata,9.5,8.1,7.5,2.0,,6.611,10.0,4.0,0.0,,0,0.0,0.0,0,Adequado,0.0
RA-436,2023,2,12.0,Masculino,2022,5.322366667,Quartzo,7.5,4.7,2.52,3.4,6.875,7.613333333,5.0,3.7,3.0,,-1,,,0,Defasagem leve,1.0
RA-437,2022,2,13.0,Masculino,2022,6.875,Agata,8.5,8.3,7.5,5.8,,6.611,5.0,6.0,5.5,,-1,0.0,0.0,0,Defasagem leve,0.0
RA-437,2023,2,,Masculino,2022,6.947366667,Agata,8.0,8.4,7.52,4.7,7.291666667,7.78,5.0,2.5,6.8,,-2,,,1,Defasagem moderada/severa,1.0
RA-438,2022,2,10.0,Masculino,2022,7.764,Ametista,8.0,8.7,7.5,7.3,,6.889,10.0,6.5,8.0,,0,0.0,0.0,0,Adequado,0.0
RA-438,2023,2,,Masculino,2022,6.9883,Agata,6.9,7.5,6.26,5.4,6.458333333,7.223333333,10.0,3.5,7.3,,0,,,0,Adequado,1.0
RA-438,2024,2,12.0,Masculino,2022,7.930283695700001,Ametista,9.168,8.6630434785,7.51,8.25,7.96875,7.915,5.0,7.0,9.5,,-1,,,0,Defasagem leve,2.0
RA-439,2022,2,12.0,Masculino,2022,5.519,Quartzo,9.0,4.9,7.5,2.3,,6.5,5.0,3.2,1.3,,-1,0.0,0.0,0,Defasagem leve,0.0
RA-44,2022,5,17.0,Feminino,2021,5.542,Quartzo,5.0,5.9,7.5,3.0,,7.292,5.0,2.3,3.5,3.2,-2,0.0,1.0,1,Defasagem moderada/severa,1.0
RA-44,2023,6,,Feminino,2021,6.258333333,Agata,0.0,8.5,5.01,6.9,7.5,7.17,5.0,7.3,5.8,7.5,-2,,,1,Defasagem moderada/severa,2.0
RA-440,2022,2,11.0,Masculino,2022,7.329,Ametista,9.5,9.0,6.9,5.5,,5.833,10.0,6.0,5.0,,0,0.0,0.0,0,Adequado,0.0
RA-440,2023,3,12.0,Masculino,2022,6.989208333,Agata,0.0,8.2,7.52,6.2,7.96875,7.835,10.0,7.3,7.0,4.2,0,,,0,Adequado,1.0
RA-441,2022,2,11.0,Feminino,2019,8.188,Topazio,9.0,7.9,7.5,8.0,,8.333,10.0,8.0,8.0,,0,0.0,0.0,0,Adequado,3.0
RA-442,2022,2,11.0,Feminino,2022,8.226,Topazio,10.0,8.2,7.5,7.5,,8.222,10.0,9.0,6.0,,0,0.0,0.0,0,Adequado,0.0
RA-442,2023,3,,Feminino,2022,6.814166667,Agata,0.0,7.6,7.52,5.8,7.5,8.1275,10.0,6.7,6.5,4.3,0,,,0,Adequado,1.0
RA-442,2024,4,13.0,Feminino,2022,6.905439215666667,Agata,8.334,5.9151960783333335,5.635,5.0,7.5,7.8775,10.0,4.5,7.0,3.5,1,,,0,Adiantado,2.0
RA-443,2022,2,13.0,Feminino,2019,7.482,Ametista,9.0,9.1,7.5,5.6,,8.5,5.0,8.0,3.2,,-1,1.0,1.0,0,Defasagem leve,3.0
RA-443,2023,3,14.0,Feminino,2019,6.895508333,Agata,7.1,7.5,2.52,7.6,7.96875,8.125,5.0,7.0,8.7,7.0,-1,,,0,Defasagem leve,4.0
RA-444,2022,2,11.0,Masculino,2018,6.665,Agata,9.0,7.2,5.0,3.1,,7.778,10.0,1.5,4.7,,0,0.0,0.0,0,Adequado,4.0
RA-444,2023,3,11.0,Masculino,2018,5.958791667,Quartzo,0.0,7.9,5.0,4.7,6.40625,6.4575,10.0,4.7,5.8,3.7,1,,,0,Adiantado,5.0
RA-444,2024,3,14.0,Masculino,2021,5.410188638266668,Quartzo,8.334,6.377276524666667,2.51,3.6666666666666665,6.25,5.96,5.0,2.0,5.0,4.0,-1,,,0,Defasagem leve,3.0
RA-445,2022,2,12.0,Masculino,2022,6.924,Agata,9.0,9.4,7.5,3.8,,7.5,5.0,0.0,7.5,,-1,0.0,0.0,0,Defasagem leve,0.0
RA-445,2023,2,13.0,Masculino,2022,7.9087,Ametista,8.0,8.8,6.89,8.4,8.541666667,8.176666667,5.0,7.7,9.0,,-1,,,0,Defasagem leve,1.0
RA-445,2024,3,14.0,Masculino,2022,7.3416246032,Ametista,7.917,8.715873016,7.51,4.0,7.8125,7.3725,10.0,3.0,6.0,3.0,0,,,0,Adequado,2.0
RA-446,2022,2,13.0,Feminino,2018,7.367,Ametista,9.5,8.9,5.0,6.9,,7.889,5.0,6.3,7.5,,-1,0.0,0.0,0,Defasagem leve,4.0
RA-447,2022,2,10.0,Feminino,2022,5.607,Quartzo,0.0,7.0,7.5,3.5,,5.556,10.0,7.0,0.0,,0,0.0,0.0,0,Adequado,0.0
RA-448,2022,2,11.0,Feminino,2022,7.972,Ametista,9.0,9.7,7.5,5.5,,8.111,10.0,5.0,6.0,,0,0.0,0.0,0,Adequado,0.0
RA-449,2022,2,12.0,Feminino,2022,6.143,Agata,0.0,6.0,7.5,7.0,,8.111,5.0,6.0,8.0,,-1,0.0,0.0,0,Defasagem leve,0.0
RA-449,2023,3,12.0,Feminino,2022,7.396508333,Ametista,7.1,7.2,7.52,7.0,7.34375,6.8425,10.0,5.5,7.7,7.7,0,,,0,Adequado,1.0
RA-45,2022,5,15.0,Feminino,2019,7.591,Ametista,7.9,8.9,5.6,6.8,,7.417,10.0,6.3,5.2,8.8,0,0.0,0.0,0,Adequado,3.0
RA-45,2023,6,,Feminino,2019,8.303591667,Topazio,7.1,9.6,6.26,7.9,8.28125,8.1725,10.0,7.8,6.3,9.7,0,,,0,Adequado,4.0
RA-45,2024,7,17.0,Feminino,2021,8.743476190400001,Topazio,7.5,9.619047619,9.38,8.0,8.75,8.283333333,10.0,7.5,7.0,9.5,0,,,0,Adequado,3.0
RA-450,2022,2,13.0,Masculino,2021,7.843,Ametista,10.0,9.1,7.5,7.5,,8.111,5.0,6.8,8.2,,-1,0.0,0.0,0,Defasagem leve,1.0
RA-450,2023,3,14.0,Masculino,2021,6.819625,Agata,9.6,8.4,2.52,5.4,7.65625,7.9175,5.0,7.0,6.5,2.7,-1,,,0,Defasagem leve,2.0
RA-450,2024,4,15.0,Masculino,2021,7.526188206666666,Ametista,8.751,8.954191033333332,5.63,7.5,7.8125,7.58,5.0,8.0,8.5,6.0,-1,,,0,Defasagem leve,3.0
RA-451,2022,2,13.0,Feminino,2019,6.434,Agata,9.0,6.0,6.3,6.1,,6.889,5.0,3.1,9.2,,-1,0.0,0.0,0,Defasagem leve,3.0
RA-451,2023,2,14.0,Feminino,2019,8.386033333,Topazio,8.5,9.5,4.39,8.9,9.375,9.896666667,5.0,7.8,10.0,,-2,,,1,Defasagem moderada/severa,4.0
RA-452,2022,2,13.0,Feminino,2021,6.287,Agata,9.0,5.6,7.5,4.8,,7.167,5.0,5.0,4.5,,-1,0.0,0.0,0,Defasagem leve,1.0
RA-453,2022,2,13.0,Feminino,2022,7.845,Ametista,9.0,8.7,7.5,8.8,,7.778,5.0,8.0,9.5,,-1,0.0,0.0,0,Defasagem leve,0.0
RA-454,2022,2,14.0,Masculino,2018,5.561,Quartzo,9.5,8.6,5.0,2.3,,5.444,5.0,0.0,4.7,,-2,0.0,0.0,1,Defasagem moderada/severa,4.0
RA-454,2023,3,15.0,Masculino,2018,4.603416667,Quartzo,0.0,7.5,5.0,2.6,4.6875,5.54,5.0,4.2,1.2,2.5,-2,,,1,Defasagem moderada/severa,5.0
RA-454,2024,4,17.0,Masculino,2021,5.852294346966668,Quartzo,9.585,6.633138401666667,6.255,3.6666666666666665,5.416666667,5.833333333,5.0,3.0,2.0,6.0,-2,,,1,Defasagem moderada/severa,3.0
RA-455,2022,2,12.0,Feminino,2022,6.876,Agata,7.0,7.9,7.5,6.3,,7.278,5.0,6.0,6.5,,-1,0.0,0.0,0,Defasagem leve,0.0
RA-455,2024,3,14.0,Feminino,2022,7.098988888900001,Ametista,8.751,6.111111111,8.13,4.5,8.333333333,7.276666667,10.0,3.0,6.5,4.0,0,,,0,Adequado,2.0
RA-456,2022,2,12.0,Feminino,2022,7.193,Ametista,6.4,8.2,6.3,7.3,,8.389,5.0,6.0,8.7,,-1,1.0,0.0,0,Defasagem leve,0.0
RA-456,2023,2,12.0,Feminino,2022,7.518,Ametista,0.0,8.3,4.39,9.9,9.583333333,9.953333333,5.0,9.7,10.0,,-1,,,0,Defasagem leve,1.0
RA-456,2024,3,13.0,Feminino,2022,8.331124561366668,Topazio,7.083,9.382456140333334,7.51,6.5,9.166666667,8.893333333,10.0,9.0,6.0,4.5,0,,,0,Adequado,2.0
RA-457,2022,2,12.0,Feminino,2022,7.68,Ametista,8.0,8.8,7.5,8.5,,7.667,5.0,7.0,10.0,,-1,0.0,0.0,0,Defasagem leve,0.0
RA-457,2023,3,13.0,Feminino,2022,8.256833333,Topazio,7.5,8.6,7.52,8.1,8.125,8.045,10.0,6.7,8.5,9.0,0,,,0,Adequado,1.0
RA-457,2024,4,14.0,Feminino,2022,8.5892756038,Topazio,8.334,8.743961352333335,7.51,8.666666666666666,9.6875,7.77,10.0,8.0,8.0,10.0,1,,,0,Adiantado,2.0
RA-458,2022,2,13.0,Masculino,2019,6.512,Agata,8.0,7.7,7.5,5.6,,5.833,5.0,4.7,6.5,,-1,0.0,0.0,0,Defasagem leve,3.0
RA-458,2023,3,,Masculino,2019,6.312083333,Agata,9.6,6.9,7.52,3.8,7.1875,6.2475,5.0,4.3,4.8,2.2,-1,,,0,Defasagem leve,4.0
RA-458,2024,3,15.0,Masculino,2021,5.680161507933333,Quartzo,8.751,3.7396825396666666,6.88,4.0,7.03125,6.83,5.0,3.0,4.0,5.0,-1,,,0,Defasagem leve,3.0
RA-459,2022,2,12.0,Masculino,2019,7.28,Ametista,7.0,9.1,8.1,7.3,,7.222,5.0,5.3,9.2,,-1,0.0,0.0,0,Defasagem leve,3.0
RA-459,2023,3,13.0,Masculino,2019,8.240016667,Topazio,6.7,9.3,7.52,8.3,7.1875,7.88,10.0,8.3,9.2,7.5,0,,,0,Adequado,4.0
RA-459,2024,4,14.0,Masculino,2021,7.233804589400001,Ametista,7.917,8.454106280333333,5.635,4.666666666666667,7.8125,7.366,10.0,0.0,6.0,8.0,0,,,0,Adequado,3.0
RA-46,2022,5,17.0,Feminino,2022,6.048,Agata,8.8,8.4,6.3,2.1,,7.083,5.0,2.8,2.8,0.7,-2,0.0,0.0,1,Defasagem moderada/severa,0.0
RA-46,2023,5,18.0,Feminino,2022,5.545383333,Quartzo,7.1,7.4,2.52,4.4,6.5625,6.6275,2.5,2.8,3.0,7.3,-3,,,1,Defasagem moderada/severa,1.0
RA-460,2022,2,12.0,Masculino,2022,5.711,Quartzo,6.8,8.1,7.5,3.3,,5.056,5.0,0.5,6.0,,-1,0.0,0.0,0,Defasagem leve,0.0
RA-461,2022,2,12.0,Feminino,2018,5.451,Quartzo,0.0,6.7,7.5,3.8,,7.222,5.0,1.5,6.2,,-1,0.0,0.0,0,Defasagem leve,4.0
RA-461,2023,2,12.0,Feminino,2018,7.2379,Ametista,7.3,7.9,3.77,7.4,8.541666667,8.616666667,5.0,5.7,9.0,,-1,,,0,Defasagem leve,5.0
RA-461,2024,3,13.0,Feminino,2021,7.5447559291,Ametista,8.751,9.182446312,7.51,4.5,7.708333333,7.056666667,10.0,3.0,4.5,6.0,0,,,0,Adequado,3.0
RA-462,2022,2,14.0,Masculino,2022,6.626,Agata,10.0,8.5,7.5,3.6,,6.778,5.0,2.0,5.2,,-2,0.0,0.0,1,Defasagem moderada/severa,0.0
RA-462,2023,3,,Feminino,2022,6.2267,Agata,10.0,8.1,5.0,2.7,7.5,6.5825,5.0,4.0,2.8,1.3,-2,,,1,Defasagem moderada/severa,1.0
RA-463,2022,2,12.0,Feminino,2020,6.41,Agata,10.0,7.8,7.5,2.5,,7.389,5.0,2.0,3.0,,-1,0.0,0.0,0,Defasagem leve,2.0
RA-463,2023,3,13.0,Feminino,2020,6.382383333,Agata,9.2,5.4,2.52,4.0,7.8125,7.795,10.0,6.3,4.3,1.3,0,,,0,Adequado,3.0
RA-464,2022,2,13.0,Feminino,2022,6.745,Agata,7.5,8.0,7.5,4.8,,7.722,5.0,2.7,7.0,,-1,0.0,0.0,0,Defasagem leve,0.0
RA-464,2023,3,,Feminino,2022,6.081675,Agata,9.2,7.7,2.52,3.0,7.96875,7.38,5.0,4.8,3.7,0.5,-1,,,0,Defasagem leve,1.0
RA-464,2024,3,15.0,Feminino,2022,6.872009064333334,Agata,9.168,7.851461988333334,8.76,4.333333333333333,7.1875,7.1175,5.0,3.0,3.5,6.5,-1,,,0,Defasagem leve,2.0
RA-465,2022,2,11.0,Masculino,2019,8.012,Ametista,8.0,7.9,7.5,7.8,,8.444,10.0,9.3,6.3,,0,1.0,0.0,0,Adequado,3.0
RA-465,2023,3,,Masculino,2019,8.012875,Topazio,7.5,9.4,2.52,8.5,7.96875,8.17,10.0,8.3,8.2,9.0,0,,,0,Adequado,4.0
RA-466,2022,2,13.0,Masculino,2022,6.826,Agata,8.5,9.7,7.5,3.3,,7.556,5.0,0.5,6.0,,-1,0.0,0.0,0,Defasagem leve,0.0
RA-466,2023,2,14.0,Masculino,2022,6.595533333,Agata,9.5,7.6,6.89,4.5,6.25,7.056666667,5.0,2.5,6.5,,-2,,,1,Defasagem moderada/severa,1.0
RA-466,2024,3,15.0,Masculino,2022,6.778749122800001,Agata,8.751,7.223245614,8.76,4.0,7.5,7.665,5.0,3.0,6.5,2.5,-1,,,0,Defasagem leve,2.0
RA-467,2022,2,13.0,Feminino,2022,6.38,Agata,5.8,8.4,5.0,5.5,,7.111,5.0,5.0,6.0,,-1,0.0,0.0,0,Defasagem leve,0.0
RA-467,2023,3,,Feminino,2022,6.552916667,Agata,6.3,9.2,3.14,5.2,7.1875,7.5425,5.0,6.0,6.0,3.7,-1,,,0,Defasagem leve,1.0
RA-467,2024,4,15.0,Feminino,2022,7.729811842133333,Ametista,7.917,9.140350877333333,5.01,6.833333333333333,7.34375,7.54,10.0,5.5,9.0,6.0,0,,,0,Adequado,2.0
RA-468,2022,2,13.0,Masculino,2022,6.313,Agata,9.5,6.7,7.5,4.1,,6.722,5.0,4.5,3.7,,-1,0.0,0.0,0,Defasagem leve,0.0
RA-468,2023,3,,Masculino,2022,5.911108333,Quartzo,8.3,6.0,6.27,3.4,7.34375,6.715,5.0,4.8,3.0,2.3,-1,,,0,Defasagem leve,1.0
RA-469,2022,2,11.0,Feminino,2022,7.624,Ametista,9.0,9.6,5.0,5.7,,7.833,10.0,6.2,5.2,,0,0.0,0.0,0,Adequado,0.0
RA-469,2023,2,,Feminino,2022,7.482533333,Ametista,7.5,9.3,2.52,7.8,7.916666667,8.843333333,5.0,6.8,8.8,,-1,,,0,Defasagem leve,1.0
RA-469,2024,3,13.0,Feminino,2022,7.684639869300001,Ametista,9.168,9.498366013,7.51,5.0,7.291666667,6.94,10.0,6.0,4.0,5.0,0,,,0,Adequado,2.0
RA-47,2022,5,17.0,Feminino,2022,5.677,Quartzo,7.9,6.3,7.5,2.1,,7.042,5.0,2.5,2.2,1.5,-2,0.0,0.0,1,Defasagem moderada/severa,0.0
RA-470,2022,2,13.0,Feminino,2019,7.378,Ametista,8.0,9.7,7.5,6.3,,7.5,5.0,5.3,7.3,,-1,0.0,0.0,0,Defasagem leve,3.0
RA-470,2023,3,14.0,Feminino,2019,6.993766667,Agata,8.8,9.2,5.0,4.9,7.5,7.71,5.0,6.0,4.3,4.5,-1,,,0,Defasagem leve,4.0
RA-470,2024,4,15.0,Feminino,2021,6.981130848,Agata,9.585,8.011695906666667,7.51,3.3333333333333335,7.03125,6.4975,10.0,3.5,4.0,2.5,0,,,0,Adequado,3.0
RA-471,2022,2,13.0,Feminino,2020,6.535,Agata,3.5,8.5,5.0,6.3,,8.056,5.0,5.7,6.8,,-1,0.0,0.0,0,Defasagem leve,2.0
RA-471,2023,3,,Feminino,2020,6.855541667,Agata,0.0,9.0,6.27,5.0,7.96875,8.125,10.0,6.3,4.0,4.8,0,,,0,Adequado,3.0
RA-471,2024,4,14.0,Feminino,2021,6.635847117766667,Agata,0.0,7.027568922333333,7.51,5.5,7.708333333,8.0425,10.0,4.0,5.5,7.0,0,,,0,Adequado,3.0
RA-472,2022,2,12.0,Feminino,2022,5.93,Quartzo,9.0,7.0,7.5,2.0,,7.056,5.0,1.8,2.2,,-1,0.0,0.0,0,Defasagem leve,0.0
RA-472,2023,2,,Feminino,2022,6.6858,Agata,5.1,7.1,7.52,5.5,7.708333333,8.223333333,5.0,3.7,7.2,,-1,,,0,Defasagem leve,1.0
RA-472,2024,2,14.0,Feminino,2022,6.6397610766,Agata,7.502,7.48447205,7.51,6.25,6.25,6.333333333,5.0,4.0,8.5,,-1,,,0,Defasagem leve,2.0
RA-473,2022,2,12.0,Masculino,2019,5.915,Quartzo,8.0,6.1,7.5,4.3,,5.889,5.0,4.5,4.0,,-1,0.0,0.0,0,Defasagem leve,3.0
RA-474,2022,2,13.0,Masculino,2019,6.446,Agata,9.5,9.1,7.5,3.0,,6.0,5.0,1.3,4.7,,-1,0.0,0.0,0,Defasagem leve,3.0
RA-474,2023,3,14.0,Masculino,2019,5.283583333,Quartzo,0.0,7.8,5.0,3.3,7.1875,6.7575,5.0,4.8,3.8,1.2,-1,,,0,Defasagem leve,4.0
RA-474,2024,3,15.0,Masculino,2021,6.024753703733333,Agata,9.168,5.818518518666667,7.51,3.0,7.1875,6.8725,5.0,4.0,3.0,2.0,-1,,,0,Defasagem leve,3.0
RA-475,2022,2,12.0,Feminino,2022,7.199,Ametista,8.5,9.2,7.5,5.8,,7.667,5.0,3.3,8.3,,-1,0.0,0.0,0,Defasagem leve,0.0
RA-476,2022,2,12.0,Feminino,2019,6.931,Agata,9.0,9.3,4.4,5.5,,7.556,5.0,5.0,6.0,,-1,0.0,0.0,0,Defasagem leve,3.0
RA-476,2023,3,13.0,Feminino,2019,6.492408333,Agata,7.9,7.0,2.52,4.1,7.34375,7.505,10.0,5.0,4.5,2.7,0,,,0,Adequado,4.0
RA-476,2024,3,14.0,Feminino,2021,6.7359982456,Agata,7.917,6.5964912280000005,7.51,4.5,6.25,6.745,10.0,7.0,4.0,2.5,0,,,0,Adequado,3.0
RA-477,2022,2,13.0,Masculino,2022,3.633,Quartzo,0.0,5.0,5.6,0.7,,4.5,5.0,0.3,1.0,,-1,0.0,0.0,0,Defasagem leve,0.0
RA-478,2022,2,12.0,Feminino,2019,6.709,Agata,8.5,9.1,5.6,4.9,,7.056,5.0,3.8,6.0,,-1,0.0,0.0,0,Defasagem leve,3.0
RA-478,2023,3,12.0,Feminino,2019,6.443616667,Agata,6.7,7.3,2.52,4.4,7.1875,7.2975,10.0,4.3,4.7,4.3,0,,,0,Adequado,4.0
RA-479,2022,1,10.0,Masculino,2020,8.465,Topazio,8.0,9.2,7.5,9.8,,9.5,5.0,10.0,9.7,,-1,1.0,0.0,0,Defasagem leve,2.0
RA-479,2023,2,,Masculino,2020,8.988866667,Topazio,9.0,10.0,2.52,9.7,9.791666667,9.6375,10.0,9.3,10.0,,0,,,0,Adequado,3.0
RA-479,2024,3,12.0,Masculino,2021,8.901966666666668,Topazio,9.168,9.866666666666667,2.51,9.666666666666666,9.375,9.45,10.0,10.0,9.0,10.0,1,,,0,Adiantado,3.0
RA-48,2022,5,15.0,Feminino,2017,8.006,Ametista,6.7,8.4,7.5,8.1,,8.5,10.0,6.7,8.0,9.5,0,1.0,0.0,0,Adequado,5.0
RA-48,2023,6,16.0,Feminino,2017,7.797058333,Ametista,6.7,8.4,6.26,7.7,7.65625,7.6275,10.0,8.3,5.7,9.0,0,,,0,Adequado,6.0
RA-48,2024,7,17.0,Feminino,2021,8.402390371800001,Topazio,7.917,8.339076859,9.375,7.5,8.59375,8.23,10.0,6.5,6.0,10.0,0,,,0,Adequado,3.0
RA-480,2022,1,10.0,Feminino,2021,7.502,Ametista,9.0,8.8,7.5,6.3,,8.444,5.0,6.8,5.7,,-1,1.0,1.0,0,Defasagem leve,1.0
RA-480,2023,1,11.0,Feminino,2021,8.226408333,Topazio,10.0,9.7,7.52,7.9,7.96875,8.336666667,5.0,7.2,8.5,,-1,,,0,Defasagem leve,2.0
RA-480,2024,2,12.0,Feminino,2021,7.260202380900001,Ametista,6.25,8.0714285715,7.51,5.0,7.8125,7.443333333,10.0,2.5,7.5,,0,,,0,Adequado,3.0
RA-481,2022,1,9.0,Masculino,2021,7.21,Ametista,9.0,8.0,7.5,5.2,,6.889,10.0,5.7,4.7,,0,0.0,0.0,0,Adequado,1.0
RA-482,2022,1,11.0,Masculino,2021,6.866,Agata,10.0,7.9,7.5,5.5,,6.833,5.0,4.3,6.7,,-1,0.0,0.0,0,Defasagem leve,1.0
RA-483,2022,1,11.0,Feminino,2019,5.263,Quartzo,9.0,4.8,5.0,2.4,,6.833,5.0,2.0,2.8,,-1,0.0,0.0,0,Defasagem leve,3.0
RA-483,2023,1,12.0,Feminino,2019,6.3972,Agata,9.0,6.0,2.52,5.6,7.916666667,8.166666667,5.0,5.0,6.2,,-2,,,1,Defasagem moderada/severa,4.0
RA-483,2024,2,13.0,Feminino,2021,6.578604762,Agata,8.502,5.6428571430000005,6.26,5.25,8.125,8.056666667,5.0,2.0,8.5,,-1,,,0,Defasagem leve,3.0
RA-484,2022,1,11.0,Masculino,2022,6.71,Agata,9.5,8.7,5.0,6.5,,6.389,5.0,8.0,5.0,,-1,0.0,0.0,0,Defasagem leve,0.0
RA-484,2023,2,12.0,Masculino,2022,5.515466667,Quartzo,6.4,7.5,2.52,3.6,5.416666667,6.8,5.0,3.2,4.0,,-1,,,0,Defasagem leve,1.0
RA-484,2024,3,13.0,Masculino,2022,3.8354776573333336,Quartzo,8.334,3.9141382866666667,2.51,0.0,3.4375,3.1225,10.0,0.0,0.0,0.0,0,,,0,Adequado,2.0
RA-485,2022,1,10.0,Masculino,2020,4.742,Quartzo,9.5,4.0,7.5,1.2,,5.444,5.0,1.0,1.3,,-1,0.0,0.0,0,Defasagem leve,2.0
RA-486,2022,1,10.0,Feminino,2020,7.621,Ametista,10.0,9.9,7.5,7.3,,7.222,5.0,6.7,7.8,,-1,0.0,0.0,0,Defasagem leve,2.0
RA-486,2023,2,11.0,Feminino,2020,7.1043,Ametista,8.4,6.4,2.52,6.2,7.5,8.7525,10.0,3.3,9.0,,0,,,0,Adequado,3.0
RA-487,2022,1,10.0,Feminino,2019,8.417,Topazio,7.5,9.7,7.5,9.6,,9.333,5.0,9.7,9.5,,-1,1.0,0.0,0,Defasagem leve,3.0
RA-487,2023,2,11.0,Feminino,2019,8.988866667,Topazio,8.5,9.9,5.0,9.5,9.166666667,9.26,10.0,9.2,9.7,,0,,,0,Adequado,4.0
RA-487,2024,3,12.0,Feminino,2021,9.4171373016,Topazio,9.168,9.441269841333334,9.38,9.666666666666666,9.0625,9.1725,10.0,10.0,9.0,10.0,0,,,0,Adequado,3.0
RA-488,2022,1,10.0,Feminino,2022,7.413,Ametista,8.5,8.8,7.5,7.3,,7.722,5.0,6.0,8.5,,-1,0.0,0.0,0,Defasagem leve,0.0
RA-489,2022,1,9.0,Feminino,2022,5.853,Quartzo,9.0,7.2,7.5,0.0,,6.5,10.0,0.0,0.0,,0,0.0,0.0,0,Adequado,0.0
RA-49,2022,5,17.0,Feminino,2022,6.304,Agata,7.5,7.4,7.5,3.9,,7.042,5.0,1.5,4.2,6.2,-2,0.0,0.0,1,Defasagem moderada/severa,0.0
RA-49,2023,8,18.0,Feminino,2022,,,,,,,,,10.0,,,,0,,,0,Adequado,1.0
RA-49,2024,8,19.0,Feminino,2022,,,,0.0,,,,,10.0,,,,0,,,0,Adequado,2.0
RA-490,2022,1,10.0,Feminino,2022,7.576,Ametista,7.9,8.2,7.5,7.7,,8.722,5.0,6.0,9.3,,-1,1.0,0.0,0,Defasagem leve,0.0
RA-490,2023,2,,Feminino,2022,7.429466667,Ametista,7.9,7.9,2.52,5.8,8.541666667,9.0075,10.0,2.8,8.7,,0,,,0,Adequado,1.0
RA-490,2024,3,12.0,Feminino,2022,7.368084290266667,Ametista,9.168,5.5110047846666665,8.755,6.166666666666667,7.8125,7.295,10.0,5.5,6.0,7.0,1,,,0,Adiantado,2.0
RA-491,2022,1,11.0,Masculino,2022,7.461,Ametista,7.5,9.7,7.5,7.0,,7.722,5.0,6.0,8.0,,-1,0.0,0.0,0,Defasagem leve,0.0
RA-491,2023,2,,Masculino,2022,7.560533333,Ametista,9.5,9.6,2.52,5.0,7.708333333,8.3375,10.0,3.3,6.7,,0,,,0,Adequado,1.0
RA-491,2024,2,12.0,Masculino,2022,6.995247619100001,Agata,7.502,9.011904762,7.51,5.25,7.083333333,7.166666667,5.0,1.5,9.0,,-1,,,0,Defasagem leve,2.0
RA-492,2022,1,11.0,Feminino,2022,7.678,Ametista,10.0,8.8,7.5,7.1,,8.278,5.0,8.2,6.0,,-1,0.0,0.0,0,Defasagem leve,0.0
RA-493,2022,1,9.0,Feminino,2020,8.306,Topazio,10.0,9.4,7.5,7.2,,8.278,10.0,7.3,7.0,,0,0.0,0.0,0,Adequado,2.0
RA-493,2023,2,10.0,Feminino,2020,7.934366667,Ametista,9.5,9.6,2.52,6.0,8.541666667,8.84,10.0,4.7,7.2,,0,,,0,Adequado,3.0
RA-493,2024,3,11.0,Feminino,2021,7.464325,Ametista,10.0,8.933333333333334,10.0,3.1666666666666665,7.03125,6.705,10.0,3.0,4.0,2.5,1,,,0,Adiantado,3.0
RA-494,2022,1,11.0,Feminino,2022,6.407,Agata,6.4,8.3,5.0,5.8,,6.944,5.0,6.3,5.2,,-1,0.0,0.0,0,Defasagem leve,0.0
RA-494,2023,2,12.0,Feminino,2022,7.116633333,Ametista,6.9,9.0,2.52,6.8,7.708333333,8.71,5.0,6.3,7.3,,-1,,,0,Defasagem leve,1.0
RA-494,2024,3,13.0,Feminino,2022,7.922281328333334,Ametista,7.5,7.329323308333333,8.755,6.333333333333333,7.8125,8.915,10.0,6.0,5.5,7.5,0,,,0,Adequado,2.0
RA-495,2022,1,11.0,Masculino,2022,7.857,Ametista,9.0,8.9,7.5,8.4,,8.056,5.0,8.0,8.8,,-1,0.0,0.0,0,Defasagem leve,0.0
RA-495,2023,2,,Masculino,2022,7.417366667,Ametista,9.0,8.4,2.52,7.4,8.541666667,8.755,5.0,6.0,8.8,,-1,,,0,Defasagem leve,1.0
RA-496,2022,1,11.0,Masculino,2018,6.683,Agata,8.5,6.8,7.5,5.7,,7.556,5.0,5.8,5.5,,-1,0.0,0.0,0,Defasagem leve,4.0
RA-496,2023,2,,Masculino,2018,6.603666667,Agata,0.0,7.1,5.0,8.3,7.916666667,8.71,5.0,7.5,9.0,,-1,,,0,Defasagem leve,5.0
RA-496,2024,3,13.0,Masculino,2021,6.726607507733334,Agata,10.0,5.315995871999999,6.255,5.666666666666667,6.71875,6.1625,10.0,5.0,4.5,7.5,0,,,0,Adequado,3.0
RA-497,2022,1,13.0,Feminino,2016,6.323,Agata,6.9,9.2,5.0,5.1,,5.833,5.0,4.2,6.0,,-2,0.0,0.0,1,Defasagem moderada/severa,6.0
RA-497,2023,2,,Feminino,2016,5.7191,Quartzo,5.3,8.7,2.52,3.5,6.25,6.885,5.0,1.7,5.3,,-2,,,1,Defasagem moderada/severa,7.0
RA-497,2024,2,15.0,Feminino,2021,4.4960809524,Quartzo,7.502,6.095238095,5.63,1.0,5.625,3.506666667,5.0,0.0,2.0,,-1,,,0,Defasagem leve,3.0
RA-498,2022,1,11.0,Feminino,2018,7.7,Ametista,8.5,8.8,7.5,8.8,,7.556,5.0,8.0,9.5,,-1,0.0,0.0,0,Defasagem leve,4.0
RA-499,2022,1,10.0,Masculino,2020,7.826,Ametista,8.5,10.0,7.5,8.2,,7.444,5.0,8.2,8.2,,-1,0.0,0.0,0,Defasagem leve,2.0
RA-499,2023,2,11.0,Masculino,2020,7.8883,Ametista,7.9,10.0,2.52,6.6,8.75,8.2975,10.0,5.3,7.8,,0,,,0,Adequado,3.0
RA-499,2024,2,12.0,Masculino,2021,7.5794738095,Ametista,8.502,9.0476190475,7.51,4.75,7.1875,7.5,10.0,2.0,7.5,,0,,,0,Adequado,3.0
RA-5,2022,7,17.0,Feminino,2016,7.427,Ametista,7.9,8.6,5.6,5.2,,7.389,10.0,7.0,2.9,5.7,0,0.0,0.0,0,Adequado,6.0
RA-5,2023,8,,Feminino,2016,,,,,,,,,10.0,,,,0,,,0,Adequado,7.0
RA-50,2022,5,18.0,Feminino,2022,7.138,Ametista,7.5,8.4,7.5,7.8,,7.542,2.5,6.5,7.3,9.7,-3,0.0,0.0,1,Defasagem moderada/severa,0.0
RA-500,2022,1,10.0,Feminino,2020,8.232,Topazio,9.0,10.0,7.5,9.5,,7.889,5.0,9.5,9.5,,-1,0.0,1.0,0,Defasagem leve,2.0
RA-500,2023,2,11.0,Feminino,2020,8.427533333,Topazio,9.5,10.0,2.52,7.9,8.958333333,8.7975,10.0,8.5,7.2,,0,,,0,Adequado,3.0
RA-500,2024,3,12.0,Feminino,2021,8.077708333333334,Topazio,9.585,10.0,2.51,6.666666666666667,8.59375,8.3775,10.0,6.0,6.0,8.0,0,,,0,Adequado,3.0
RA-501,2022,1,9.0,Masculino,2021,7.794,Ametista,8.5,8.8,7.5,6.8,,7.333,10.0,8.0,5.7,,0,0.0,0.0,0,Adequado,1.0
RA-501,2023,1,10.0,Masculino,2021,8.1357,Topazio,7.0,8.4,7.52,8.9,8.541666667,9.396666667,5.0,9.2,8.5,,-1,,,0,Defasagem leve,2.0
RA-501,2024,2,11.0,Masculino,2021,8.2779474937,Topazio,7.002,7.9949874685,7.51,8.75,8.4375,8.17,10.0,8.5,9.0,,0,,,0,Adequado,3.0
RA-502,2022,1,8.0,Feminino,2021,8.287,Topazio,9.5,9.7,7.5,7.4,,7.778,10.0,6.7,8.2,,1,0.0,0.0,0,Adiantado,1.0
RA-502,2023,1,9.0,Feminino,2021,8.749075,Topazio,8.5,9.8,7.52,8.0,7.96875,8.95,10.0,6.7,9.3,,0,,,0,Adequado,2.0
RA-502,2024,2,10.0,Feminino,2021,8.5023309524,Topazio,9.002,9.761904762,3.755,8.0,9.0625,8.84,10.0,6.0,10.0,,0,,,0,Adequado,3.0
RA-503,2022,1,10.0,Masculino,2020,7.95,Ametista,8.5,10.0,7.5,8.8,,7.5,5.0,8.7,9.0,,-1,0.0,0.0,0,Defasagem leve,2.0
RA-503,2023,2,,Masculino,2020,8.4682,Topazio,9.5,10.0,2.52,8.7,8.75,8.255,10.0,8.7,8.7,,0,,,0,Adequado,3.0
RA-503,2024,3,12.0,Masculino,2021,8.547495614066667,Topazio,9.585,9.824561403666666,7.51,7.666666666666667,7.8125,7.7925,10.0,6.0,8.0,9.0,1,,,0,Adiantado,3.0
RA-504,2022,1,9.0,Feminino,2021,8.072,Topazio,8.5,8.9,7.5,8.0,,7.556,10.0,7.8,8.2,,0,0.0,0.0,0,Adequado,1.0
RA-504,2023,1,9.0,Feminino,2021,8.299533333,Topazio,8.0,8.3,7.52,7.9,7.5,8.836666667,10.0,6.5,9.2,,0,,,0,Adequado,2.0
RA-505,2022,1,11.0,Feminino,2019,7.591,Ametista,9.5,8.0,7.5,8.4,,7.556,5.0,8.2,8.7,,-1,0.0,0.0,0,Defasagem leve,3.0
RA-506,2022,1,12.0,Masculino,2020,7.132,Ametista,9.5,7.3,7.5,7.2,,7.278,5.0,8.3,6.0,,-2,0.0,0.0,1,Defasagem moderada/severa,2.0
RA-506,2023,2,13.0,Masculino,2020,7.750033333,Ametista,9.5,8.1,5.0,8.5,8.958333333,7.92,5.0,7.3,9.7,,-1,,,0,Defasagem leve,3.0
RA-507,2022,1,11.0,Feminino,2021,7.653,Ametista,8.5,10.0,7.5,7.4,,7.222,5.0,7.3,7.5,,-1,0.0,0.0,0,Defasagem leve,1.0
RA-508,2022,1,10.0,Masculino,2022,6.575,Agata,8.0,7.4,7.5,4.5,,7.556,5.0,0.0,9.0,,-1,0.0,0.0,0,Defasagem leve,0.0
RA-508,2023,2,10.0,Masculino,2022,7.671633333,Ametista,6.4,8.6,2.52,7.5,8.333333333,8.6725,10.0,6.2,8.7,,0,,,0,Adequado,1.0
RA-508,2024,3,12.0,Masculino,2022,6.771708625733333,Agata,7.083,5.567251461999999,7.51,4.666666666666667,7.65625,7.5,10.0,0.0,7.0,7.0,1,,,0,Adiantado,2.0
RA-509,2022,1,12.0,Feminino,2018,7.808,Ametista,9.0,8.2,7.5,9.2,,7.833,5.0,9.3,9.0,,-2,0.0,1.0,1,Defasagem moderada/severa,4.0
RA-509,2023,2,12.0,Feminino,2018,7.606033333,Ametista,8.5,8.1,2.52,8.6,8.958333333,8.84,5.0,8.2,9.0,,-1,,,0,Defasagem leve,5.0
RA-509,2024,3,13.0,Feminino,2021,6.918152272733334,Agata,9.168,6.363636363666667,2.51,6.0,8.28125,7.2475,10.0,6.0,4.5,7.5,0,,,0,Adequado,3.0
RA-51,2022,5,17.0,Feminino,2022,6.488,Agata,8.8,7.6,7.5,5.0,,6.5,5.0,4.5,4.5,6.0,-2,0.0,0.0,1,Defasagem moderada/severa,0.0
RA-510,2022,1,12.0,Masculino,2022,7.336,Ametista,8.0,9.3,7.5,7.1,,7.056,5.0,5.8,8.3,,-2,0.0,0.0,1,Defasagem moderada/severa,0.0
RA-511,2022,1,10.0,Feminino,2022,7.094,Ametista,8.0,10.0,7.5,5.3,,7.056,5.0,2.0,8.5,,-1,0.0,0.0,0,Defasagem leve,0.0
RA-512,2022,1,10.0,Feminino,2022,7.365,Ametista,9.0,9.3,7.5,6.2,,7.722,5.0,5.3,7.0,,-1,0.0,0.0,0,Defasagem leve,0.0
RA-513,2022,1,9.0,Masculino,2021,8.229,Topazio,9.0,9.6,5.6,8.3,,7.778,10.0,8.2,8.5,,0,0.0,0.0,0,Adequado,1.0
RA-513,2023,2,10.0,Masculino,2021,8.297866667,Topazio,9.5,9.7,2.52,7.5,8.541666667,9.0075,10.0,7.2,7.8,,0,,,0,Adequado,2.0
RA-513,2024,3,11.0,Masculino,2021,8.728632539666668,Topazio,10.0,8.831746031666666,8.135,7.666666666666667,9.0625,8.545,10.0,9.0,5.5,8.5,1,,,0,Adiantado,3.0
RA-514,2022,1,9.0,Feminino,2022,7.039,Ametista,8.0,9.7,7.5,4.8,,5.889,10.0,2.0,7.5,,0,0.0,0.0,0,Adequado,0.0
RA-514,2023,1,,Feminino,2022,5.823133333,Quartzo,7.9,7.5,2.52,5.5,5.0,5.896666667,5.0,4.2,6.8,,-1,,,0,Defasagem leve,1.0
RA-514,2024,2,11.0,Feminino,2022,6.219580952400001,Agata,9.002,7.595238095,4.385,3.0,5.625,5.996666667,10.0,3.0,3.0,,0,,,0,Adequado,2.0
RA-515,2022,1,12.0,Masculino,2022,6.582,Agata,8.0,6.3,7.5,5.8,,7.556,5.0,8.5,3.2,,-2,0.0,0.0,1,Defasagem moderada/severa,0.0
RA-516,2022,1,9.0,Masculino,2019,8.903,Topazio,10.0,9.7,7.5,9.9,,8.056,10.0,10.0,9.8,,0,0.0,0.0,0,Adequado,3.0
RA-516,2023,2,10.0,Masculino,2019,8.6807,Topazio,10.0,9.8,2.52,9.3,8.75,8.7175,10.0,9.0,9.5,,0,,,0,Adequado,4.0
RA-516,2024,3,11.0,Masculino,2021,8.384033333366668,Topazio,10.0,10.0,2.51,8.833333333333334,8.541666667,7.56,10.0,8.0,8.5,10.0,1,,,0,Adiantado,3.0
RA-517,2022,1,12.0,Feminino,2017,7.604,Ametista,6.9,9.5,7.5,7.7,,7.833,5.0,7.8,7.5,,-2,0.0,0.0,1,Defasagem moderada/severa,5.0
RA-517,2023,2,13.0,Feminino,2017,6.3104,Agata,4.1,9.0,2.52,6.6,6.875,6.7125,5.0,4.5,8.7,,-1,,,0,Defasagem leve,6.0
RA-517,2024,3,14.0,Feminino,2021,5.880466583166668,Quartzo,7.5,5.266499582333334,2.51,5.0,6.041666667,6.11,10.0,4.5,4.0,6.5,0,,,0,Adequado,3.0
RA-518,2022,1,10.0,Masculino,2022,7.661,Ametista,9.0,9.4,7.5,7.5,,7.5,5.0,6.0,9.0,,-1,0.0,0.0,0,Defasagem leve,0.0
RA-518,2023,2,11.0,Masculino,2022,7.5762,Ametista,8.5,8.5,5.0,6.7,8.125,6.9175,10.0,5.5,7.8,,0,,,0,Adequado,1.0
RA-518,2024,3,12.0,Masculino,2022,6.3467483709,Agata,8.334,6.8300751879999995,2.51,4.0,7.083333333,6.94,10.0,7.5,3.5,1.0,0,,,0,Adequado,2.0
RA-519,2022,1,9.0,Masculino,2022,8.0,Ametista,7.4,9.6,7.5,7.5,,7.333,10.0,7.0,8.0,,0,0.0,0.0,0,Adequado,0.0
RA-519,2023,1,10.0,Masculino,2022,8.0177,Topazio,9.0,9.9,7.52,7.4,7.708333333,8.223333333,5.0,7.5,7.2,,-1,,,0,Defasagem leve,1.0
RA-52,2022,5,13.0,Masculino,2018,7.861,Ametista,9.6,8.9,7.5,6.2,,7.5,10.0,3.3,6.3,8.8,2,0.0,0.0,0,Adiantado,4.0
RA-52,2023,5,,Masculino,2018,7.9642,Ametista,10.0,9.8,2.52,6.4,8.125,8.2975,10.0,7.7,4.8,6.7,1,,,0,Adiantado,5.0
RA-52,2024,7,15.0,Masculino,2021,8.144466666733333,Topazio,8.751,9.437666667,6.885,7.216666666666666,7.5,7.5,10.0,6.8,8.85,6.0,2,,,0,Adiantado,3.0
RA-520,2022,1,11.0,Feminino,2022,7.035,Ametista,10.0,6.8,7.5,6.8,,7.278,5.0,5.0,8.5,,-1,0.0,0.0,0,Defasagem leve,0.0
RA-521,2022,1,9.0,Masculino,2022,7.725,Ametista,9.0,10.0,5.0,6.0,,7.5,10.0,5.0,7.0,,0,0.0,0.0,0,Adequado,0.0
RA-521,2023,1,,Masculino,2022,6.768666667,Agata,0.0,9.9,3.77,7.9,7.083333333,8.166666667,5.0,7.0,8.7,,-1,,,0,Defasagem leve,1.0
RA-521,2024,2,11.0,Masculino,2022,7.479842857199999,Ametista,8.002,9.0357142855,5.005,6.25,6.666666667,7.276666667,10.0,7.0,5.5,,0,,,0,Adequado,2.0
RA-522,2022,1,9.0,Masculino,2021,8.306,Topazio,9.5,9.1,7.5,7.5,,8.167,10.0,7.0,8.0,,0,0.0,0.0,0,Adequado,1.0
RA-522,2023,1,,Masculino,2021,7.890533333,Ametista,7.5,9.2,7.52,8.3,7.083333333,8.45,5.0,8.3,8.2,,-1,,,0,Defasagem leve,2.0
RA-522,2024,2,11.0,Masculino,2021,8.6777119048,Topazio,8.002,9.523809524,7.51,9.0,8.4375,7.89,10.0,9.5,8.5,,0,,,0,Adequado,3.0
RA-523,2022,1,11.0,Feminino,2022,7.591,Ametista,10.0,9.5,7.5,6.5,,7.556,5.0,5.0,8.0,,-1,0.0,0.0,0,Defasagem leve,0.0
RA-524,2022,1,11.0,Masculino,2019,6.947,Agata,0.0,9.4,5.0,9.1,,8.056,5.0,9.0,9.2,,-1,0.0,1.0,0,Defasagem leve,3.0
RA-524,2023,2,,Masculino,2019,7.331133333,Ametista,6.4,9.2,2.52,8.9,8.333333333,7.42,5.0,9.0,8.8,,-1,,,0,Defasagem leve,4.0
RA-524,2024,3,13.0,Masculino,2021,7.026322556366667,Ametista,7.083,5.111779448666667,2.51,8.666666666666666,8.333333333,7.39,10.0,8.5,7.5,10.0,0,,,0,Adequado,3.0
RA-525,2022,1,11.0,Feminino,2021,8.013,Ametista,9.0,9.3,7.5,8.6,,8.167,5.0,8.3,8.8,,-1,0.0,0.0,0,Defasagem leve,1.0
RA-525,2023,2,,Feminino,2021,7.911366667,Ametista,8.0,8.6,2.52,9.2,8.958333333,9.566666667,5.0,8.8,9.5,,-1,,,0,Defasagem leve,2.0
RA-526,2022,1,12.0,Masculino,2022,8.079,Topazio,10.0,9.9,7.5,8.0,,8.167,5.0,7.7,8.3,,-2,0.0,0.0,1,Defasagem moderada/severa,0.0
RA-526,2023,2,,Masculino,2022,8.0957,Topazio,9.5,9.8,5.0,8.8,8.75,7.7525,5.0,8.3,9.3,,-1,,,0,Defasagem leve,1.0
RA-526,2024,3,14.0,Masculino,2022,7.843157894833334,Ametista,9.585,9.382456140333334,8.13,7.333333333333333,7.291666667,7.496666667,5.0,8.5,3.5,10.0,-1,,,0,Defasagem leve,2.0
RA-527,2022,1,9.0,Feminino,2022,8.025,Ametista,8.5,10.0,7.5,6.5,,7.5,10.0,5.0,8.0,,0,0.0,0.0,0,Adequado,0.0
RA-527,2023,1,,Feminino,2022,7.5682,Ametista,9.0,9.1,7.52,6.5,7.5,7.78,5.0,5.7,7.2,,-1,,,0,Defasagem leve,1.0
RA-527,2024,2,11.0,Feminino,2022,8.1403666666,Topazio,9.002,10.0,7.51,6.0,8.125,7.383333333,10.0,6.5,5.5,,0,,,0,Adequado,2.0
RA-528,2022,1,11.0,Masculino,2021,5.335,Quartzo,0.0,6.2,7.5,4.0,,6.944,5.0,5.3,2.7,,-1,0.0,0.0,0,Defasagem leve,1.0
RA-528,2023,2,,Masculino,2021,7.6892,Ametista,9.0,8.5,5.0,8.2,8.75,7.92,5.0,7.5,8.8,,-1,,,0,Defasagem leve,2.0
RA-528,2024,3,13.0,Masculino,2021,7.276330075300001,Ametista,9.168,5.793483709333334,7.51,6.666666666666667,7.291666667,6.936666667,10.0,8.5,4.5,7.0,0,,,0,Adequado,3.0
RA-529,2022,1,12.0,Masculino,2020,6.51,Agata,8.5,8.9,5.0,5.2,,6.556,5.0,3.3,7.0,,-2,0.0,0.0,1,Defasagem moderada/severa,2.0
RA-529,2023,1,,Masculino,2020,7.278991667,Ametista,8.0,9.6,7.52,6.8,5.78125,6.893333333,5.0,4.8,8.7,,-2,,,1,Defasagem moderada/severa,3.0
RA-529,2024,2,14.0,Masculino,2021,5.2661285715,Quartzo,7.002,6.6071428569999995,4.38,4.25,4.791666667,4.886666667,5.0,2.5,6.0,,-1,,,0,Defasagem leve,3.0
RA-53,2022,5,17.0,Masculino,2022,6.725,Agata,9.2,7.0,7.5,7.0,,6.458,5.0,6.0,8.0,,-2,0.0,0.0,1,Defasagem moderada/severa,0.0
RA-53,2023,6,18.0,Masculino,2022,7.600633333,Ametista,9.2,9.1,5.63,7.7,7.5,7.5875,5.0,7.3,6.5,9.2,-2,,,1,Defasagem moderada/severa,1.0
RA-530,2022,1,10.0,Masculino,2019,8.338,Topazio,10.0,9.0,7.5,8.9,,9.056,5.0,9.0,8.8,,-1,1.0,1.0,0,Defasagem leve,3.0
RA-530,2023,2,11.0,Masculino,2019,7.653033333,Ametista,10.0,8.8,5.0,5.7,7.708333333,7.46,10.0,5.8,5.5,,0,,,0,Adequado,4.0
RA-530,2024,3,12.0,Masculino,2021,7.214534419433333,Ametista,8.751,6.468838763666667,9.38,4.5,7.083333333,7.496666667,10.0,4.0,6.0,3.5,0,,,0,Adequado,3.0
RA-531,2022,1,10.0,Masculino,2022,8.057,Ametista,9.5,9.8,7.5,7.8,,8.167,5.0,8.7,7.0,,-1,0.0,1.0,0,Defasagem leve,0.0
RA-531,2023,2,11.0,Masculino,2022,8.3252,Topazio,9.5,10.0,2.52,7.7,8.75,8.59,10.0,6.3,9.0,,0,,,0,Adequado,1.0
RA-531,2024,3,12.0,Masculino,2022,7.912792647066666,Ametista,9.168,9.803921568666667,4.38,6.666666666666667,7.96875,7.335,10.0,6.5,4.5,9.0,0,,,0,Adequado,2.0
RA-532,2022,1,9.0,Feminino,2022,7.792,Ametista,9.5,9.7,7.5,5.5,,7.167,10.0,4.0,7.0,,0,0.0,0.0,0,Adequado,0.0
RA-533,2022,1,10.0,Masculino,2022,6.962,Agata,8.5,8.8,5.6,6.0,,7.333,5.0,5.0,7.0,,-1,0.0,0.0,0,Defasagem leve,0.0
RA-533,2023,1,,Masculino,2022,7.434866667,Ametista,9.0,9.3,7.52,5.8,7.5,7.613333333,5.0,4.8,6.7,,-1,,,0,Defasagem leve,1.0
RA-534,2022,1,12.0,Feminino,2021,7.131,Ametista,9.0,7.4,7.5,7.1,,7.333,5.0,6.5,7.7,,-2,0.0,0.0,1,Defasagem moderada/severa,1.0
RA-534,2023,2,13.0,Masculino,2021,5.8385,Quartzo,0.0,8.1,2.52,5.4,8.125,7.92,5.0,3.7,7.0,,-1,,,0,Defasagem leve,2.0
RA-534,2024,3,14.0,Masculino,2021,7.088855054266667,Ametista,9.585,6.043441938333333,7.51,5.0,7.5,7.103333333,10.0,4.0,4.0,7.0,0,,,0,Adequado,3.0
RA-535,2022,1,10.0,Feminino,2019,6.953,Agata,9.0,9.2,7.5,5.1,,6.917,5.0,4.7,5.5,,-1,0.0,0.0,0,Defasagem leve,3.0
RA-535,2023,2,,Feminino,2019,8.0027,Topazio,9.0,9.4,5.0,5.6,8.125,8.95,10.0,4.7,6.5,,0,,,0,Adequado,4.0
RA-535,2024,3,12.0,Feminino,2021,7.659555952400001,Ametista,9.168,7.161904762,8.135,6.0,7.96875,7.5,10.0,7.0,5.5,5.5,0,,,0,Adequado,3.0
RA-536,2022,1,10.0,Feminino,2020,7.106,Ametista,9.5,8.9,5.6,6.0,,7.75,5.0,6.3,5.7,,-1,0.0,0.0,0,Defasagem leve,2.0
RA-536,2023,2,10.0,Feminino,2020,7.759533333,Ametista,8.0,9.3,2.52,5.9,8.333333333,9.17,10.0,5.0,6.8,,0,,,0,Adequado,3.0
RA-536,2024,3,11.0,Feminino,2021,7.7704681818,Ametista,8.334,9.109090909,8.135,5.5,7.1875,7.415,10.0,6.5,4.5,5.5,1,,,0,Adiantado,3.0
RA-537,2022,1,10.0,Masculino,2022,6.641,Agata,9.5,9.0,4.4,4.8,,7.167,5.0,2.5,7.0,,-1,0.0,0.0,0,Defasagem leve,0.0
RA-538,2022,1,13.0,Masculino,2022,6.309,Agata,8.5,7.5,5.6,6.8,,5.583,5.0,4.5,9.0,,-2,0.0,0.0,1,Defasagem moderada/severa,0.0
RA-538,2023,2,13.0,Masculino,2022,6.413466667,Agata,7.4,8.6,2.52,4.7,7.916666667,7.39,5.0,3.5,5.8,,-1,,,0,Defasagem leve,1.0
RA-538,2024,3,14.0,Masculino,2022,6.514094017066666,Agata,8.751,7.668803418666666,7.51,6.166666666666667,5.625,5.292,5.0,10.0,4.5,4.0,-1,,,0,Defasagem leve,2.0
RA-539,2022,1,11.0,Feminino,2022,7.665,Ametista,8.5,9.3,6.9,7.5,,8.417,5.0,6.8,8.2,,-1,1.0,0.0,0,Defasagem leve,0.0
RA-539,2023,2,,Feminino,2022,7.796866667,Ametista,9.5,8.6,2.52,8.5,9.166666667,8.84,5.0,7.2,9.7,,-1,,,0,Defasagem leve,1.0
RA-539,2024,3,13.0,Feminino,2022,8.465533333333335,Topazio,10.0,9.233333333333333,7.51,5.833333333333333,8.75,9.13,10.0,5.0,3.5,9.0,0,,,0,Adequado,2.0
RA-54,2022,5,16.0,Feminino,2022,6.058,Agata,7.9,6.9,7.5,4.8,,6.125,5.0,3.0,6.5,,-1,0.0,0.0,0,Defasagem leve,0.0
RA-540,2022,1,10.0,Feminino,2019,7.303,Ametista,8.5,9.5,5.6,7.0,,7.5,5.0,6.8,7.2,,-1,0.0,0.0,0,Defasagem leve,3.0
RA-540,2023,2,,Feminino,2019,8.216033333,Topazio,8.5,8.8,5.0,7.1,8.958333333,8.95,10.0,6.5,7.7,,0,,,0,Adequado,4.0
RA-541,2022,1,14.0,Masculino,2022,5.427,Quartzo,10.0,7.8,6.9,2.5,,5.0,2.5,0.0,5.0,,-3,0.0,0.0,1,Defasagem moderada/severa,0.0
RA-542,2022,1,11.0,Feminino,2019,7.221,Ametista,8.0,9.8,6.3,6.5,,7.417,5.0,5.3,7.7,,-1,0.0,0.0,0,Defasagem leve,3.0
RA-542,2023,2,12.0,Feminino,2019,7.816533333,Ametista,9.5,9.7,5.0,6.3,8.75,9.006666667,5.0,5.2,7.3,,-1,,,0,Defasagem leve,4.0
RA-542,2024,3,13.0,Feminino,2021,6.7205649586,Agata,8.751,6.481366459666667,8.13,3.9333333333333336,7.03125,6.232,10.0,1.5,5.0,5.3,0,,,0,Adequado,3.0
RA-543,2022,1,10.0,Feminino,2022,7.05,Ametista,8.5,9.8,4.4,6.5,,7.167,5.0,5.0,8.0,,-1,0.0,0.0,0,Defasagem leve,0.0
RA-543,2023,2,11.0,Feminino,2022,7.971833333,Ametista,7.8,9.8,2.52,6.5,8.75,9.006666667,10.0,5.5,7.5,,0,,,0,Adequado,1.0
RA-543,2024,3,12.0,Feminino,2022,8.0467871118,Topazio,8.751,9.616977225666666,2.51,6.833333333333333,8.90625,8.7,10.0,7.0,6.5,7.0,1,,,0,Adiantado,2.0
RA-544,2022,1,10.0,Masculino,2022,6.307,Agata,9.5,9.7,5.6,3.3,,6.0,5.0,1.0,5.5,,-1,0.0,0.0,0,Defasagem leve,0.0
RA-545,2022,1,13.0,Masculino,2018,6.723,Agata,9.5,6.6,7.5,5.5,,7.5,5.0,4.3,6.7,,-2,0.0,0.0,1,Defasagem moderada/severa,4.0
RA-546,2022,1,11.0,Feminino,2021,6.77,Agata,9.0,7.9,5.0,5.6,,7.917,5.0,3.3,7.8,,-1,0.0,0.0,0,Defasagem leve,1.0
RA-546,2023,2,,Feminino,2021,6.031666667,Agata,0.0,7.2,2.52,5.7,8.75,9.173333333,5.0,3.5,7.8,,-1,,,0,Defasagem leve,2.0
RA-546,2024,3,13.0,Feminino,2021,5.702426010066667,Quartzo,5.832,3.7838383836666662,8.135,4.666666666666667,5.15625,5.5,10.0,0.0,4.0,10.0,0,,,0,Adequado,3.0
RA-547,2022,1,11.0,Feminino,2019,7.745,Ametista,9.5,9.7,5.0,7.6,,8.833,5.0,7.3,7.8,,-1,1.0,0.0,0,Defasagem leve,3.0
RA-547,2023,2,12.0,Feminino,2019,6.467,Agata,0.0,9.1,2.52,6.2,8.75,8.95,5.0,5.0,7.3,,-1,,,0,Defasagem leve,4.0
RA-547,2024,3,13.0,Feminino,2021,7.210290672333333,Ametista,8.751,7.030620028333334,8.135,6.833333333333333,5.625,5.932,10.0,9.0,4.5,7.0,0,,,0,Adequado,3.0
RA-548,2022,1,12.0,Masculino,2019,7.292,Ametista,8.0,9.1,6.9,7.2,,7.583,5.0,5.7,8.7,,-2,0.0,0.0,1,Defasagem moderada/severa,3.0
RA-548,2023,2,12.0,Masculino,2019,7.4322,Ametista,9.0,9.1,2.52,7.4,8.333333333,8.283333333,5.0,6.2,8.5,,-1,,,0,Defasagem leve,4.0
RA-548,2024,3,13.0,Masculino,2021,7.240168803466668,Ametista,9.168,7.600427350666667,7.51,6.666666666666667,5.9375,5.626,10.0,9.0,5.0,6.0,0,,,0,Adequado,3.0
RA-549,2022,1,10.0,Masculino,2021,6.301,Agata,10.0,7.9,6.9,4.2,,6.167,5.0,2.2,6.2,,-1,0.0,0.0,0,Defasagem leve,1.0
RA-549,2023,1,,Masculino,2021,7.0297,Ametista,9.5,8.1,5.02,6.4,6.875,7.5,5.0,5.5,7.2,,-1,,,0,Defasagem leve,2.0
RA-549,2024,2,12.0,Masculino,2021,6.5398187888,Agata,10.0,7.204968943999999,6.255,5.75,6.40625,5.9125,5.0,5.0,6.5,,-1,,,0,Defasagem leve,3.0
RA-55,2022,5,16.0,Feminino,2017,6.576,Agata,7.1,7.6,5.6,7.5,,6.5,5.0,6.7,7.8,7.9,-1,0.0,0.0,0,Defasagem leve,5.0
RA-55,2023,6,,Feminino,2017,6.898033333,Agata,7.9,8.1,3.14,7.1,7.5,7.545,5.0,8.7,6.5,6.0,-1,,,0,Defasagem leve,6.0
RA-550,2022,1,12.0,Feminino,2022,6.026,Agata,9.0,9.0,6.9,1.9,,6.25,5.0,2.0,1.8,,-2,0.0,0.0,1,Defasagem moderada/severa,0.0
RA-551,2022,1,12.0,Feminino,2018,6.853,Agata,8.5,7.3,6.9,6.6,,7.333,5.0,5.0,8.2,,-2,0.0,0.0,1,Defasagem moderada/severa,4.0
RA-551,2023,2,,Feminino,2018,7.075033333,Ametista,10.0,8.6,2.52,5.4,8.541666667,8.393333333,5.0,4.5,6.2,,-1,,,0,Defasagem leve,5.0
RA-552,2022,1,11.0,Masculino,2022,6.625,Agata,9.5,8.8,5.0,5.5,,7.167,5.0,6.0,5.0,,-1,0.0,0.0,0,Defasagem leve,0.0
RA-552,2023,1,,Masculino,2022,5.248666667,Quartzo,0.0,5.6,3.14,6.4,6.666666667,6.89,5.0,6.5,6.2,,-2,,,1,Defasagem moderada/severa,1.0
RA-553,2022,1,11.0,Feminino,2019,6.39,Agata,9.5,6.9,6.9,3.3,,8.167,5.0,1.0,5.7,,-1,0.0,0.0,0,Defasagem leve,3.0
RA-554,2022,1,12.0,Masculino,2017,5.588,Quartzo,7.9,6.0,6.9,4.0,,5.75,5.0,1.7,6.3,,-2,0.0,0.0,1,Defasagem moderada/severa,5.0
RA-555,2022,1,12.0,Masculino,2019,5.949,Quartzo,9.5,8.1,5.0,4.4,,5.167,5.0,1.8,7.0,,-2,0.0,0.0,1,Defasagem moderada/severa,3.0
RA-555,2023,2,,Masculino,2019,5.898133333,Quartzo,7.4,8.1,2.52,3.9,6.25,6.946666667,5.0,1.5,6.2,,-1,,,0,Defasagem leve,4.0
RA-555,2024,3,14.0,Masculino,2021,5.111470186333333,Quartzo,10.0,2.7505175983333334,6.885,4.333333333333333,5.0,5.03,5.0,5.0,4.0,4.0,-1,,,0,Defasagem leve,3.0
RA-556,2022,1,11.0,Feminino,2018,7.181,Ametista,9.0,8.8,5.0,6.4,,8.25,5.0,4.8,8.0,,-1,0.0,0.0,0,Defasagem leve,4.0
RA-556,2023,2,,Feminino,2018,7.7482,Ametista,8.5,9.6,2.52,7.2,9.166666667,9.396666667,5.0,6.5,7.8,,-1,,,0,Defasagem leve,5.0
RA-556,2024,3,13.0,Feminino,2021,5.833377380933333,Quartzo,7.083,6.171428571333333,2.51,3.8333333333333335,6.40625,6.1625,10.0,1.5,4.5,5.5,0,,,0,Adequado,3.0
RA-557,2022,1,10.0,Masculino,2019,8.334,Topazio,10.0,8.4,7.5,9.4,,9.333,5.0,10.0,8.8,,-1,1.0,1.0,0,Defasagem leve,3.0
RA-557,2023,2,,Masculino,2019,8.7717,Topazio,10.0,8.2,5.0,8.9,9.375,9.62,10.0,8.0,9.7,,0,,,0,Adequado,4.0
RA-557,2024,3,12.0,Masculino,2021,9.350986466133334,Topazio,10.0,8.756265663999999,7.51,9.666666666666666,10.0,9.576,10.0,10.0,9.0,10.0,0,,,0,Adequado,3.0
RA-558,2022,1,14.0,Masculino,2022,5.539,Quartzo,9.0,8.5,5.0,4.3,,4.5,2.5,0.5,8.0,,-3,0.0,0.0,1,Defasagem moderada/severa,0.0
RA-558,2023,2,,Masculino,2022,6.615333333,Agata,7.8,9.4,5.0,6.0,6.458333333,6.78,2.5,5.7,6.3,,-3,,,1,Defasagem moderada/severa,1.0
RA-558,2024,3,16.0,Masculino,2022,5.048054503133334,Quartzo,9.168,3.7763975156666674,8.13,3.0,6.09375,4.268,5.0,2.5,4.0,2.5,-2,,,1,Defasagem moderada/severa,2.0
RA-559,2022,1,11.0,Masculino,2021,7.634,Ametista,9.5,9.2,7.5,7.1,,8.083,5.0,7.2,7.0,,-1,0.0,0.0,0,Defasagem leve,1.0
RA-559,2023,2,,Masculino,2021,7.947366667,Ametista,10.0,9.4,5.0,7.4,8.958333333,8.506666667,5.0,6.5,8.2,,-1,,,0,Defasagem leve,2.0
RA-559,2024,3,13.0,Masculino,2021,6.158158974333333,Agata,10.0,5.705128205,8.13,3.1666666666666665,6.25,4.728,10.0,1.0,2.5,6.0,0,,,0,Adequado,3.0
RA-56,2022,5,15.0,Feminino,2019,8.404,Topazio,10.0,10.0,7.5,7.0,,8.25,10.0,4.5,6.5,10.0,0,0.0,0.0,0,Adequado,3.0
RA-56,2023,6,16.0,Feminino,2019,8.284333333,Topazio,9.6,9.5,5.0,7.8,8.125,7.8,10.0,7.8,5.5,10.0,0,,,0,Adequado,4.0
RA-56,2024,7,17.0,Feminino,2021,9.0770201754,Topazio,10.0,9.265350877333333,10.0,7.666666666666667,8.4375,9.233333333,10.0,8.0,6.0,9.0,0,,,0,Adequado,3.0
RA-560,2022,1,11.0,Masculino,2020,4.949,Quartzo,6.9,7.2,5.0,3.8,,3.75,5.0,3.2,4.3,,-1,0.0,0.0,0,Defasagem leve,2.0
RA-560,2023,2,,Masculino,2020,4.932,Quartzo,0.0,8.4,2.52,4.0,5.0,6.0,5.0,2.3,5.7,,-1,,,0,Defasagem leve,3.0
RA-561,2022,1,11.0,Masculino,2022,7.856,Ametista,9.0,9.0,7.5,7.4,,8.833,5.0,9.5,5.3,,-1,1.0,1.0,0,Defasagem leve,0.0
RA-562,2022,1,11.0,Feminino,2021,7.855,Ametista,8.0,9.0,7.5,8.0,,8.75,5.0,8.3,7.7,,-1,1.0,0.0,0,Defasagem leve,1.0
RA-562,2023,2,12.0,Feminino,2021,6.824833333,Agata,0.0,8.5,2.52,8.7,8.541666667,8.893333333,5.0,7.7,9.7,,-1,,,0,Defasagem leve,2.0
RA-562,2024,3,13.0,Feminino,2021,8.392733333333334,Topazio,8.334,9.833333333333334,8.135,7.833333333333333,7.625,7.25,10.0,7.5,7.5,8.5,0,,,0,Adequado,3.0
RA-563,2022,1,11.0,Feminino,2020,8.22,Topazio,10.0,9.2,7.5,8.5,,8.833,5.0,9.0,8.0,,-1,1.0,1.0,0,Defasagem leve,2.0
RA-563,2023,2,11.0,Feminino,2020,7.684133333,Ametista,6.4,9.7,2.52,6.2,8.75,8.726666667,10.0,6.0,6.3,,0,,,0,Adequado,3.0
RA-563,2024,3,12.0,Feminino,2021,8.595447619066668,Topazio,9.168,9.461904762000001,8.135,8.333333333333334,8.125,7.468,10.0,10.0,9.0,6.0,0,,,0,Adequado,3.0
RA-564,2022,1,13.0,Masculino,2019,4.972,Quartzo,9.5,3.8,5.0,2.3,,6.833,5.0,2.5,2.0,,-2,0.0,0.0,1,Defasagem moderada/severa,3.0
RA-565,2022,1,13.0,Masculino,2022,5.233,Quartzo,9.0,4.1,7.5,2.9,,5.917,5.0,4.0,1.8,,-2,0.0,0.0,1,Defasagem moderada/severa,0.0
RA-566,2022,1,12.0,Feminino,2022,7.729,Ametista,9.5,8.4,7.5,8.5,,7.917,5.0,9.5,7.5,,-2,0.0,0.0,1,Defasagem moderada/severa,0.0
RA-566,2023,2,12.0,Feminino,2022,7.7227,Ametista,9.0,8.8,2.52,8.4,8.958333333,8.673333333,5.0,8.8,8.0,,-1,,,0,Defasagem leve,1.0
RA-567,2022,1,11.0,Masculino,2019,6.281,Agata,9.5,6.0,7.5,4.8,,6.833,5.0,4.3,5.2,,-1,0.0,0.0,0,Defasagem leve,3.0
RA-568,2022,1,14.0,Masculino,2018,7.306,Ametista,8.0,8.6,6.9,8.3,,7.944,2.5,8.0,8.5,,-3,0.0,0.0,1,Defasagem moderada/severa,4.0
RA-568,2023,2,,Masculino,2018,6.9647,Agata,7.0,7.9,5.0,7.6,8.125,8.01,2.5,8.5,6.7,,-3,,,1,Defasagem moderada/severa,5.0
RA-568,2024,3,16.0,Masculino,2021,5.545864285733334,Quartzo,7.917,3.2619047620000003,8.13,5.166666666666667,6.5625,5.496,5.0,5.0,5.5,5.0,-2,,,1,Defasagem moderada/severa,3.0
RA-569,2022,1,12.0,Feminino,2020,7.074,Ametista,9.5,8.7,5.0,6.8,,7.333,5.0,6.3,7.3,,-2,0.0,0.0,1,Defasagem moderada/severa,2.0
RA-57,2022,5,16.0,Masculino,2017,7.305,Ametista,7.1,8.1,5.6,8.4,,7.875,5.0,9.0,7.0,9.3,-1,0.0,0.0,0,Defasagem leve,5.0
RA-57,2023,6,,Masculino,2017,6.450875,Agata,0.0,8.0,5.63,7.2,7.96875,7.755,5.0,7.8,6.8,7.0,-1,,,0,Defasagem leve,6.0
RA-57,2024,7,18.0,Masculino,2021,7.419380430199999,Ametista,9.585,6.010860484333333,6.88,6.166666666666667,8.59375,7.39,10.0,6.0,6.5,6.0,0,,,0,Adequado,3.0
RA-570,2022,1,10.0,Feminino,2019,5.722,Quartzo,9.0,7.0,7.5,1.3,,6.778,5.0,0.7,2.0,,-1,0.0,0.0,0,Defasagem leve,3.0
RA-570,2023,1,,Feminino,2019,6.781033333,Agata,8.5,7.3,3.77,5.9,8.125,8.056666667,5.0,5.7,6.0,,-1,,,0,Defasagem leve,4.0
RA-570,2024,2,12.0,Feminino,2021,6.8133640787,Agata,8.002,8.0020703935,5.625,6.75,7.1875,6.4075,5.0,6.0,7.5,,-1,,,0,Defasagem leve,3.0
RA-571,2022,1,11.0,Feminino,2019,6.589,Agata,8.5,8.8,7.5,3.7,,6.944,5.0,3.3,4.0,,-1,0.0,0.0,0,Defasagem leve,3.0
RA-571,2023,1,12.0,Feminino,2019,6.6097,Agata,9.0,7.9,3.77,5.0,7.291666667,7.616666667,5.0,3.8,6.2,,-2,,,1,Defasagem moderada/severa,4.0
RA-571,2024,2,13.0,Feminino,2021,6.2964554348,Agata,7.002,8.695652174,4.375,5.25,7.03125,5.8325,5.0,5.0,5.5,,-1,,,0,Defasagem leve,3.0
RA-572,2022,1,9.0,Masculino,2022,7.48,Ametista,8.5,8.0,7.5,6.8,,6.833,10.0,4.5,9.0,,0,0.0,0.0,0,Adequado,0.0
RA-573,2022,1,11.0,Masculino,2020,8.261,Topazio,9.5,9.9,7.5,8.2,,8.944,5.0,8.3,8.0,,-1,1.0,1.0,0,Defasagem leve,2.0
RA-573,2023,2,,Masculino,2020,7.774366667,Ametista,9.5,9.8,5.0,6.6,8.541666667,8.45,5.0,5.7,7.5,,-1,,,0,Defasagem leve,3.0
RA-573,2024,3,13.0,Masculino,2021,7.839050000000001,Ametista,9.168,9.5,8.755,5.0,7.8125,6.8275,10.0,6.0,3.5,5.5,0,,,0,Adequado,3.0
RA-574,2022,1,10.0,Masculino,2022,6.86,Agata,9.5,7.2,5.0,7.5,,6.944,5.0,5.5,9.5,,-1,0.0,0.0,0,Defasagem leve,0.0
RA-574,2023,2,,Masculino,2022,7.878133333,Ametista,6.9,8.2,5.0,8.1,7.916666667,8.173333333,10.0,7.7,8.5,,0,,,0,Adequado,1.0
RA-575,2022,1,12.0,Masculino,2019,5.889,Quartzo,8.0,6.1,7.5,2.8,,7.0,5.0,2.7,3.0,,-2,0.0,0.0,1,Defasagem moderada/severa,3.0
RA-576,2022,1,10.0,Feminino,2022,7.59,Ametista,9.5,9.1,7.5,7.8,,7.111,5.0,7.5,8.0,,-1,0.0,0.0,0,Defasagem leve,0.0
RA-576,2023,1,11.0,Feminino,2022,7.984741667,Ametista,9.0,9.3,5.02,8.0,9.21875,8.503333333,5.0,6.5,9.5,,-1,,,0,Defasagem leve,1.0
RA-576,2024,2,12.0,Feminino,2022,8.93195,Topazio,8.502,10.0,7.51,9.25,7.8125,8.4975,10.0,9.0,9.5,,0,,,0,Adequado,2.0
RA-577,2022,1,10.0,Feminino,2022,7.862,Ametista,9.5,9.3,7.5,9.0,,7.111,5.0,8.3,9.7,,-1,0.0,0.0,0,Defasagem leve,0.0
RA-577,2023,1,11.0,Feminino,2022,7.219366667,Ametista,10.0,8.2,3.77,7.4,6.875,7.673333333,5.0,6.5,8.3,,-1,,,0,Defasagem leve,1.0
RA-577,2024,2,12.0,Feminino,2022,6.629159109700001,Agata,8.502,5.7660455485,5.625,8.0,6.5625,6.535,5.0,7.0,9.0,,-1,,,0,Defasagem leve,2.0
RA-578,2022,1,10.0,Masculino,2019,8.814,Topazio,9.5,10.0,8.8,9.5,,9.611,5.0,9.3,9.7,,-1,1.0,1.0,0,Defasagem leve,3.0
RA-578,2023,2,11.0,Masculino,2019,9.013866667,Topazio,9.0,10.0,2.52,9.7,9.791666667,9.7625,10.0,9.8,9.5,,0,,,0,Adequado,4.0
RA-578,2024,3,12.0,Masculino,2021,9.066199999966669,Topazio,10.0,10.0,2.51,9.833333333333334,9.583333333,9.45,10.0,10.0,9.5,10.0,1,,,0,Adiantado,3.0
RA-579,2022,1,10.0,Feminino,2022,6.067,Agata,8.5,5.8,7.5,3.8,,7.222,5.0,0.0,7.5,,-1,0.0,0.0,0,Defasagem leve,0.0
RA-58,2022,5,15.0,Masculino,2017,8.136,Topazio,9.6,9.2,6.3,7.2,,8.125,10.0,4.5,8.0,9.0,0,0.0,0.0,0,Adequado,5.0
RA-58,2023,6,,Masculino,2017,7.70625,Ametista,0.0,9.7,6.26,8.1,8.4375,8.3825,10.0,7.8,6.5,10.0,0,,,0,Adequado,6.0
RA-58,2024,7,17.0,Masculino,2021,8.7713289474,Topazio,9.585,9.824561403666666,7.51,7.333333333333333,9.0625,8.62,10.0,8.0,6.5,7.5,0,,,0,Adequado,3.0
RA-580,2022,1,10.0,Feminino,2020,7.525,Ametista,8.0,9.6,7.5,7.6,,7.167,5.0,6.3,8.8,,-1,0.0,0.0,0,Defasagem leve,2.0
RA-580,2023,1,11.0,Feminino,2020,8.4712,Topazio,8.5,9.8,7.52,9.0,8.75,8.67,5.0,8.7,9.3,,-1,,,0,Defasagem leve,3.0
RA-580,2024,2,12.0,Feminino,2021,7.9281521222,Ametista,9.002,8.871635610999999,7.51,9.25,7.03125,7.2475,5.0,10.0,8.5,,-1,,,0,Defasagem leve,3.0
RA-581,2022,1,10.0,Masculino,2019,6.464,Agata,7.5,8.9,7.5,5.0,,5.889,5.0,5.3,4.7,,-1,0.0,0.0,0,Defasagem leve,3.0
RA-581,2023,1,11.0,Masculino,2019,7.7167,Ametista,8.0,9.8,7.52,7.9,6.458333333,7.393333333,5.0,7.0,8.8,,-1,,,0,Defasagem leve,4.0
RA-581,2024,2,12.0,Masculino,2021,7.0833015528,Ametista,7.418,8.198757764,5.625,8.75,6.5625,6.165,5.0,8.0,9.5,,-1,,,0,Defasagem leve,3.0
RA-582,2022,1,10.0,Feminino,2022,7.064,Ametista,10.0,9.0,7.5,4.9,,7.222,5.0,4.3,5.5,,-1,0.0,0.0,0,Defasagem leve,0.0
RA-583,2022,1,12.0,Feminino,2019,7.456,Ametista,8.5,9.4,7.5,7.1,,7.333,5.0,6.2,8.0,,-2,0.0,0.0,1,Defasagem moderada/severa,3.0
RA-583,2023,2,,Feminino,2019,7.838866667,Ametista,9.0,9.4,7.52,6.3,8.333333333,8.616666667,5.0,5.5,7.0,,-1,,,0,Defasagem leve,4.0
RA-583,2024,3,14.0,Feminino,2021,7.447591035933334,Ametista,7.917,8.904455179666668,8.135,5.0,6.875,6.87,10.0,6.5,4.5,4.0,0,,,0,Adequado,3.0
RA-584,2022,1,10.0,Feminino,2019,6.714,Agata,8.0,8.5,7.5,4.6,,7.333,5.0,4.5,4.7,,-1,0.0,0.0,0,Defasagem leve,3.0
RA-584,2023,2,11.0,Feminino,2019,7.697533333,Ametista,9.5,9.0,2.52,5.8,8.333333333,8.56,10.0,5.0,6.5,,0,,,0,Adequado,4.0
RA-584,2024,3,12.0,Feminino,2021,6.752914393933334,Agata,8.751,5.636363636333333,8.755,4.333333333333333,7.34375,6.37,10.0,2.0,5.0,6.0,0,,,0,Adequado,3.0
RA-585,2022,1,9.0,Feminino,2020,7.398,Ametista,8.5,9.1,7.5,5.0,,6.889,10.0,3.7,6.3,,0,0.0,0.0,0,Adequado,2.0
RA-586,2022,1,10.0,Feminino,2021,7.988,Ametista,10.0,9.6,5.6,8.2,,8.778,5.0,8.2,8.2,,-1,1.0,0.0,0,Defasagem leve,1.0
RA-586,2023,2,10.0,Feminino,2021,8.4242,Topazio,8.0,10.0,2.52,8.4,8.333333333,9.343333333,10.0,7.5,9.2,,0,,,0,Adequado,2.0
RA-586,2024,3,11.0,Feminino,2021,8.702387301666668,Topazio,9.168,9.241269841333333,7.51,8.5,8.75,8.056666667,10.0,7.5,8.0,10.0,1,,,0,Adiantado,3.0
RA-587,2022,1,10.0,Masculino,2022,6.632,Agata,9.5,9.3,7.5,3.8,,6.167,5.0,1.0,6.5,,-1,0.0,0.0,0,Defasagem leve,0.0
RA-587,2023,1,,Masculino,2022,6.032033333,Agata,8.5,7.0,7.52,2.7,6.458333333,6.72,5.0,2.2,3.2,,-1,,,0,Defasagem leve,1.0
RA-587,2024,1,12.0,Masculino,2022,6.817057142900001,Agata,9.002,7.380952381,7.51,6.25,7.916666667,5.74,5.0,6.5,6.0,,-2,,,1,Defasagem moderada/severa,2.0
RA-588,2022,1,9.0,Feminino,2021,8.622,Topazio,9.5,10.0,5.6,9.3,,8.278,10.0,9.3,9.2,,0,0.0,0.0,0,Adequado,1.0
RA-588,2023,2,10.0,Feminino,2021,8.3527,Topazio,8.0,9.6,2.52,7.8,8.958333333,9.673333333,10.0,7.5,8.0,,0,,,0,Adequado,2.0
RA-588,2024,3,11.0,Feminino,2021,8.676133333333334,Topazio,9.168,9.833333333333334,7.51,7.833333333333333,8.75,8.0,10.0,8.5,8.0,7.0,1,,,0,Adiantado,3.0
RA-589,2022,1,9.0,Feminino,2022,7.744,Ametista,9.5,9.4,7.5,5.8,,7.056,10.0,3.0,8.5,,0,0.0,0.0,0,Adequado,0.0
RA-59,2022,5,17.0,Masculino,2022,7.642,Ametista,9.2,9.3,7.5,7.2,,7.917,5.0,7.0,5.7,8.8,-2,0.0,0.0,1,Defasagem moderada/severa,0.0
RA-59,2023,6,,Masculino,2022,7.692291667,Ametista,7.5,9.6,5.63,7.2,8.28125,8.4225,5.0,7.7,6.8,7.2,-2,,,1,Defasagem moderada/severa,1.0
RA-59,2024,8,19.0,Masculino,2022,,,,0.0,,,,,10.0,,,,0,,,0,Adequado,2.0
RA-590,2022,1,10.0,Feminino,2020,7.435,Ametista,8.5,8.6,7.5,7.4,,7.611,5.0,5.7,9.2,,-1,0.0,0.0,0,Defasagem leve,2.0
RA-590,2023,2,11.0,Feminino,2020,7.647666667,Ametista,6.3,9.7,3.77,6.5,7.291666667,8.34,10.0,5.7,7.3,,0,,,0,Adequado,3.0
RA-590,2024,2,12.0,Feminino,2021,6.712378053800001,Agata,8.002,8.457556936,6.26,4.0,7.5,7.723333333,5.0,8.0,0.0,,-1,,,0,Defasagem leve,3.0
RA-591,2022,1,11.0,Masculino,2021,7.507,Ametista,9.5,9.3,7.5,7.1,,7.389,5.0,7.8,6.3,,-1,0.0,0.0,0,Defasagem leve,1.0
RA-591,2023,2,,Masculino,2021,7.1472,Ametista,9.0,8.5,6.27,6.9,5.833333333,7.333333333,5.0,6.2,7.5,,-1,,,0,Defasagem leve,2.0
RA-591,2024,2,13.0,Masculino,2021,6.8360336957,Agata,7.418,7.913043478500001,6.255,7.5,5.78125,6.54,5.0,6.0,9.0,,-1,,,0,Defasagem leve,3.0
RA-592,2022,1,10.0,Feminino,2020,7.381,Ametista,8.0,8.5,5.6,8.4,,7.778,5.0,7.2,9.7,,-1,0.0,0.0,0,Defasagem leve,2.0
RA-592,2023,2,11.0,Feminino,2020,7.935466667,Ametista,6.2,9.2,3.77,7.6,7.916666667,8.95,10.0,5.5,9.7,,0,,,0,Adequado,3.0
RA-592,2024,3,12.0,Feminino,2021,7.121622213600001,Ametista,7.917,6.108152734666667,2.51,7.833333333333333,7.65625,7.625,10.0,7.0,8.0,8.5,1,,,0,Adiantado,3.0
RA-593,2022,1,10.0,Feminino,2021,6.254,Agata,7.5,7.4,7.5,4.6,,6.278,5.0,3.0,6.2,,-1,0.0,0.0,0,Defasagem leve,1.0
RA-594,2022,1,10.0,Masculino,2022,7.392,Ametista,8.0,9.4,7.5,7.8,,6.889,5.0,6.0,9.5,,-1,0.0,0.0,0,Defasagem leve,0.0
RA-594,2023,1,11.0,Masculino,2022,6.702033333,Agata,8.5,7.1,6.27,5.8,6.875,7.336666667,5.0,6.2,5.3,,-1,,,0,Defasagem leve,1.0
RA-594,2024,2,12.0,Masculino,2022,6.890966666600001,Agata,6.918,5.75,6.26,7.0,8.125,6.053333333,10.0,6.5,7.5,,0,,,0,Adequado,2.0
RA-595,2022,1,12.0,Masculino,2018,5.18,Quartzo,8.5,5.5,7.5,1.0,,6.0,5.0,2.0,0.0,,-2,0.0,0.0,1,Defasagem moderada/severa,4.0
RA-595,2023,2,,Masculino,2018,5.078666667,Quartzo,0.0,7.0,7.52,3.3,6.666666667,5.55,5.0,3.2,3.3,,-1,,,0,Defasagem leve,5.0
RA-596,2022,1,9.0,Feminino,2021,8.971,Topazio,9.5,10.0,7.5,9.3,,9.0,10.0,8.8,9.8,,0,1.0,1.0,0,Adequado,1.0
RA-597,2022,1,9.0,Masculino,2022,8.265,Topazio,9.0,10.0,7.5,8.0,,7.056,10.0,6.5,9.5,,0,0.0,0.0,0,Adequado,0.0
RA-597,2023,1,10.0,Masculino,2022,8.49045,Topazio,10.0,9.6,7.52,8.5,9.0625,8.56,5.0,7.8,9.2,,-1,,,0,Defasagem leve,1.0
RA-597,2024,2,11.0,Masculino,2022,7.843291097300001,Ametista,9.002,9.3271221535,7.51,6.0,7.5,6.883333333,10.0,5.0,7.0,,0,,,0,Adequado,2.0
RA-598,2022,1,11.0,Feminino,2022,6.35,Agata,9.5,7.2,7.5,3.7,,6.944,5.0,4.7,2.7,,-1,0.0,0.0,0,Defasagem leve,0.0
RA-599,2022,1,10.0,Masculino,2022,8.2,Topazio,9.5,9.2,7.5,9.1,,8.556,5.0,8.3,9.8,,-1,1.0,1.0,0,Defasagem leve,0.0
RA-599,2023,2,10.0,Masculino,2022,8.532866667,Topazio,10.0,9.5,2.52,8.5,8.333333333,9.286666667,10.0,8.2,8.7,,0,,,0,Adequado,1.0
RA-599,2024,3,12.0,Masculino,2022,8.3569352941,Topazio,10.0,8.607843137333333,9.375,7.666666666666667,7.083333333,7.28,10.0,8.0,7.0,8.0,1,,,0,Adiantado,2.0
RA-6,2022,7,18.0,Feminino,2021,5.848,Quartzo,7.9,4.5,7.5,3.3,,7.222,5.0,2.3,5.3,2.3,-1,0.0,1.0,0,Defasagem leve,1.0
RA-6,2023,8,,Feminino,2021,,,,,,,,,10.0,,,,0,,,0,Adequado,2.0
RA-6,2024,8,20.0,Feminino,2021,,,,0.0,,,,,10.0,,,,0,,,0,Adequado,3.0
RA-60,2022,5,18.0,Feminino,2021,5.537,Quartzo,6.7,6.0,7.5,4.9,,6.167,2.5,5.0,6.2,3.5,-3,0.0,0.0,1,Defasagem moderada/severa,1.0
RA-600,2022,1,9.0,Feminino,2021,7.011,Agata,8.5,8.4,7.5,3.9,,6.833,10.0,2.8,5.0,,0,0.0,0.0,0,Adequado,1.0
RA-600,2023,1,10.0,Feminino,2021,7.651658333,Ametista,8.5,8.4,7.52,7.2,8.28125,8.056666667,5.0,6.5,7.8,,-1,,,0,Defasagem leve,2.0
RA-600,2024,2,11.0,Feminino,2021,7.847373913,Ametista,8.002,8.010869565,7.51,7.5,7.5,7.22,10.0,8.0,7.0,,0,,,0,Adequado,3.0
RA-601,2022,1,8.0,Masculino,2021,7.713,Ametista,9.0,9.7,7.5,5.7,,7.167,10.0,5.3,6.0,,1,0.0,0.0,0,Adiantado,1.0
RA-601,2023,1,9.0,Masculino,2021,8.955783333,Topazio,9.0,10.0,7.52,8.7,9.0625,8.336666667,10.0,8.0,9.3,,0,,,0,Adequado,2.0
RA-601,2024,1,10.0,Masculino,2021,8.5107,Topazio,9.502,10.0,7.505,8.75,8.75,8.425,5.0,9.5,8.0,,-1,,,0,Defasagem leve,3.0
RA-602,2022,1,11.0,Masculino,2019,8.041,Ametista,10.0,9.7,7.5,8.6,,7.667,5.0,8.3,8.8,,-1,0.0,1.0,0,Defasagem leve,3.0
RA-602,2023,2,12.0,Masculino,2019,8.5592,Topazio,10.0,9.6,7.52,8.1,8.75,9.51,5.0,7.3,8.8,,-1,,,0,Defasagem leve,4.0
RA-602,2024,3,13.0,Masculino,2021,8.647409313733334,Topazio,9.585,9.670588235333334,7.51,7.333333333333333,8.28125,8.545,10.0,9.0,5.0,8.0,0,,,0,Adequado,3.0
RA-603,2022,1,11.0,Feminino,2022,7.78,Ametista,9.0,9.5,7.5,7.5,,8.0,5.0,6.7,8.3,,-1,0.0,0.0,0,Defasagem leve,0.0
RA-603,2023,2,11.0,Masculino,2022,6.748833333,Agata,0.0,8.9,2.52,7.0,7.708333333,7.78,10.0,5.7,8.2,,0,,,0,Adequado,1.0
RA-603,2024,3,12.0,Masculino,2022,6.942277777866667,Agata,9.585,7.155555555666666,6.885,4.666666666666667,6.875,6.216666667,10.0,4.5,5.5,4.0,0,,,0,Adequado,2.0
RA-604,2022,1,10.0,Feminino,2021,8.018,Ametista,9.0,9.0,7.5,8.8,,8.333,5.0,8.0,9.7,,-1,0.0,1.0,0,Defasagem leve,1.0
RA-604,2023,2,,Feminino,2021,8.548033333,Topazio,9.0,9.3,7.52,7.5,8.125,8.616666667,10.0,6.0,9.0,,0,,,0,Adequado,2.0
RA-604,2024,3,12.0,Feminino,2021,7.429623555266667,Ametista,8.334,7.5029927763333335,8.13,7.0,6.40625,6.21,10.0,8.0,5.5,7.5,1,,,0,Adiantado,3.0
RA-605,2022,1,12.0,Feminino,2021,7.276,Ametista,6.9,9.3,6.9,7.1,,7.556,5.0,6.2,8.0,,-2,0.0,0.0,1,Defasagem moderada/severa,1.0
RA-605,2023,2,12.0,Feminino,2021,7.709366667,Ametista,9.0,9.5,7.52,6.8,7.291666667,7.84,5.0,4.8,8.8,,-1,,,0,Defasagem leve,2.0
RA-605,2024,3,13.0,Feminino,2021,6.0175222222,Agata,7.5,6.194444444333333,6.885,2.6666666666666665,7.0,5.534,10.0,1.5,3.5,3.0,0,,,0,Adequado,3.0
RA-606,2022,1,10.0,Masculino,2022,6.127,Agata,9.5,9.0,7.5,1.8,,6.111,5.0,2.0,1.5,,-1,0.0,0.0,0,Defasagem leve,0.0
RA-606,2023,1,10.0,Masculino,2022,7.402491667,Ametista,8.5,8.5,7.52,6.0,7.65625,8.223333333,5.0,4.7,7.2,,-1,,,0,Defasagem leve,1.0
RA-606,2024,2,11.0,Masculino,2022,6.645260606100001,Agata,8.502,7.6136363634999995,6.885,3.25,8.125,5.606666667,10.0,3.5,3.0,,0,,,0,Adequado,2.0
RA-607,2022,1,10.0,Masculino,2022,6.44,Agata,6.8,8.1,7.5,4.0,,7.444,5.0,3.0,5.0,,-1,0.0,0.0,0,Defasagem leve,0.0
RA-607,2023,1,11.0,Masculino,2022,7.333075,Ametista,8.0,7.5,7.52,6.8,7.96875,8.17,5.0,4.8,8.7,,-1,,,0,Defasagem leve,1.0
RA-607,2024,2,12.0,Masculino,2022,7.6486021739,Ametista,8.502,7.4782608695,7.51,7.0,7.1875,7.165,10.0,7.0,7.0,,0,,,0,Adequado,2.0
RA-608,2022,1,10.0,Masculino,2022,7.216,Ametista,7.8,9.6,7.5,6.3,,7.222,5.0,3.0,9.5,,-1,0.0,0.0,0,Defasagem leve,0.0
RA-608,2023,1,10.0,Masculino,2022,7.401741667,Ametista,10.0,7.5,7.52,6.2,7.96875,8.113333333,5.0,6.0,6.3,,-1,,,0,Defasagem leve,1.0
RA-608,2024,2,11.0,Masculino,2022,5.778986231800001,Quartzo,9.002,3.054347826,6.885,4.25,7.1875,5.053333333,10.0,5.0,3.5,,0,,,0,Adequado,2.0
RA-609,2022,1,11.0,Masculino,2019,6.794,Agata,8.5,7.6,7.5,6.0,,7.056,5.0,6.5,5.5,,-1,0.0,0.0,0,Defasagem leve,3.0
RA-609,2023,2,,Masculino,2019,6.463033333,Agata,9.5,6.4,7.52,5.3,6.875,6.216666667,5.0,3.2,7.3,,-1,,,0,Defasagem leve,4.0
RA-61,2022,5,15.0,Masculino,2021,7.533,Ametista,9.2,7.4,7.5,5.8,,7.875,10.0,1.7,6.3,9.3,0,0.0,1.0,0,Adequado,1.0
RA-61,2023,6,16.0,Masculino,2021,7.382108333,Ametista,8.3,7.0,6.26,6.2,7.96875,7.4625,10.0,6.7,4.3,7.5,0,,,0,Adequado,2.0
RA-610,2022,1,9.0,Feminino,2022,8.18,Topazio,9.0,9.6,7.5,6.5,,8.5,10.0,6.0,7.0,,0,1.0,0.0,0,Adequado,0.0
RA-610,2023,2,,Feminino,2022,8.2857,Topazio,10.0,10.0,2.52,7.0,8.541666667,8.896666667,10.0,6.3,7.7,,0,,,0,Adequado,1.0
RA-610,2024,3,11.0,Feminino,2022,7.894888888933334,Ametista,9.585,9.694444444333334,3.76,6.333333333333333,6.875,8.336666667,10.0,8.0,5.0,6.0,1,,,0,Adiantado,2.0
RA-611,2022,1,12.0,Masculino,2021,7.756,Ametista,9.5,7.6,7.5,9.5,,7.556,5.0,10.0,9.0,,-2,0.0,1.0,1,Defasagem moderada/severa,1.0
RA-612,2022,1,10.0,Feminino,2021,7.594,Ametista,9.0,9.2,7.5,7.9,,7.167,5.0,9.7,6.2,,-1,0.0,0.0,0,Defasagem leve,1.0
RA-612,2023,1,11.0,Feminino,2021,8.410783333,Topazio,9.0,9.7,3.77,9.7,9.0625,9.286666667,5.0,9.3,10.0,,-1,,,0,Defasagem leve,2.0
RA-612,2024,2,12.0,Feminino,2021,9.1340409091,Topazio,8.002,9.5454545455,6.26,9.75,9.6875,9.4,10.0,9.5,10.0,,0,,,0,Adequado,3.0
RA-613,2022,1,13.0,Masculino,2020,8.121,Topazio,9.0,9.2,7.5,9.2,,8.556,5.0,9.2,9.2,,-2,1.0,1.0,1,Defasagem moderada/severa,2.0
RA-613,2023,3,14.0,Masculino,2020,6.864508333,Agata,9.2,9.4,5.0,4.8,6.71875,7.2125,5.0,4.3,6.2,3.8,-1,,,0,Defasagem leve,3.0
RA-613,2024,3,15.0,Masculino,2021,7.4019,Ametista,8.334,9.566666666666666,7.51,7.333333333333333,6.875,6.25,5.0,8.0,6.0,8.0,-1,,,0,Defasagem leve,3.0
RA-614,2022,1,12.0,Masculino,2021,8.339,Topazio,9.5,9.7,7.5,9.6,,8.278,5.0,9.8,9.3,,-2,0.0,1.0,1,Defasagem moderada/severa,1.0
RA-614,2023,2,13.0,Masculino,2021,8.2282,Topazio,9.0,9.1,7.52,8.6,8.333333333,8.563333333,5.0,8.8,8.3,,-1,,,0,Defasagem leve,2.0
RA-614,2024,3,14.0,Masculino,2021,7.8284999999666685,Ametista,9.585,9.700000000000001,7.51,6.833333333333333,7.916666667,7.603333333,5.0,8.0,4.5,8.0,-1,,,0,Defasagem leve,3.0
RA-615,2022,1,9.0,Feminino,2020,8.086,Topazio,9.5,9.7,7.5,7.3,,6.889,10.0,7.8,6.7,,0,0.0,0.0,0,Adequado,2.0
RA-615,2023,1,,Feminino,2020,7.815658333,Ametista,10.0,9.7,3.14,7.6,8.28125,8.616666667,5.0,6.8,8.3,,-1,,,0,Defasagem leve,3.0
RA-616,2022,1,12.0,Masculino,2019,7.303,Ametista,7.4,7.4,7.5,8.8,,7.278,5.0,9.2,8.5,,-2,0.0,0.0,1,Defasagem moderada/severa,3.0
RA-616,2023,2,,Masculino,2019,5.612,Quartzo,0.0,6.6,5.02,6.8,5.833333333,6.783333333,5.0,5.5,8.0,,-1,,,0,Defasagem leve,4.0
RA-616,2024,3,14.0,Masculino,2021,5.457877193033333,Quartzo,7.5,3.087719298333333,6.885,3.8333333333333335,6.458333333,4.946666667,10.0,3.0,3.5,5.0,0,,,0,Adequado,3.0
RA-617,2022,1,11.0,Feminino,2021,7.107,Ametista,8.5,8.9,7.5,6.3,,6.778,5.0,4.5,8.0,,-1,0.0,0.0,0,Defasagem leve,1.0
RA-617,2023,1,11.0,Feminino,2021,6.816166667,Agata,0.0,9.0,7.52,6.9,7.708333333,8.116666667,5.0,5.5,8.2,,-1,,,0,Defasagem leve,2.0
RA-618,2022,1,13.0,Masculino,2020,7.18,Ametista,8.9,8.3,7.5,6.7,,7.333,5.0,6.8,6.5,,-2,0.0,0.0,1,Defasagem moderada/severa,2.0
RA-618,2023,2,,Masculino,2020,6.4745,Agata,0.0,9.2,5.02,6.2,8.125,7.95,5.0,4.5,7.8,,-2,,,1,Defasagem moderada/severa,3.0
RA-618,2024,3,15.0,Masculino,2021,6.718348148233334,Agata,10.0,8.324074074,6.88,4.166666666666667,6.666666667,6.826666667,5.0,5.0,4.5,3.0,-2,,,1,Defasagem moderada/severa,3.0
RA-619,2022,1,11.0,Feminino,2021,7.693,Ametista,9.5,8.0,7.5,9.0,,7.333,5.0,9.2,8.8,,-1,0.0,0.0,0,Defasagem leve,1.0
RA-619,2023,2,11.0,Feminino,2021,7.891366667,Ametista,9.0,7.1,3.77,9.0,7.708333333,8.116666667,10.0,8.5,9.5,,0,,,0,Adequado,2.0
RA-62,2022,5,17.0,Masculino,2022,7.891,Ametista,8.8,9.4,7.5,9.3,,7.25,5.0,8.5,10.0,,-2,0.0,1.0,1,Defasagem moderada/severa,0.0
RA-62,2023,7,17.0,Feminino,2022,7.610333333,Ametista,0.0,9.8,6.89,7.5,8.25,8.215,10.0,9.3,6.8,6.3,0,,,0,Adequado,1.0
RA-62,2024,8,18.0,Feminino,2022,,,,0.0,,,,,10.0,,,,0,,,0,Adequado,2.0
RA-620,2022,1,12.0,Masculino,2021,6.018,Agata,0.0,7.5,7.5,6.8,,6.833,5.0,8.5,5.0,,-2,0.0,0.0,1,Defasagem moderada/severa,1.0
RA-620,2023,2,13.0,Masculino,2021,7.043666667,Ametista,6.8,8.4,7.52,6.2,6.875,7.503333333,5.0,5.2,7.2,,-1,,,0,Defasagem leve,2.0
RA-620,2024,3,14.0,Masculino,2021,5.766892063566667,Quartzo,8.334,3.9841269843333333,7.51,2.5,7.083333333,5.886666667,10.0,3.5,2.5,1.5,0,,,0,Adequado,3.0
RA-621,2022,1,10.0,Masculino,2020,7.448,Ametista,9.5,7.7,7.5,7.5,,8.222,5.0,6.8,8.2,,-1,0.0,0.0,0,Defasagem leve,2.0
RA-622,2022,1,12.0,Feminino,2019,4.934,Quartzo,3.5,3.8,7.5,3.8,,6.0,5.0,4.8,2.7,,-2,0.0,0.0,1,Defasagem moderada/severa,3.0
RA-623,2022,1,13.0,Masculino,2022,7.524,Ametista,7.5,9.0,7.5,8.3,,7.389,5.0,9.3,7.2,,-2,0.0,0.0,1,Defasagem moderada/severa,0.0
RA-623,2023,2,14.0,Masculino,2022,7.8307,Ametista,10.0,9.5,7.52,7.3,7.291666667,7.446666667,5.0,5.8,8.8,,-2,,,1,Defasagem moderada/severa,1.0
RA-623,2024,3,15.0,Masculino,2022,6.357733333300001,Agata,8.334,7.3999999999999995,6.885,4.0,6.458333333,7.05,5.0,3.5,2.5,6.0,-1,,,0,Defasagem leve,2.0
RA-624,2022,1,10.0,Masculino,2022,7.425,Ametista,9.0,8.9,7.5,6.8,,7.722,5.0,8.0,5.5,,-1,0.0,0.0,0,Defasagem leve,0.0
RA-624,2023,1,,Masculino,2022,8.270825,Topazio,9.0,9.2,7.52,8.6,8.90625,8.39,5.0,8.3,8.8,,-1,,,0,Defasagem leve,1.0
RA-624,2024,2,12.0,Masculino,2022,7.229425672900001,Ametista,8.002,8.219461698,7.51,4.0,7.916666667,7.213333333,10.0,8.0,0.0,,0,,,0,Adequado,2.0
RA-625,2022,1,11.0,Masculino,2022,7.483,Ametista,8.0,9.2,7.5,7.8,,7.333,5.0,8.5,7.0,,-1,0.0,0.0,0,Defasagem leve,0.0
RA-626,2022,1,11.0,Masculino,2021,5.818,Quartzo,7.4,7.6,7.5,1.3,,7.278,5.0,2.5,0.0,,-1,0.0,0.0,0,Defasagem leve,1.0
RA-626,2023,2,12.0,Masculino,2021,7.231033333,Ametista,9.0,9.2,4.39,6.5,7.291666667,7.613333333,5.0,4.7,8.3,,-1,,,0,Defasagem leve,2.0
RA-626,2024,3,13.0,Masculino,2021,6.407590225500001,Agata,9.585,3.380451127666667,6.885,5.333333333333333,7.291666667,6.443333333,10.0,5.5,3.5,7.0,0,,,0,Adequado,3.0
RA-627,2022,1,10.0,Feminino,2022,6.621,Agata,7.0,6.7,7.5,6.5,,7.0,5.0,6.2,6.8,,-1,0.0,0.0,0,Defasagem leve,0.0
RA-628,2022,1,11.0,Masculino,2022,7.577,Ametista,9.5,7.6,7.5,9.2,,7.333,5.0,9.3,9.0,,-1,0.0,0.0,0,Defasagem leve,0.0
RA-628,2023,1,12.0,Masculino,2022,8.370325,Topazio,9.5,8.9,7.52,9.4,8.28125,8.45,5.0,9.0,9.7,,-2,,,1,Defasagem moderada/severa,1.0
RA-628,2024,2,13.0,Masculino,2022,8.2366166666,Topazio,9.002,10.0,7.51,9.0,7.1875,7.833333333,5.0,8.0,10.0,,-1,,,0,Defasagem leve,2.0
RA-629,2022,1,9.0,Masculino,2022,8.11,Topazio,9.0,10.0,7.5,7.0,,7.278,10.0,5.0,9.0,,0,0.0,0.0,0,Adequado,0.0
RA-629,2023,1,10.0,Feminino,2022,8.013866667,Topazio,10.0,9.4,7.52,7.5,7.916666667,7.95,5.0,7.0,8.0,,-1,,,0,Defasagem leve,1.0
RA-629,2024,2,11.0,Feminino,2022,8.061295238200001,Topazio,10.0,9.523809524,7.51,6.0,7.5,7.276666667,10.0,6.0,6.0,,0,,,0,Adequado,2.0
RA-63,2022,5,16.0,Masculino,2018,8.282,Topazio,8.3,9.1,8.8,8.7,,9.417,5.0,8.2,8.2,9.7,-1,1.0,0.0,0,Defasagem leve,4.0
RA-63,2023,6,,Masculino,2018,8.0641,Topazio,6.7,9.0,6.89,8.7,8.75,8.9675,5.0,9.3,7.3,9.5,-1,,,0,Defasagem leve,5.0
RA-630,2022,1,9.0,Masculino,2022,8.064,Topazio,9.5,9.2,7.5,7.3,,7.278,10.0,6.5,8.0,,0,0.0,0.0,0,Adequado,0.0
RA-630,2023,1,10.0,Masculino,2022,7.199991667,Ametista,9.0,8.6,3.77,5.7,8.28125,8.673333333,5.0,4.2,7.2,,-1,,,0,Defasagem leve,1.0
RA-630,2024,2,11.0,Masculino,2022,6.879985507300001,Agata,0.0,8.4782608695,7.51,5.75,7.5,7.666666667,10.0,6.0,5.5,,0,,,0,Adequado,2.0
RA-631,2022,1,12.0,Masculino,2022,6.928,Agata,8.5,6.8,7.5,7.0,,7.222,5.0,7.3,6.7,,-2,0.0,0.0,1,Defasagem moderada/severa,0.0
RA-631,2023,2,13.0,Masculino,2022,5.954666667,Quartzo,0.0,6.4,6.27,7.0,7.916666667,6.78,5.0,6.0,8.0,,-1,,,0,Defasagem leve,1.0
RA-631,2024,3,14.0,Masculino,2022,6.795673420466667,Agata,8.334,7.2122004356666665,8.75,4.166666666666667,5.625,6.245,10.0,7.0,3.5,2.0,0,,,0,Adequado,2.0
RA-632,2022,1,10.0,Feminino,2022,6.996,Agata,8.5,9.3,6.9,6.3,,6.722,5.0,5.5,7.2,,-1,0.0,0.0,0,Defasagem leve,0.0
RA-632,2023,2,11.0,Feminino,2022,7.8768,Ametista,4.7,9.1,5.64,7.4,8.333333333,8.563333333,10.0,6.8,8.0,,0,,,0,Adequado,1.0
RA-632,2024,3,12.0,Feminino,2022,7.515491249000001,Ametista,7.917,8.999164578333334,6.875,4.166666666666667,8.28125,7.875,10.0,0.0,6.0,6.5,0,,,0,Adequado,2.0
RA-633,2022,1,11.0,Feminino,2020,7.476,Ametista,7.3,8.9,7.5,7.7,,7.833,5.0,6.8,8.5,,-1,0.0,0.0,0,Defasagem leve,2.0
RA-633,2023,2,,Feminino,2020,6.6552,Agata,1.7,8.1,6.27,7.2,8.541666667,7.286666667,5.0,5.3,9.0,,-1,,,0,Defasagem leve,3.0
RA-633,2024,3,13.0,Feminino,2021,5.228470175466667,Quartzo,4.584,4.707017544,2.51,3.3333333333333335,6.875,6.1175,10.0,4.0,6.0,0.0,0,,,0,Adequado,3.0
RA-634,2022,1,11.0,Feminino,2022,7.619,Ametista,9.5,9.4,7.5,6.5,,8.222,5.0,8.0,5.0,,-1,0.0,0.0,0,Defasagem leve,0.0
RA-635,2022,1,10.0,Masculino,2022,5.313,Quartzo,10.0,4.9,6.9,1.5,,6.444,5.0,0.5,2.5,,-1,0.0,0.0,0,Defasagem leve,0.0
RA-636,2022,1,10.0,Masculino,2022,7.189,Ametista,8.5,8.0,6.9,7.3,,7.389,5.0,7.3,7.3,,-1,0.0,1.0,0,Defasagem leve,0.0
RA-636,2023,1,11.0,Masculino,2022,6.836666667,Agata,0.0,8.3,5.64,9.0,8.333333333,7.446666667,5.0,9.2,8.7,,-1,,,0,Defasagem leve,1.0
RA-636,2024,2,12.0,Masculino,2022,6.3802279106,Agata,8.002,4.9043062200000005,7.51,5.25,6.875,5.553333333,10.0,4.0,6.5,,0,,,0,Adequado,2.0
RA-637,2022,1,10.0,Feminino,2021,7.039,Ametista,8.5,9.0,7.5,5.8,,7.0,5.0,4.8,6.8,,-1,0.0,0.0,0,Defasagem leve,1.0
RA-637,2023,1,11.0,Feminino,2021,8.109533333,Topazio,8.0,9.5,7.52,8.5,8.333333333,8.17,5.0,8.7,8.2,,-1,,,0,Defasagem leve,2.0
RA-637,2024,2,12.0,Feminino,2021,7.6853212122,Ametista,7.502,6.2272727275,7.51,7.75,8.333333333,7.776666667,10.0,6.5,9.0,,0,,,0,Adequado,3.0
RA-638,2022,1,9.0,Feminino,2020,7.059,Ametista,8.5,9.3,7.5,3.9,,6.278,10.0,2.0,5.8,,0,0.0,0.0,0,Adequado,2.0
RA-638,2023,1,,Feminino,2020,7.754866667,Ametista,9.0,9.4,7.52,6.5,8.333333333,7.946666667,5.0,6.8,6.2,,-1,,,0,Defasagem leve,3.0
RA-638,2024,2,11.0,Feminino,2021,6.7464878789,Agata,8.502,5.7272727275,7.51,5.0,8.125,5.936666667,10.0,4.0,6.0,,0,,,0,Adequado,3.0
RA-639,2022,1,10.0,Feminino,2021,6.613,Agata,8.5,7.4,7.5,5.5,,6.611,5.0,3.2,7.8,,-1,0.0,0.0,0,Defasagem leve,1.0
RA-639,2023,2,11.0,Feminino,2021,7.5853,Ametista,7.4,8.1,6.27,6.3,8.125,7.62,10.0,4.8,7.8,,0,,,0,Adequado,2.0
RA-639,2024,3,12.0,Feminino,2021,5.7693807644,Quartzo,7.917,5.278195488666667,2.51,3.8333333333333335,6.71875,6.1625,10.0,1.0,4.5,6.0,0,,,0,Adequado,3.0
RA-64,2022,5,16.0,Masculino,2019,7.368,Ametista,7.1,8.1,8.1,7.5,,8.25,5.0,4.8,8.2,9.4,-1,0.0,1.0,0,Defasagem leve,3.0
RA-64,2023,6,,Feminino,2019,7.452541667,Ametista,7.5,9.2,6.89,6.7,7.34375,7.9625,5.0,7.0,6.0,7.2,-1,,,0,Defasagem leve,4.0
RA-64,2024,7,18.0,Feminino,2021,8.743607059266667,Topazio,10.0,8.980785296666667,8.135,8.166666666666666,8.4375,8.283333333,10.0,8.0,6.5,10.0,0,,,0,Adequado,3.0
RA-640,2022,1,11.0,Feminino,2022,6.73,Agata,9.0,8.4,7.5,4.8,,6.778,5.0,2.5,7.0,,-1,0.0,0.0,0,Defasagem leve,0.0
RA-640,2023,1,12.0,Feminino,2022,6.1105,Agata,0.0,7.3,7.52,4.9,7.291666667,8.446666667,5.0,4.0,5.8,,-2,,,1,Defasagem moderada/severa,1.0
RA-641,2022,1,9.0,Feminino,2022,7.776,Ametista,9.0,9.3,7.5,6.5,,6.778,10.0,4.5,8.5,,0,0.0,0.0,0,Adequado,0.0
RA-642,2022,1,10.0,Feminino,2021,7.75,Ametista,10.0,9.7,6.9,7.3,,7.778,5.0,7.0,7.7,,-1,0.0,0.0,0,Defasagem leve,1.0
RA-642,2023,2,,Feminino,2021,8.416866667,Topazio,9.5,9.2,6.27,6.5,8.75,9.173333333,10.0,5.7,7.2,,0,,,0,Adequado,2.0
RA-642,2024,3,12.0,Feminino,2021,7.082591269866667,Ametista,9.585,9.149206349333333,3.76,4.0,7.1875,6.9975,10.0,2.0,5.0,5.0,0,,,0,Adequado,3.0
RA-643,2022,1,10.0,Masculino,2022,6.763,Agata,9.0,8.0,7.5,6.2,,6.722,5.0,6.3,6.0,,-1,0.0,0.0,0,Defasagem leve,0.0
RA-643,2023,1,,Masculino,2022,7.389033333,Ametista,9.5,8.2,7.52,7.1,6.041666667,7.613333333,5.0,7.0,7.2,,-1,,,0,Defasagem leve,1.0
RA-643,2024,2,12.0,Masculino,2022,6.402239075100001,Agata,9.002,6.8660287085,7.51,4.5,8.125,5.826666667,5.0,3.0,6.0,,-1,,,0,Defasagem leve,2.0
RA-644,2022,1,11.0,Feminino,2021,7.83,Ametista,9.5,8.0,7.5,8.8,,8.278,5.0,9.7,8.0,,-1,0.0,1.0,0,Defasagem leve,1.0
RA-644,2023,2,,Feminino,2021,6.897033333,Agata,10.0,5.6,7.52,5.9,8.541666667,7.503333333,5.0,4.0,7.7,,-1,,,0,Defasagem leve,2.0
RA-645,2022,1,10.0,Feminino,2022,6.086,Agata,8.5,8.1,7.5,2.0,,6.833,5.0,4.0,0.0,,-1,0.0,0.0,0,Defasagem leve,0.0
RA-645,2023,1,11.0,Feminino,2022,7.613033333,Ametista,9.0,8.5,6.27,7.3,8.125,8.116666667,5.0,6.5,8.0,,-1,,,0,Defasagem leve,1.0
RA-645,2024,2,12.0,Feminino,2022,7.502239394,Ametista,7.418,8.3863636365,7.51,5.25,7.708333333,7.556666667,10.0,3.0,7.5,,0,,,0,Adequado,2.0
RA-646,2022,1,13.0,Masculino,2019,8.181,Topazio,8.5,9.8,8.1,8.4,,8.389,5.0,8.8,8.0,,-2,1.0,1.0,1,Defasagem moderada/severa,3.0
RA-646,2023,2,13.0,Masculino,2019,8.3547,Topazio,10.0,8.9,7.52,8.4,8.958333333,8.783333333,5.0,8.2,8.5,,-1,,,0,Defasagem leve,4.0
RA-646,2024,3,14.0,Masculino,2021,7.715491666666668,Ametista,10.0,9.266666666666667,7.51,6.166666666666667,8.28125,7.7475,5.0,9.0,4.5,5.0,-1,,,0,Defasagem leve,3.0
RA-647,2022,1,10.0,Masculino,2022,6.606,Agata,9.5,8.6,7.5,3.3,,7.278,5.0,1.5,5.2,,-1,0.0,0.0,0,Defasagem leve,0.0
RA-647,2023,1,,Feminino,2022,7.100566667,Ametista,7.3,8.7,6.27,5.2,7.708333333,8.446666667,5.0,4.7,5.7,,-1,,,0,Defasagem leve,1.0
RA-648,2022,1,12.0,Masculino,2019,6.736,Agata,9.0,7.5,6.9,5.3,,7.5,5.0,5.0,5.5,,-2,0.0,0.0,1,Defasagem moderada/severa,3.0
RA-649,2022,1,12.0,Feminino,2019,7.302,Ametista,8.5,8.9,5.6,7.4,,7.611,5.0,6.3,8.5,,-2,0.0,0.0,1,Defasagem moderada/severa,3.0
RA-649,2023,2,,Feminino,2019,7.579533333,Ametista,9.0,9.3,3.77,6.5,8.75,8.836666667,5.0,3.8,9.2,,-1,,,0,Defasagem leve,4.0
RA-649,2024,3,14.0,Feminino,2021,6.985329691766667,Agata,8.751,6.004481792666667,8.76,3.6666666666666665,8.333333333,7.333333333,10.0,5.5,4.0,1.5,0,,,0,Adequado,3.0
RA-65,2022,5,17.0,Feminino,2022,7.712,Ametista,8.3,7.7,7.5,9.3,,7.875,5.0,9.0,9.5,9.5,-2,0.0,1.0,1,Defasagem moderada/severa,0.0
RA-650,2022,1,11.0,Feminino,2021,7.004,Agata,6.9,8.7,5.6,6.9,,7.5,5.0,5.5,8.3,,-1,0.0,0.0,0,Defasagem leve,1.0
RA-651,2022,1,10.0,Feminino,2022,7.866,Ametista,8.5,9.3,7.5,7.8,,8.333,5.0,7.7,7.8,,-1,0.0,1.0,0,Defasagem leve,0.0
RA-651,2023,2,,Feminino,2022,7.332,Ametista,0.0,8.2,3.77,9.3,8.75,7.95,10.0,9.8,8.7,,0,,,0,Adequado,1.0
RA-651,2024,3,12.0,Feminino,2022,8.689300000100001,Topazio,9.168,10.0,7.51,7.5,8.541666667,8.336666667,10.0,10.0,6.0,6.5,1,,,0,Adiantado,2.0
RA-652,2022,1,9.0,Feminino,2022,8.151,Topazio,8.0,9.6,7.5,7.8,,7.5,10.0,7.0,8.5,,0,0.0,0.0,0,Adequado,0.0
RA-652,2023,1,,Feminino,2022,7.871033333,Ametista,9.0,9.4,6.89,7.0,8.125,8.446666667,5.0,6.2,7.8,,-1,,,0,Defasagem leve,1.0
RA-652,2024,2,11.0,Feminino,2022,7.361896969700001,Ametista,8.002,6.931818182000001,7.51,5.5,7.916666667,7.663333333,10.0,4.5,6.5,,0,,,0,Adequado,2.0
RA-653,2022,1,11.0,Feminino,2022,8.101,Topazio,9.5,9.6,7.5,9.3,,7.5,5.0,9.5,9.0,,-1,0.0,0.0,0,Defasagem leve,0.0
RA-653,2023,2,12.0,Feminino,2022,7.385666667,Ametista,0.0,9.8,6.27,7.9,9.166666667,9.06,5.0,7.7,8.0,,-1,,,0,Defasagem leve,1.0
RA-653,2024,3,13.0,Feminino,2022,8.103217647033333,Topazio,8.751,9.537254901999999,8.76,5.166666666666667,8.333333333,7.89,10.0,6.5,4.5,4.5,0,,,0,Adequado,2.0
RA-654,2022,1,12.0,Feminino,2022,7.308,Ametista,8.5,8.6,7.5,6.8,,7.556,5.0,5.5,8.0,,-2,0.0,0.0,1,Defasagem moderada/severa,0.0
RA-655,2022,1,12.0,Feminino,2019,7.785,Ametista,7.5,9.2,7.5,8.3,,8.389,5.0,8.3,8.2,,-2,1.0,1.0,1,Defasagem moderada/severa,3.0
RA-655,2023,2,13.0,Feminino,2019,8.3198,Topazio,7.4,9.9,7.52,8.3,9.166666667,8.896666667,5.0,7.2,9.3,,-1,,,0,Defasagem leve,4.0
RA-655,2024,3,14.0,Feminino,2021,8.238600000066668,Topazio,7.501,10.0,8.76,6.833333333333333,8.125,7.166666667,10.0,8.0,4.0,8.5,0,,,0,Adequado,3.0
RA-656,2022,1,11.0,Feminino,2020,6.652,Agata,7.4,7.5,5.6,6.3,,7.5,5.0,5.0,7.5,,-1,0.0,0.0,0,Defasagem leve,2.0
RA-656,2023,2,12.0,Feminino,2020,6.780833333,Agata,0.0,8.9,7.52,7.3,8.541666667,7.173333333,5.0,5.8,8.8,,-1,,,0,Defasagem leve,3.0
RA-656,2024,3,13.0,Feminino,2021,6.668152941266667,Agata,9.168,5.978431372666667,7.51,4.166666666666667,7.5,6.106666667,10.0,5.0,3.5,4.0,0,,,0,Adequado,3.0
RA-657,2022,1,12.0,Feminino,2021,8.093,Topazio,9.5,9.8,7.5,9.0,,7.5,5.0,9.0,9.0,,-2,0.0,0.0,1,Defasagem moderada/severa,1.0
RA-657,2023,2,,Feminino,2021,8.3532,Topazio,8.5,10.0,7.52,8.2,8.75,8.73,5.0,7.0,9.3,,-1,,,0,Defasagem leve,2.0
RA-657,2024,3,13.0,Feminino,2021,8.207433333400001,Topazio,8.751,9.6,6.885,7.5,8.125,7.056666667,10.0,8.0,4.5,10.0,0,,,0,Adequado,3.0
RA-658,2022,1,10.0,Feminino,2022,7.407,Ametista,10.0,9.3,7.5,5.6,,7.917,5.0,4.7,6.5,,-1,0.0,0.0,0,Defasagem leve,0.0
RA-658,2023,2,10.0,Feminino,2022,8.438533333,Topazio,9.5,9.5,7.52,6.1,7.916666667,9.173333333,10.0,5.3,6.8,,0,,,0,Adequado,1.0
RA-658,2024,3,12.0,Feminino,2022,7.507033333333333,Ametista,8.751,10.0,8.135,3.6666666666666665,7.375,6.738,10.0,5.5,2.5,3.0,1,,,0,Adiantado,2.0
RA-659,2022,1,10.0,Feminino,2022,7.783,Ametista,8.0,7.8,7.5,9.3,,8.333,5.0,9.5,9.0,,-1,0.0,0.0,0,Defasagem leve,0.0
RA-66,2022,5,17.0,Feminino,2022,5.665,Quartzo,7.5,5.6,7.5,4.5,,5.917,5.0,3.0,6.0,,-2,0.0,0.0,1,Defasagem moderada/severa,0.0
RA-660,2022,1,9.0,Feminino,2021,8.363,Topazio,9.5,9.0,7.5,6.9,,9.083,10.0,5.8,8.0,,0,1.0,0.0,0,Adequado,1.0
RA-661,2022,1,11.0,Masculino,2022,7.593,Ametista,9.0,8.3,7.5,7.8,,7.917,5.0,8.3,7.3,,-1,0.0,0.0,0,Defasagem leve,0.0
RA-661,2023,2,,Masculino,2022,6.846333333,Agata,0.0,7.7,6.89,6.5,7.5,7.836666667,10.0,4.3,8.7,,0,,,0,Adequado,1.0
RA-662,2022,1,11.0,Feminino,2022,7.044,Ametista,9.0,8.8,7.5,6.8,,6.083,5.0,5.7,7.8,,-1,0.0,0.0,0,Defasagem leve,0.0
RA-662,2023,2,12.0,Feminino,2022,6.733566667,Agata,6.8,7.6,6.27,6.7,7.291666667,6.72,5.0,4.3,9.0,,-1,,,0,Defasagem leve,1.0
RA-662,2024,3,13.0,Feminino,2022,7.107477855466668,Ametista,7.917,7.6107226106666666,7.51,4.166666666666667,7.625,7.234,10.0,4.5,5.0,3.0,0,,,0,Adequado,2.0
RA-663,2022,1,10.0,Masculino,2022,6.376,Agata,6.9,8.7,7.5,5.8,,5.25,5.0,5.0,6.5,,-1,0.0,0.0,0,Defasagem leve,0.0
RA-663,2023,1,11.0,Masculino,2022,6.969133333,Agata,6.9,7.4,7.52,7.0,6.666666667,7.393333333,5.0,6.7,7.3,,-1,,,0,Defasagem leve,1.0
RA-663,2024,2,12.0,Masculino,2022,6.696419461700001,Agata,8.502,7.0910973085,5.625,6.5,6.875,6.89,5.0,6.0,7.0,,-1,,,0,Defasagem leve,2.0
RA-664,2022,1,10.0,Feminino,2022,7.277,Ametista,9.5,8.8,7.5,6.3,,7.167,5.0,5.0,7.5,,-1,0.0,0.0,0,Defasagem leve,0.0
RA-664,2023,1,11.0,Feminino,2022,8.0872,Topazio,9.0,9.6,7.52,8.0,7.916666667,8.116666667,5.0,8.0,8.0,,-1,,,0,Defasagem leve,1.0
RA-664,2024,2,12.0,Feminino,2022,7.5017244089,Ametista,9.002,6.7734553775,7.51,5.75,8.125,7.666666667,10.0,3.0,8.5,,0,,,0,Adequado,2.0
RA-665,2022,1,11.0,Feminino,2022,6.996,Agata,9.0,7.4,7.5,6.8,,7.25,5.0,6.5,7.0,,-1,0.0,0.0,0,Defasagem leve,0.0
RA-665,2023,1,,Feminino,2022,6.185658333,Agata,9.5,4.9,2.52,5.2,8.28125,8.226666667,5.0,5.0,5.3,,-1,,,0,Defasagem leve,1.0
RA-665,2024,2,12.0,Feminino,2022,5.698703030200001,Quartzo,8.334,5.068181818,5.63,4.75,7.5,5.443333333,5.0,3.0,6.5,,-1,,,0,Defasagem leve,2.0
RA-666,2022,1,10.0,Masculino,2022,7.929,Ametista,9.5,9.1,7.5,7.8,,8.833,5.0,8.0,7.5,,-1,1.0,0.0,0,Defasagem leve,0.0
RA-666,2023,2,,Masculino,2022,8.720366667,Topazio,9.5,9.1,7.52,7.1,8.541666667,9.62,10.0,6.7,7.5,,0,,,0,Adequado,1.0
RA-666,2024,3,12.0,Masculino,2022,8.185838802933334,Topazio,10.0,7.881527348,7.51,7.166666666666667,7.5,8.375,10.0,10.0,5.5,6.0,0,,,0,Adequado,2.0
RA-667,2022,1,11.0,Masculino,2021,5.844,Quartzo,8.5,5.6,7.5,4.5,,5.833,5.0,3.7,5.3,,-1,0.0,0.0,0,Defasagem leve,1.0
RA-667,2023,2,12.0,Masculino,2021,6.774866667,Agata,9.0,6.9,6.89,5.2,7.083333333,7.836666667,5.0,3.0,7.3,,-1,,,0,Defasagem leve,2.0
RA-667,2024,3,13.0,Masculino,2021,7.177130604266668,Ametista,9.168,7.038986354666666,7.51,4.666666666666667,7.75,6.966,10.0,5.5,4.5,4.0,0,,,0,Adequado,3.0
RA-668,2022,1,11.0,Masculino,2022,4.365,Quartzo,6.9,3.3,7.5,2.8,,3.75,5.0,2.8,2.8,,-1,0.0,0.0,0,Defasagem leve,0.0
RA-668,2023,2,12.0,Masculino,2022,6.017933333,Agata,6.3,6.3,7.52,3.4,6.875,7.616666667,5.0,2.7,4.0,,-1,,,0,Defasagem leve,1.0
RA-669,2022,1,11.0,Masculino,2022,7.475,Ametista,9.0,9.7,7.5,6.0,,7.833,5.0,5.0,7.0,,-1,0.0,0.0,0,Defasagem leve,0.0
RA-669,2023,2,11.0,Masculino,2022,7.345033333,Ametista,8.5,7.8,7.52,5.0,7.708333333,7.06,10.0,3.3,6.7,,0,,,0,Adequado,1.0
RA-669,2024,3,12.0,Masculino,2022,6.6438703703,Agata,7.5,4.851851851666666,7.51,5.333333333333333,7.291666667,6.883333333,10.0,5.0,6.0,5.0,0,,,0,Adequado,2.0
RA-67,2022,5,16.0,Feminino,2019,5.195,Quartzo,5.8,3.0,7.5,3.6,,6.889,5.0,3.0,4.2,3.5,-1,0.0,0.0,0,Defasagem leve,3.0
RA-670,2022,1,10.0,Feminino,2022,7.451,Ametista,8.0,8.8,7.5,6.9,,8.167,5.0,6.5,7.3,,-1,0.0,0.0,0,Defasagem leve,0.0
RA-670,2023,2,,Feminino,2022,8.6067,Topazio,9.5,8.7,7.52,7.0,8.958333333,9.343333333,10.0,5.8,8.2,,0,,,0,Adequado,1.0
RA-670,2024,3,12.0,Feminino,2022,8.8602539683,Topazio,9.585,9.441269841333334,7.51,8.666666666666666,8.958333333,8.166666667,10.0,9.0,7.0,10.0,1,,,0,Adiantado,2.0
RA-671,2022,0,9.0,Masculino,2021,7.617,Ametista,8.5,8.2,8.1,8.8,,7.417,5.0,8.8,8.8,,-1,0.0,0.0,0,Defasagem leve,1.0
RA-671,2023,0,,Masculino,2021,6.5143,Agata,7.9,8.3,3.14,7.8,5.625,5.68,5.0,8.0,7.5,,-2,,,1,Defasagem moderada/severa,2.0
RA-672,2022,0,9.0,Feminino,2021,7.48,Ametista,8.5,8.5,8.1,8.8,,6.75,5.0,8.5,9.1,,-1,0.0,0.0,0,Defasagem leve,1.0
RA-672,2023,0,10.0,Feminino,2021,6.5623,Agata,7.9,9.5,2.52,6.4,5.625,6.43,5.0,6.0,6.7,,-2,,,1,Defasagem moderada/severa,2.0
RA-672,2024,1,11.0,Feminino,2021,4.2118138341,Quartzo,7.918,3.9525691700000003,6.26,0.0,6.041666667,4.496666667,5.0,0.0,0.0,,-1,,,0,Defasagem leve,3.0
RA-673,2022,0,8.0,Feminino,2022,8.65,Topazio,8.5,9.2,8.1,9.2,,8.583,10.0,9.4,8.9,,0,1.0,1.0,0,Adequado,0.0
RA-674,2022,0,8.0,Masculino,2022,7.862,Ametista,9.5,8.7,8.1,8.0,,6.333,10.0,8.9,7.0,,0,0.0,0.0,0,Adequado,0.0
RA-674,2023,0,9.0,Masculino,2022,6.6328,Agata,7.9,8.5,3.77,5.2,5.0,8.67,5.0,5.3,5.0,,-1,,,0,Defasagem leve,1.0
RA-675,2022,0,8.0,Masculino,2022,7.576,Ametista,10.0,6.6,8.1,7.4,,7.083,10.0,8.8,5.9,,0,0.0,1.0,0,Adequado,0.0
RA-675,2023,0,,Masculino,2022,8.3577,Topazio,10.0,8.0,7.52,8.3,6.875,8.34,10.0,8.5,8.0,,0,,,0,Adequado,1.0
RA-676,2022,0,9.0,Masculino,2021,7.911,Ametista,8.5,8.6,8.1,9.3,,8.167,5.0,9.5,9.1,,-1,0.0,1.0,0,Defasagem leve,1.0
RA-677,2022,0,8.0,Feminino,2021,8.358,Topazio,10.0,9.4,7.5,7.3,,8.583,10.0,7.7,6.8,,0,1.0,0.0,0,Adequado,1.0
RA-677,2023,0,9.0,Feminino,2021,8.5257,Topazio,10.0,8.2,10.0,8.7,6.875,9.84,5.0,9.0,8.3,,-1,,,0,Defasagem leve,2.0
RA-678,2022,0,9.0,Masculino,2022,8.0,Ametista,9.0,10.0,6.9,7.3,,9.5,5.0,7.5,7.0,,-1,1.0,0.0,0,Defasagem leve,0.0
RA-678,2023,1,10.0,Masculino,2022,7.570158333,Ametista,8.0,8.8,6.27,7.3,7.65625,8.336666667,5.0,6.8,7.7,,-1,,,0,Defasagem leve,1.0
RA-679,2022,0,10.0,Masculino,2020,7.172,Ametista,9.0,8.2,7.5,6.3,,7.833,5.0,6.7,5.8,,-2,0.0,0.0,1,Defasagem moderada/severa,2.0
RA-679,2023,1,11.0,Masculino,2020,6.138366667,Agata,7.5,7.5,5.02,3.6,6.875,7.393333333,5.0,2.0,5.2,,-1,,,0,Defasagem leve,3.0
RA-68,2022,5,16.0,Masculino,2019,6.438,Agata,8.3,6.0,7.5,4.0,,7.944,5.0,4.7,4.8,2.7,-1,0.0,1.0,0,Defasagem leve,3.0
RA-680,2022,0,10.0,Feminino,2019,7.518,Ametista,9.5,8.8,7.5,7.4,,7.75,5.0,8.0,6.8,,-2,0.0,0.0,1,Defasagem moderada/severa,3.0
RA-680,2023,1,,Feminino,2019,6.5855,Agata,0.0,9.1,7.52,6.4,6.875,7.78,5.0,5.2,7.5,,-1,,,0,Defasagem leve,4.0
RA-680,2024,2,12.0,Feminino,2021,4.9800714287000005,Quartzo,0.0,6.6428571430000005,5.635,3.0,6.666666667,6.606666667,5.0,2.5,3.5,,-1,,,0,Defasagem leve,3.0
RA-681,2022,0,10.0,Masculino,2022,7.204,Ametista,8.5,8.5,6.9,6.5,,8.0,5.0,6.5,6.5,,-2,0.0,0.0,1,Defasagem moderada/severa,0.0
RA-681,2023,0,10.0,Masculino,2022,6.2955,Agata,0.0,7.8,3.77,8.3,5.625,8.18,5.0,8.8,7.8,,-2,,,1,Defasagem moderada/severa,1.0
RA-681,2024,1,11.0,Masculino,2022,6.0398818182000005,Agata,9.502,7.840909091,6.26,2.5,5.625,6.665,5.0,5.0,0.0,,-1,,,0,Defasagem leve,2.0
RA-682,2022,0,11.0,Masculino,2022,7.625,Ametista,9.5,9.1,7.5,7.0,,8.083,5.0,7.0,7.0,,-2,0.0,0.0,1,Defasagem moderada/severa,0.0
RA-683,2022,0,10.0,Masculino,2022,6.011,Agata,7.9,5.0,7.5,4.0,,8.083,5.0,8.0,0.0,,-2,0.0,0.0,1,Defasagem moderada/severa,0.0
RA-684,2022,0,7.0,Masculino,2022,8.26,Topazio,9.5,7.5,8.1,9.3,,7.917,10.0,9.0,9.6,,0,0.0,0.0,0,Adequado,0.0
RA-684,2023,0,8.0,Masculino,2022,7.4277,Ametista,9.0,8.1,7.52,6.5,6.875,5.84,10.0,8.3,4.7,,0,,,0,Adequado,1.0
RA-684,2024,1,9.0,Masculino,2022,7.769381818200001,Ametista,10.0,9.090909091,7.51,4.25,7.5,8.0,10.0,2.5,6.0,,0,,,0,Adequado,2.0
RA-685,2022,0,9.0,Masculino,2022,6.864,Agata,9.0,6.2,5.0,8.0,,7.833,5.0,8.0,8.0,,-1,0.0,0.0,0,Defasagem leve,0.0
RA-686,2022,0,9.0,Feminino,2022,7.729,Ametista,7.5,8.6,8.1,8.8,,8.083,5.0,9.2,8.5,,-1,0.0,0.0,0,Defasagem leve,0.0
RA-686,2023,1,10.0,Feminino,2022,7.9642,Ametista,8.5,9.0,7.52,8.0,7.5,8.56,5.0,7.3,8.7,,-1,,,0,Defasagem leve,1.0
RA-686,2024,2,11.0,Feminino,2022,8.040259523700001,Topazio,8.002,8.7857142855,6.885,7.25,8.4375,7.503333333,10.0,5.0,9.5,,0,,,0,Adequado,2.0
RA-687,2022,0,9.0,Masculino,2022,7.703,Ametista,8.5,9.0,8.1,8.3,,8.0,5.0,9.0,7.5,,-1,0.0,0.0,0,Defasagem leve,0.0
RA-687,2023,1,10.0,Masculino,2022,7.617533333,Ametista,8.0,9.0,7.52,6.9,7.5,8.226666667,5.0,6.7,7.0,,-1,,,0,Defasagem leve,1.0
RA-687,2024,2,11.0,Masculino,2022,8.2739844611,Topazio,7.502,9.2355889725,7.51,7.25,8.75,8.003333333,10.0,6.5,8.0,,0,,,0,Adequado,2.0
RA-688,2022,0,9.0,Masculino,2022,7.771,Ametista,8.5,9.7,7.5,7.9,,7.917,5.0,8.0,7.8,,-1,0.0,0.0,0,Defasagem leve,0.0
RA-688,2023,1,10.0,Masculino,2022,8.0442,Topazio,8.5,9.3,7.52,8.6,7.5,8.06,5.0,8.2,9.0,,-1,,,0,Defasagem leve,1.0
RA-688,2024,2,11.0,Masculino,2022,8.986533333300002,Topazio,9.502,10.0,8.13,7.5,8.333333333,9.45,10.0,6.0,9.0,,0,,,0,Adequado,2.0
RA-689,2022,0,9.0,Feminino,2022,6.433,Agata,7.4,7.9,5.6,5.8,,6.667,5.0,6.0,5.5,,-1,0.0,0.0,0,Defasagem leve,0.0
RA-69,2022,5,16.0,Masculino,2018,5.718,Quartzo,8.3,6.1,7.5,2.5,,6.167,5.0,4.7,2.6,0.3,-1,0.0,0.0,0,Defasagem leve,4.0
RA-690,2022,0,9.0,Feminino,2022,7.541,Ametista,9.5,9.5,7.5,7.0,,7.417,5.0,7.2,6.8,,-1,0.0,0.0,0,Defasagem leve,0.0
RA-690,2023,0,,Feminino,2022,8.6112,Topazio,9.0,9.8,6.89,9.1,7.5,10.0,5.0,9.3,8.8,,-2,,,1,Defasagem moderada/severa,1.0
RA-690,2024,1,11.0,Feminino,2022,7.3853681818,Ametista,7.918,8.409090909,7.51,6.25,8.4375,7.835,5.0,7.5,5.0,,-1,,,0,Defasagem leve,2.0
RA-691,2022,0,8.0,Feminino,2022,8.68,Topazio,10.0,9.2,8.1,9.4,,7.917,10.0,9.6,9.3,,0,0.0,0.0,0,Adequado,0.0
RA-692,2022,0,9.0,Feminino,2021,7.569,Ametista,9.5,8.9,8.1,6.9,,7.917,5.0,7.0,6.8,,-1,0.0,0.0,0,Defasagem leve,1.0
RA-692,2023,1,10.0,Feminino,2021,6.588466667,Agata,7.4,7.7,7.52,4.6,6.666666667,7.39,5.0,2.8,6.3,,-1,,,0,Defasagem leve,2.0
RA-693,2022,0,7.0,Feminino,2022,7.944,Ametista,9.5,9.8,8.1,5.7,,7.667,10.0,5.0,6.3,,0,0.0,0.0,0,Adequado,0.0
RA-693,2023,0,,Feminino,2022,9.0112,Topazio,10.0,9.4,6.89,8.5,7.5,10.0,10.0,8.2,8.7,,0,,,0,Adequado,1.0
RA-693,2024,1,9.0,Feminino,2022,8.9079954545,Topazio,10.0,9.5227272725,9.38,8.0,7.8125,8.42,10.0,8.0,8.0,,0,,,0,Adequado,2.0
RA-694,2022,0,8.0,Masculino,2022,8.378,Topazio,10.0,9.0,8.1,8.1,,7.917,10.0,8.2,8.0,,0,0.0,0.0,0,Adequado,0.0
RA-695,2022,0,8.0,Feminino,2021,4.28,Quartzo,9.0,3.1,7.5,2.5,,2.5,10.0,2.2,2.8,,0,0.0,0.0,0,Adequado,1.0
RA-696,2022,0,9.0,Feminino,2021,7.441,Ametista,8.5,9.0,7.5,6.6,,8.167,5.0,6.5,6.7,,-1,0.0,0.0,0,Defasagem leve,1.0
RA-696,2023,1,,Feminino,2021,7.172666667,Ametista,0.0,9.4,5.02,6.7,7.5,8.503333333,10.0,5.2,8.2,,0,,,0,Adequado,2.0
RA-696,2024,2,10.0,Feminino,2021,7.482680952299999,Ametista,7.418,7.845238095,7.51,5.25,7.708333333,8.0,10.0,5.0,5.5,,0,,,0,Adequado,3.0
RA-697,2022,0,11.0,Masculino,2021,7.675,Ametista,7.0,9.3,7.5,8.4,,8.083,5.0,8.8,8.0,,-2,0.0,0.0,1,Defasagem moderada/severa,1.0
RA-698,2022,0,9.0,Masculino,2021,7.44,Ametista,9.0,9.8,2.5,8.1,,8.083,5.0,8.0,8.2,,-1,0.0,0.0,0,Defasagem leve,1.0
RA-698,2023,1,9.0,Masculino,2021,7.553616667,Ametista,8.5,9.9,2.52,5.7,7.1875,8.113333333,10.0,4.3,7.0,,0,,,0,Adequado,2.0
RA-698,2024,2,10.0,Masculino,2021,7.3363190476,Ametista,9.002,8.3214285715,6.88,4.5,7.291666667,7.273333333,10.0,3.0,6.0,,0,,,0,Adequado,3.0
RA-699,2022,0,9.0,Masculino,2022,6.658,Agata,5.2,9.2,7.5,7.1,,6.0,5.0,7.5,6.7,,-1,0.0,0.0,0,Defasagem leve,0.0
RA-699,2023,1,10.0,Masculino,2022,6.389991667,Agata,8.5,8.3,3.77,6.0,5.78125,6.173333333,5.0,5.7,6.2,,-1,,,0,Defasagem leve,1.0
RA-699,2024,1,11.0,Masculino,2022,6.427771212000001,Agata,6.334,7.727272727000001,6.26,6.5,6.5625,5.833333333,5.0,7.0,6.0,,-1,,,0,Defasagem leve,2.0
RA-7,2022,7,18.0,Masculino,2017,6.818,Agata,0.0,8.4,7.5,7.6,,7.667,5.0,8.2,5.7,9.0,-1,0.0,0.0,0,Defasagem leve,5.0
RA-7,2023,8,,Masculino,2017,,,,,,,,,10.0,,,,0,,,0,Adequado,6.0
RA-7,2024,8,20.0,Masculino,2021,,,,0.0,,,,,10.0,,,,0,,,0,Adequado,3.0
RA-70,2022,5,16.0,Feminino,2017,5.712,Quartzo,8.8,6.6,5.0,2.9,,6.111,5.0,5.7,2.9,0.2,-1,0.0,0.0,0,Defasagem leve,5.0
RA-70,2023,5,17.0,Feminino,2017,6.869133333,Agata,9.2,9.2,5.0,4.3,7.5,7.545,5.0,3.0,3.5,6.3,-2,,,1,Defasagem moderada/severa,6.0
RA-700,2022,0,9.0,Feminino,2022,7.738,Ametista,9.0,8.7,7.5,9.2,,7.083,5.0,9.2,9.2,,-1,0.0,0.0,0,Defasagem leve,0.0
RA-700,2023,0,9.0,Feminino,2022,8.2852,Topazio,9.5,9.7,7.52,7.8,6.25,9.84,5.0,7.5,8.0,,-1,,,0,Defasagem leve,1.0
RA-700,2024,1,11.0,Feminino,2022,7.005745454500001,Ametista,8.502,9.564393939,5.635,5.25,7.291666667,7.0,5.0,5.0,5.5,,-1,,,0,Defasagem leve,2.0
RA-701,2022,0,10.0,Masculino,2021,7.755,Ametista,9.0,9.3,7.5,8.7,,7.417,5.0,8.7,8.7,,-2,0.0,0.0,1,Defasagem moderada/severa,1.0
RA-701,2023,0,,Masculino,2021,7.3982,Ametista,9.5,9.9,3.77,7.2,6.25,7.68,5.0,7.3,7.0,,-2,,,1,Defasagem moderada/severa,2.0
RA-702,2022,0,8.0,Feminino,2022,7.387,Ametista,10.0,8.6,5.0,6.8,,7.0,10.0,7.0,6.7,,0,0.0,0.0,0,Adequado,0.0
RA-702,2023,0,,Feminino,2022,8.239866667,Topazio,10.0,10.0,5.63,9.3,7.5,7.833333333,5.0,9.3,9.3,,-1,,,0,Defasagem leve,1.0
RA-702,2024,0,10.0,Feminino,2022,7.665116666600001,Ametista,9.002,9.75,2.51,9.25,7.8125,7.163333333,5.0,10.0,8.5,,-2,,,1,Defasagem moderada/severa,2.0
RA-703,2022,0,10.0,Masculino,2021,6.099,Agata,7.5,7.4,5.0,5.1,,6.833,5.0,5.3,4.8,,-2,0.0,0.0,1,Defasagem moderada/severa,1.0
RA-703,2023,0,11.0,Masculino,2021,6.2737,Agata,9.5,8.4,3.14,4.6,6.875,6.16,5.0,4.8,4.3,,-2,,,1,Defasagem moderada/severa,2.0
RA-704,2022,0,10.0,Masculino,2022,6.741,Agata,9.0,8.6,5.0,7.2,,6.583,5.0,7.7,6.6,,-2,0.0,0.0,1,Defasagem moderada/severa,0.0
RA-704,2023,0,,Masculino,2022,6.8297,Agata,10.0,9.9,3.14,6.1,5.625,6.265,5.0,6.5,5.7,,-2,,,1,Defasagem moderada/severa,1.0
RA-704,2024,1,12.0,Masculino,2022,6.8121156785000005,Agata,7.502,8.646245059,5.635,6.5,6.458333333,6.616666667,5.0,6.0,7.0,,-1,,,0,Defasagem leve,2.0
RA-705,2022,0,10.0,Masculino,2022,6.634,Agata,9.5,6.2,7.5,7.1,,6.333,5.0,7.0,7.2,,-2,0.0,0.0,1,Defasagem moderada/severa,0.0
RA-705,2023,0,10.0,Masculino,2022,6.982,Agata,0.0,8.3,6.89,8.8,7.5,8.165,5.0,8.9,8.6,,-2,,,1,Defasagem moderada/severa,1.0
RA-705,2024,1,12.0,Masculino,2022,5.294247619100001,Quartzo,9.002,6.4285714285,5.005,3.5,5.625,4.226666667,5.0,2.0,5.0,,-1,,,0,Defasagem leve,2.0
RA-706,2022,0,10.0,Feminino,2021,7.659,Ametista,9.5,6.7,7.5,9.1,,8.417,5.0,9.1,9.1,,-2,1.0,0.0,1,Defasagem moderada/severa,1.0
RA-706,2023,0,,Feminino,2021,7.1527,Ametista,9.0,7.8,4.39,7.3,6.875,8.08,5.0,6.7,7.8,,-2,,,1,Defasagem moderada/severa,2.0
RA-706,2024,2,11.0,Feminino,2021,5.8701964286,Quartzo,0.0,7.1428571430000005,6.26,3.25,7.65625,7.0,10.0,3.0,3.5,,0,,,0,Adequado,3.0
RA-707,2022,0,10.0,Feminino,2020,7.679,Ametista,10.0,8.1,6.9,8.5,,8.083,5.0,8.8,8.2,,-2,0.0,0.0,1,Defasagem moderada/severa,2.0
RA-707,2023,1,,Feminino,2020,6.518,Agata,0.0,9.8,3.77,6.5,7.916666667,7.946666667,5.0,5.5,7.5,,-1,,,0,Defasagem leve,3.0
RA-707,2024,2,12.0,Feminino,2021,6.4975618421000005,Agata,7.917,7.7236842105,4.375,6.5,6.40625,6.415,5.0,7.0,6.0,,-1,,,0,Defasagem leve,3.0
RA-708,2022,0,9.0,Masculino,2022,7.282,Ametista,8.0,8.4,7.5,7.3,,7.583,5.0,7.1,7.6,,-1,0.0,0.0,0,Defasagem leve,0.0
RA-708,2023,0,9.0,Masculino,2022,7.5105,Ametista,0.0,9.8,7.52,9.2,8.125,8.28,5.0,8.8,9.5,,-1,,,0,Defasagem leve,1.0
RA-709,2022,0,10.0,Feminino,2022,5.313,Quartzo,9.5,3.5,7.5,2.3,,7.083,5.0,2.3,2.3,,-2,0.0,0.0,1,Defasagem moderada/severa,0.0
RA-709,2023,0,11.0,Feminino,2022,6.6927,Agata,10.0,7.9,7.52,4.9,5.625,6.59,5.0,5.5,4.3,,-2,,,1,Defasagem moderada/severa,1.0
RA-709,2024,1,12.0,Feminino,2022,6.833780895800001,Agata,7.418,7.994071146,7.51,6.0,6.875,6.773333333,5.0,6.0,6.0,,-1,,,0,Defasagem leve,2.0
RA-71,2022,5,17.0,Feminino,2019,4.332,Quartzo,7.9,2.0,7.5,1.2,,5.833,5.0,1.3,2.2,0.0,-2,0.0,0.0,1,Defasagem moderada/severa,3.0
RA-71,2023,6,,Feminino,2019,7.3651,Ametista,6.7,9.8,6.26,6.6,7.5,7.7125,5.0,7.3,5.5,7.0,-2,,,1,Defasagem moderada/severa,4.0
RA-710,2022,0,10.0,Masculino,2020,7.285,Ametista,9.5,8.9,5.0,6.9,,8.0,5.0,7.0,6.8,,-2,0.0,0.0,1,Defasagem moderada/severa,2.0
RA-710,2023,1,,Masculino,2020,7.0582,Ametista,9.5,9.0,3.77,6.5,7.083333333,7.113333333,5.0,5.7,7.3,,-1,,,0,Defasagem leve,3.0
RA-710,2024,2,12.0,Masculino,2021,7.0366241342,Ametista,9.168,8.170995671,5.625,6.75,7.65625,6.5375,5.0,8.0,5.5,,-1,,,0,Defasagem leve,3.0
RA-711,2022,0,9.0,Masculino,2022,6.04,Agata,9.0,7.9,6.3,3.5,,6.0,5.0,4.0,3.0,,-1,0.0,0.0,0,Defasagem leve,0.0
RA-712,2022,0,11.0,Masculino,2019,6.026,Agata,8.0,5.1,5.0,8.0,,5.833,5.0,8.7,7.3,,-2,0.0,0.0,1,Defasagem moderada/severa,3.0
RA-712,2023,1,12.0,Masculino,2019,6.331533333,Agata,9.5,5.6,3.14,6.7,7.5,6.836666667,5.0,5.5,7.8,,-2,,,1,Defasagem moderada/severa,4.0
RA-712,2024,2,13.0,Masculino,2021,6.2236373706000006,Agata,7.502,5.983436853,5.625,6.75,6.5625,6.04,5.0,7.0,6.5,,-1,,,0,Defasagem leve,3.0
RA-713,2022,0,9.0,Masculino,2021,7.42,Ametista,10.0,8.7,7.5,7.8,,7.25,5.0,8.0,7.7,,-1,0.0,0.0,0,Defasagem leve,1.0
RA-713,2023,1,10.0,Masculino,2021,7.408033333,Ametista,8.0,9.6,3.77,7.5,6.875,8.166666667,5.0,6.7,8.2,,-1,,,0,Defasagem leve,2.0
RA-713,2024,2,11.0,Masculino,2021,7.467500983400001,Ametista,8.002,7.525879916999999,7.51,6.75,7.03125,6.79,10.0,6.0,7.5,,0,,,0,Adequado,3.0
RA-714,2022,0,11.0,Masculino,2019,6.953,Agata,9.0,6.9,5.6,8.0,,7.25,5.0,8.5,7.5,,-2,0.0,0.0,1,Defasagem moderada/severa,3.0
RA-714,2023,1,12.0,Masculino,2019,6.078666667,Agata,0.0,8.0,3.14,7.4,7.5,7.223333333,5.0,6.7,8.0,,-2,,,1,Defasagem moderada/severa,4.0
RA-714,2024,2,13.0,Masculino,2021,5.4653662008,Quartzo,0.0,6.873706004,6.255,4.0,7.65625,6.9975,5.0,8.0,0.0,,-1,,,0,Defasagem leve,3.0
RA-715,2022,0,9.0,Feminino,2022,6.656,Agata,8.5,8.7,4.4,4.9,,7.917,5.0,4.8,5.0,,-1,0.0,0.0,0,Defasagem leve,0.0
RA-715,2023,0,,Feminino,2022,5.8915,Quartzo,0.0,9.5,3.14,5.4,5.625,7.675,5.0,4.5,6.3,,-2,,,1,Defasagem moderada/severa,1.0
RA-715,2024,2,11.0,Feminino,2022,5.3098253133,Quartzo,9.002,5.250626566499999,3.755,2.75,5.0,4.67,10.0,2.0,3.5,,0,,,0,Adequado,2.0
RA-716,2022,0,9.0,Masculino,2022,6.525,Agata,8.9,8.1,7.5,6.7,,5.417,5.0,7.3,6.0,,-1,0.0,0.0,0,Defasagem leve,0.0
RA-716,2023,1,10.0,Masculino,2022,6.813366667,Agata,9.0,8.7,3.77,5.6,6.875,7.443333333,5.0,5.0,6.2,,-1,,,0,Defasagem leve,1.0
RA-716,2024,1,11.0,Masculino,2022,6.2372943675000005,Agata,9.002,5.5335968375,7.51,5.75,6.71875,5.7875,5.0,5.5,6.0,,-1,,,0,Defasagem leve,2.0
RA-717,2022,0,10.0,Feminino,2021,6.832,Agata,9.0,7.3,7.5,5.4,,7.917,5.0,5.0,5.8,,-2,0.0,0.0,1,Defasagem moderada/severa,1.0
RA-717,2023,1,11.0,Feminino,2021,6.633833333,Agata,0.0,8.5,7.52,5.9,8.125,8.446666667,5.0,5.5,6.3,,-1,,,0,Defasagem leve,2.0
RA-718,2022,0,8.0,Feminino,2022,8.093,Topazio,8.0,8.9,6.3,9.2,,7.417,10.0,9.2,9.2,,0,0.0,0.0,0,Adequado,0.0
RA-718,2023,1,,Feminino,2022,8.166866667,Topazio,9.5,9.1,3.77,7.8,7.916666667,8.39,10.0,6.3,9.2,,0,,,0,Adequado,1.0
RA-718,2024,2,10.0,Feminino,2022,8.705811111100001,Topazio,10.0,9.5138888885,5.635,9.5,7.5,7.946666667,10.0,9.0,10.0,,1,,,0,Adiantado,2.0
RA-719,2022,0,10.0,Feminino,2021,5.552,Quartzo,9.0,4.6,7.5,4.2,,6.083,5.0,5.0,3.3,,-2,0.0,0.0,1,Defasagem moderada/severa,1.0
RA-719,2023,0,,Masculino,2021,6.4137,Agata,9.5,5.3,7.52,5.9,5.625,7.095,5.0,7.0,4.7,,-2,,,1,Defasagem moderada/severa,2.0
RA-719,2024,1,12.0,Masculino,2021,7.1193969697,Ametista,10.0,7.3484848485,7.51,6.5,7.5,6.7425,5.0,5.0,8.0,,-1,,,0,Defasagem leve,3.0
RA-72,2022,5,17.0,Feminino,2022,7.64,Ametista,8.3,7.5,7.5,7.8,,8.667,5.0,7.5,7.8,8.0,-2,1.0,1.0,1,Defasagem moderada/severa,0.0
RA-720,2022,0,9.0,Feminino,2021,6.731,Agata,8.0,5.9,7.5,7.6,,7.083,5.0,7.3,7.8,,-1,0.0,0.0,0,Defasagem leve,1.0
RA-721,2022,0,8.0,Feminino,2021,7.973,Ametista,9.5,8.1,7.5,7.6,,7.917,10.0,8.2,7.0,,0,0.0,0.0,0,Adequado,1.0
RA-721,2023,1,9.0,Feminino,2021,8.683366667,Topazio,8.5,9.5,7.52,8.4,8.125,8.443333333,10.0,7.5,9.3,,0,,,0,Adequado,2.0
RA-721,2024,2,10.0,Feminino,2021,8.8986026915,Topazio,9.002,9.544513457499999,8.135,8.25,8.75,8.755,10.0,9.0,7.5,,0,,,0,Adequado,3.0
RA-722,2022,0,9.0,Feminino,2021,7.41,Ametista,10.0,8.1,4.4,8.1,,8.333,5.0,7.8,8.3,,-1,0.0,0.0,0,Defasagem leve,1.0
RA-722,2023,1,,Feminino,2021,7.3387,Ametista,8.5,9.6,2.52,6.4,8.125,8.67,5.0,4.5,8.2,,-1,,,0,Defasagem leve,2.0
RA-723,2022,0,8.0,Feminino,2022,7.426,Ametista,10.0,6.6,8.1,5.5,,8.167,10.0,5.3,5.7,,0,0.0,0.0,0,Adequado,0.0
RA-724,2022,0,8.0,Feminino,2022,6.931,Agata,9.5,5.9,5.6,5.6,,8.0,10.0,2.9,8.3,,0,0.0,0.0,0,Adequado,0.0
RA-725,2022,0,8.0,Masculino,2022,6.33,Agata,8.0,5.9,8.1,5.0,,5.5,10.0,4.0,6.0,,0,0.0,0.0,0,Adequado,0.0
RA-725,2023,0,9.0,Masculino,2022,8.117366667,Topazio,9.5,9.0,7.52,8.4,8.125,8.113333333,5.0,8.1,8.7,,-1,,,0,Defasagem leve,1.0
RA-725,2024,0,10.0,Masculino,2022,7.0900771929,Ametista,7.502,7.6710526315,7.51,7.25,7.5,6.773333333,5.0,7.0,7.5,,-1,,,0,Defasagem leve,2.0
RA-726,2022,0,7.0,Feminino,2022,6.985,Agata,10.0,7.5,7.5,4.4,,6.583,10.0,5.8,3.0,,0,0.0,0.0,0,Adequado,0.0
RA-726,2023,0,8.0,Feminino,2022,7.3687,Ametista,10.0,6.1,7.52,6.0,5.625,8.17,10.0,6.2,5.8,,0,,,0,Adequado,1.0
RA-727,2022,0,8.0,Masculino,2022,7.736,Ametista,9.0,7.7,8.1,8.4,,6.75,10.0,9.3,7.4,,0,0.0,0.0,0,Adequado,0.0
RA-727,2023,0,,Masculino,2022,7.6802,Ametista,9.5,8.8,2.52,8.0,7.5,9.34,5.0,8.3,7.7,,-1,,,0,Defasagem leve,1.0
RA-727,2024,1,10.0,Masculino,2022,8.447003030300001,Topazio,10.0,8.4848484845,6.26,8.5,8.125,8.056666667,10.0,10.0,7.0,,0,,,0,Adequado,2.0
RA-728,2022,0,8.0,Feminino,2022,8.244,Topazio,9.5,7.3,8.1,9.1,,8.167,10.0,9.3,8.9,,0,0.0,0.0,0,Adequado,0.0
RA-729,2022,0,8.0,Feminino,2022,8.155,Topazio,10.0,8.7,8.1,8.1,,7.25,10.0,8.5,7.8,,0,0.0,0.0,0,Adequado,0.0
RA-729,2023,0,,Feminino,2022,7.26545,Ametista,8.0,9.1,3.77,8.6,6.5625,7.01,5.0,8.2,8.9,,-1,,,0,Defasagem leve,1.0
RA-729,2024,0,10.0,Feminino,2022,6.684533333300001,Agata,8.002,8.4166666665,2.51,6.0,7.5,7.5,5.0,6.0,6.0,,-1,,,0,Defasagem leve,2.0
RA-73,2022,5,17.0,Feminino,2022,5.271,Quartzo,7.1,3.0,7.5,3.3,,7.278,5.0,4.5,3.0,2.3,-2,0.0,1.0,1,Defasagem moderada/severa,0.0
RA-730,2022,0,10.0,Feminino,2021,7.902,Ametista,10.0,8.2,8.8,8.3,,8.25,5.0,8.7,8.0,,-2,0.0,0.0,1,Defasagem moderada/severa,1.0
RA-730,2023,1,10.0,Feminino,2021,7.979325,Ametista,10.0,8.7,5.02,7.8,9.53125,8.67,5.0,7.8,7.7,,-1,,,0,Defasagem leve,2.0
RA-730,2024,2,11.0,Feminino,2021,8.469255555700002,Topazio,8.002,7.152777778,6.885,9.5,9.166666667,8.666666667,10.0,10.0,9.0,,0,,,0,Adequado,3.0
RA-731,2022,0,10.0,Feminino,2019,7.151,Ametista,9.0,8.5,6.9,7.3,,7.083,5.0,7.3,7.2,,-2,0.0,0.0,1,Defasagem moderada/severa,3.0
RA-731,2023,1,11.0,Feminino,2019,6.7742,Agata,8.5,7.6,3.14,6.8,7.5,7.45,5.0,6.2,7.3,,-1,,,0,Defasagem leve,4.0
RA-731,2024,2,12.0,Feminino,2021,4.7704873377000006,Quartzo,9.502,4.188311688500001,4.375,2.5,5.78125,4.835,5.0,0.0,5.0,,-1,,,0,Defasagem leve,3.0
RA-732,2022,0,9.0,Masculino,2022,7.347,Ametista,9.0,7.9,8.8,7.2,,7.5,5.0,7.5,6.8,,-1,0.0,0.0,0,Defasagem leve,0.0
RA-733,2022,0,9.0,Feminino,2022,6.684,Agata,9.5,8.5,5.6,5.1,,6.917,5.0,6.0,4.2,,-1,0.0,0.0,0,Defasagem leve,0.0
RA-733,2023,1,9.0,Feminino,2022,8.3342,Topazio,10.0,8.7,7.52,6.2,8.333333333,8.893333333,10.0,4.3,8.0,,0,,,0,Adequado,1.0
RA-733,2024,1,10.0,Feminino,2022,8.808825,Topazio,10.0,10.0,7.51,9.25,8.90625,9.085,5.0,9.0,9.5,,-1,,,0,Defasagem leve,2.0
RA-734,2022,0,10.0,Feminino,2022,6.952,Agata,9.5,7.2,5.6,7.3,,7.417,5.0,8.0,6.5,,-2,0.0,0.0,1,Defasagem moderada/severa,0.0
RA-734,2023,1,11.0,Feminino,2022,7.305908333,Ametista,8.5,8.0,7.52,6.9,7.34375,7.446666667,5.0,6.8,7.0,,-1,,,0,Defasagem leve,1.0
RA-735,2022,0,10.0,Feminino,2021,7.485,Ametista,9.0,9.0,5.6,7.3,,8.583,5.0,7.8,6.7,,-2,1.0,0.0,1,Defasagem moderada/severa,1.0
RA-735,2023,1,11.0,Feminino,2021,7.184,Ametista,0.0,9.0,7.52,8.1,8.333333333,8.393333333,5.0,7.7,8.5,,-1,,,0,Defasagem leve,2.0
RA-735,2024,2,12.0,Feminino,2021,7.7888467391,Ametista,8.002,9.782608695499999,6.255,8.0,7.65625,7.705,5.0,8.0,8.0,,-1,,,0,Defasagem leve,3.0
RA-736,2022,0,10.0,Masculino,2022,6.707,Agata,9.0,8.5,5.6,5.4,,7.0,5.0,4.7,6.2,,-2,0.0,0.0,1,Defasagem moderada/severa,0.0
RA-736,2023,1,10.0,Masculino,2022,7.600033333,Ametista,8.5,9.5,6.27,6.7,7.708333333,8.11,5.0,4.8,8.5,,-1,,,0,Defasagem leve,1.0
RA-737,2022,0,9.0,Feminino,2022,8.058,Ametista,9.5,9.2,5.6,9.0,,9.167,5.0,8.5,9.5,,-1,1.0,0.0,0,Defasagem leve,0.0
RA-737,2023,1,9.0,Feminino,2022,8.048033333,Topazio,9.5,7.8,7.52,7.5,7.291666667,7.783333333,10.0,7.0,8.0,,0,,,0,Adequado,1.0
RA-737,2024,2,11.0,Feminino,2022,8.4695488613,Topazio,8.502,8.6542443065,6.885,9.25,7.5,8.0,10.0,9.0,9.5,,0,,,0,Adequado,2.0
RA-738,2022,0,8.0,Feminino,2022,7.227,Ametista,8.5,8.1,5.6,5.7,,7.5,10.0,7.7,3.7,,0,0.0,0.0,0,Adequado,0.0
RA-738,2023,1,,Feminino,2022,8.123283333,Topazio,8.0,9.3,7.52,6.0,8.4375,8.336666667,10.0,4.2,7.8,,0,,,0,Adequado,1.0
RA-738,2024,1,10.0,Feminino,2022,7.2626980238,Ametista,10.0,7.292490119,6.885,7.25,6.875,7.39,5.0,7.5,7.0,,-1,,,0,Defasagem leve,2.0
RA-739,2022,0,8.0,Masculino,2022,6.82,Agata,6.4,7.3,5.6,5.9,,7.083,10.0,6.0,5.8,,0,0.0,0.0,0,Adequado,0.0
RA-739,2023,0,9.0,Masculino,2022,7.5972,Ametista,9.0,8.3,7.52,7.6,6.25,8.25,5.0,7.3,7.8,,-1,,,0,Defasagem leve,1.0
RA-74,2022,5,16.0,Masculino,2022,4.989,Quartzo,9.6,3.3,7.5,2.0,,5.833,5.0,6.0,0.0,0.0,-1,0.0,0.0,0,Defasagem leve,0.0
RA-740,2022,0,9.0,Feminino,2022,7.218,Ametista,8.5,9.0,5.6,7.2,,7.5,5.0,7.3,7.0,,-1,0.0,0.0,0,Defasagem leve,0.0
RA-740,2023,0,10.0,Feminino,2022,7.2845,Ametista,0.0,8.7,7.52,9.1,6.875,8.925,5.0,9.0,9.2,,-2,,,1,Defasagem moderada/severa,1.0
RA-740,2024,1,11.0,Feminino,2022,8.1611005269,Topazio,9.002,9.555335968,7.51,8.0,8.541666667,8.223333333,5.0,8.0,8.0,,-1,,,0,Defasagem leve,2.0
RA-741,2022,0,10.0,Feminino,2022,6.896,Agata,9.5,8.4,5.6,6.3,,7.417,5.0,7.3,5.2,,-2,0.0,0.0,1,Defasagem moderada/severa,0.0
RA-741,2023,0,11.0,Feminino,2022,6.2707,Agata,9.5,6.9,4.39,5.1,5.625,7.095,5.0,4.2,6.0,,-2,,,1,Defasagem moderada/severa,1.0
RA-741,2024,1,12.0,Feminino,2022,5.0795885374,Quartzo,8.418,5.2964426875,5.005,3.75,5.833333333,4.223333333,5.0,3.5,4.0,,-1,,,0,Defasagem leve,2.0
RA-742,2022,0,9.0,Feminino,2022,7.097,Ametista,8.5,8.7,5.0,7.3,,7.5,5.0,8.3,6.2,,-1,0.0,0.0,0,Defasagem leve,0.0
RA-742,2023,0,10.0,Feminino,2022,7.024,Ametista,0.0,7.6,7.52,7.5,7.5,10.0,5.0,6.2,8.8,,-2,,,1,Defasagem moderada/severa,1.0
RA-743,2022,0,9.0,Feminino,2022,6.672,Agata,10.0,7.9,5.6,4.8,,7.5,5.0,4.8,4.8,,-1,0.0,0.0,0,Defasagem leve,0.0
RA-743,2023,0,10.0,Feminino,2022,6.659,Agata,0.0,9.1,3.77,7.1,7.5,9.01,5.0,7.3,6.8,,-2,,,1,Defasagem moderada/severa,1.0
RA-743,2024,1,11.0,Feminino,2022,7.655745454500001,Ametista,9.002,9.2727272725,7.51,7.0,7.5,7.5,5.0,6.5,7.5,,-1,,,0,Defasagem leve,2.0
RA-744,2022,0,8.0,Feminino,2022,7.742,Ametista,9.5,9.7,5.6,6.2,,7.5,10.0,6.0,6.3,,0,0.0,0.0,0,Adequado,0.0
RA-745,2022,0,9.0,Masculino,2021,7.382,Ametista,9.0,8.5,5.6,8.1,,7.75,5.0,8.5,7.7,,-1,0.0,0.0,0,Defasagem leve,1.0
RA-745,2023,1,,Masculino,2021,7.668366667,Ametista,9.5,9.3,3.77,7.0,8.125,8.893333333,5.0,5.7,8.2,,-1,,,0,Defasagem leve,2.0
RA-745,2024,2,11.0,Masculino,2021,8.6102,Topazio,9.002,10.0,6.26,8.5,7.5,8.17,10.0,8.0,9.0,,0,,,0,Adequado,3.0
RA-746,2022,0,8.0,Masculino,2022,7.656,Ametista,8.0,9.1,5.6,7.2,,7.417,10.0,7.7,6.7,,0,0.0,0.0,0,Adequado,0.0
RA-746,2023,1,,Masculino,2022,6.517166667,Agata,0.0,8.0,3.77,7.2,6.875,7.113333333,10.0,6.0,8.3,,0,,,0,Adequado,1.0
RA-746,2024,2,10.0,Masculino,2022,7.903311111100001,Ametista,8.502,7.4305555555,7.51,8.0,7.5,7.33,10.0,8.0,8.0,,0,,,0,Adequado,2.0
RA-747,2022,0,11.0,Feminino,2022,7.676,Ametista,10.0,7.6,7.5,8.8,,7.917,5.0,8.2,9.4,,-2,0.0,1.0,1,Defasagem moderada/severa,0.0
RA-747,2023,1,11.0,Feminino,2022,6.026366667,Agata,10.0,8.0,3.14,3.1,6.041666667,6.94,5.0,1.2,5.0,,-1,,,0,Defasagem leve,1.0
RA-747,2024,1,12.0,Feminino,2022,5.8450809523,Quartzo,10.0,8.095238095,5.005,2.25,7.083333333,5.335,5.0,4.5,0.0,,-2,,,1,Defasagem moderada/severa,2.0
RA-748,2022,0,9.0,Masculino,2022,8.084,Topazio,10.0,9.0,7.5,9.1,,8.25,5.0,9.6,8.6,,-1,0.0,1.0,0,Defasagem leve,0.0
RA-748,2023,0,,Masculino,2022,8.7142,Topazio,9.5,9.7,7.52,9.1,7.5,10.0,5.0,9.0,9.2,,-2,,,1,Defasagem moderada/severa,1.0
RA-748,2024,1,11.0,Masculino,2021,8.2272,Topazio,9.502,10.0,7.51,7.75,8.75,8.005,5.0,7.5,8.0,,-1,,,0,Defasagem leve,3.0
RA-749,2022,0,9.0,Masculino,2022,7.484,Ametista,9.5,7.7,7.5,8.8,,7.25,5.0,9.5,8.1,,-1,0.0,0.0,0,Defasagem leve,0.0
RA-749,2023,0,9.0,Masculino,2022,7.7597,Ametista,10.0,9.0,7.52,7.3,5.625,8.425,5.0,7.3,7.3,,-1,,,0,Defasagem leve,1.0
RA-749,2024,0,10.0,Masculino,2022,8.3373184211,Topazio,9.502,9.7368421055,8.13,8.75,8.4375,7.665,5.0,10.0,7.5,,-2,,,1,Defasagem moderada/severa,2.0
RA-75,2022,5,16.0,Feminino,2022,3.915,Quartzo,5.4,3.8,6.3,0.0,,4.625,5.0,0.0,0.0,,-1,0.0,0.0,0,Defasagem leve,0.0
RA-750,2022,0,10.0,Masculino,2019,6.344,Agata,9.5,8.9,4.4,6.8,,5.167,5.0,7.1,6.4,,-2,0.0,0.0,1,Defasagem moderada/severa,3.0
RA-750,2023,0,,Masculino,2019,5.6857,Quartzo,9.5,7.7,3.14,3.4,4.375,6.32,5.0,3.3,3.5,,-2,,,1,Defasagem moderada/severa,4.0
RA-750,2024,1,12.0,Masculino,2021,4.542230369,Quartzo,6.249,5.938735178,4.38,3.75,4.0625,3.176666667,5.0,0.5,7.0,,-2,,,1,Defasagem moderada/severa,3.0
RA-751,2022,0,11.0,Masculino,2022,5.246,Quartzo,8.5,5.8,7.5,3.8,,6.167,5.0,2.7,4.9,,-2,0.0,0.0,1,Defasagem moderada/severa,0.0
RA-752,2022,0,11.0,Feminino,2022,8.197,Topazio,10.0,9.0,7.5,9.5,,8.417,5.0,9.6,9.4,,-2,1.0,1.0,1,Defasagem moderada/severa,0.0
RA-752,2023,1,11.0,Feminino,2022,8.073825,Topazio,9.5,9.9,7.52,6.4,7.65625,9.23,5.0,4.8,8.0,,-1,,,0,Defasagem leve,1.0
RA-752,2024,2,12.0,Feminino,2022,6.57279265,Agata,9.502,7.525879916999999,7.51,5.75,5.9375,5.613333333,5.0,7.0,4.5,,-1,,,0,Defasagem leve,2.0
RA-753,2022,0,8.0,Feminino,2022,8.481,Topazio,9.5,8.6,7.5,9.1,,8.417,10.0,9.4,8.8,,0,1.0,1.0,0,Adequado,0.0
RA-753,2023,0,,Feminino,2022,8.6672,Topazio,9.0,9.9,7.52,9.0,7.5,9.925,5.0,9.0,9.0,,-1,,,0,Defasagem leve,1.0
RA-753,2024,1,10.0,Feminino,2022,8.2450571429,Topazio,10.0,9.047619048,7.51,8.5,8.333333333,8.255,5.0,9.0,8.0,,-1,,,0,Defasagem leve,2.0
RA-754,2022,0,9.0,Masculino,2022,6.602,Agata,10.0,5.8,4.4,7.9,,6.917,5.0,7.8,8.1,,-1,0.0,0.0,0,Defasagem leve,0.0
RA-754,2023,0,,Masculino,2022,6.0537,Agata,9.5,6.1,2.52,5.6,6.875,6.67,5.0,5.7,5.4,,-2,,,1,Defasagem moderada/severa,1.0
RA-754,2024,0,11.0,Masculino,2022,5.6127,Quartzo,8.502,6.25,5.625,6.25,2.5,4.75,5.0,6.0,6.5,,-2,,,1,Defasagem moderada/severa,2.0
RA-755,2022,0,8.0,Masculino,2022,8.566,Topazio,9.5,9.2,6.9,9.5,,8.083,10.0,9.8,9.3,,0,0.0,1.0,0,Adequado,0.0
RA-755,2023,0,9.0,Masculino,2022,8.7442,Topazio,10.0,9.5,7.52,9.2,7.5,10.0,5.0,9.2,9.2,,-1,,,0,Defasagem leve,1.0
RA-755,2024,1,10.0,Masculino,2022,8.925450000000001,Topazio,10.0,10.0,7.51,9.75,9.0625,9.09,5.0,10.0,9.5,,-1,,,0,Defasagem leve,2.0
RA-756,2022,0,9.0,Masculino,2022,6.976,Agata,10.0,7.9,7.5,5.7,,7.25,5.0,5.6,5.8,,-1,0.0,0.0,0,Defasagem leve,0.0
RA-756,2023,0,,Masculino,2022,7.0927,Ametista,10.0,8.7,7.52,6.1,5.625,6.59,5.0,5.4,6.8,,-2,,,1,Defasagem moderada/severa,1.0
RA-756,2024,0,11.0,Masculino,2022,7.361700000000001,Ametista,10.0,8.75,7.51,5.5,8.125,7.24,5.0,10.0,1.0,,-2,,,1,Defasagem moderada/severa,2.0
RA-757,2022,0,9.0,Feminino,2022,8.26,Topazio,9.5,9.3,7.5,9.7,,8.5,5.0,9.9,9.6,,-1,1.0,1.0,0,Defasagem leve,0.0
RA-757,2023,0,10.0,Feminino,2022,8.6742,Topazio,9.0,9.6,7.52,9.3,7.5,10.0,5.0,9.5,9.0,,-2,,,1,Defasagem moderada/severa,1.0
RA-757,2024,1,11.0,Feminino,2022,7.938842857200001,Ametista,9.502,9.285714286000001,7.51,7.0,8.125,8.34,5.0,6.5,7.5,,-1,,,0,Defasagem leve,2.0
RA-758,2022,0,9.0,Masculino,2022,7.911,Ametista,9.0,9.1,7.5,8.1,,8.333,5.0,8.0,8.2,,-1,0.0,0.0,0,Defasagem leve,0.0
RA-759,2022,0,10.0,Feminino,2021,7.563,Ametista,9.0,8.6,7.5,7.5,,7.833,5.0,8.3,6.7,,-2,0.0,0.0,1,Defasagem moderada/severa,1.0
RA-76,2022,5,15.0,Feminino,2017,9.105,Topazio,10.0,9.1,8.1,8.7,,9.292,10.0,9.3,8.3,8.4,0,1.0,0.0,0,Adequado,5.0
RA-76,2023,7,15.0,Feminino,2017,,,10.0,,2.52,,,,10.0,,,,2,,,0,Adiantado,6.0
RA-76,2024,7,16.0,Feminino,2021,8.152033333333334,Topazio,10.0,9.0,6.885,7.066666666666666,7.5,7.5,10.0,7.3,7.8,6.1,2,,,0,Adiantado,3.0
RA-760,2022,0,11.0,Masculino,2021,8.172,Topazio,9.0,9.2,7.5,8.8,,8.917,5.0,9.3,8.2,,-2,1.0,0.0,1,Defasagem moderada/severa,1.0
RA-760,2023,2,,Masculino,2021,6.548333333,Agata,0.0,8.8,7.52,6.3,7.083333333,7.84,5.0,5.8,6.8,,-1,,,0,Defasagem leve,2.0
RA-760,2024,3,13.0,Masculino,2021,6.942581818200001,Agata,9.168,7.090909091,7.51,5.0,6.25,6.158,10.0,2.5,3.5,9.0,0,,,0,Adequado,3.0
RA-761,2022,0,9.0,Masculino,2022,8.06,Topazio,10.0,9.4,7.5,8.2,,8.25,5.0,8.8,7.5,,-1,0.0,0.0,0,Defasagem leve,0.0
RA-761,2023,1,10.0,Masculino,2022,8.219533333,Topazio,9.0,9.7,7.52,8.4,8.333333333,8.12,5.0,8.7,8.0,,-1,,,0,Defasagem leve,1.0
RA-761,2024,2,11.0,Masculino,2022,8.174593939300001,Topazio,8.502,8.8636363635,6.26,7.25,8.75,8.003333333,10.0,8.0,6.5,,0,,,0,Adequado,2.0
RA-762,2022,0,12.0,Masculino,2022,7.28,Ametista,10.0,9.7,7.5,6.7,,7.083,2.5,7.3,6.0,,-3,0.0,0.0,1,Defasagem moderada/severa,0.0
RA-762,2023,1,13.0,Masculino,2022,7.09945,Ametista,10.0,9.1,3.14,5.8,7.8125,7.67,5.0,6.2,5.3,,-2,,,1,Defasagem moderada/severa,1.0
RA-762,2024,2,14.0,Masculino,2022,5.9677326087,Quartzo,10.0,6.4239130435,6.26,3.75,6.5625,5.7525,5.0,4.0,3.5,,-2,,,1,Defasagem moderada/severa,2.0
RA-763,2022,0,10.0,Feminino,2021,7.402,Ametista,9.5,9.7,7.5,6.5,,7.167,5.0,6.3,6.7,,-2,0.0,0.0,1,Defasagem moderada/severa,1.0
RA-763,2023,0,10.0,Feminino,2021,6.7215,Agata,0.0,9.2,3.14,7.9,6.875,9.0,5.0,7.8,8.0,,-2,,,1,Defasagem moderada/severa,2.0
RA-763,2024,1,11.0,Feminino,2021,6.984760606,Agata,9.002,8.8636363635,6.26,5.25,7.708333333,6.825,5.0,6.5,4.0,,-1,,,0,Defasagem leve,3.0
RA-764,2022,0,8.0,Masculino,2022,8.004,Ametista,9.0,8.8,7.5,7.5,,7.667,10.0,7.2,7.8,,0,0.0,0.0,0,Adequado,0.0
RA-764,2023,1,,Masculino,2022,7.682125,Ametista,0.0,9.2,7.52,7.8,8.28125,8.56,10.0,6.0,9.5,,0,,,0,Adequado,1.0
RA-764,2024,2,10.0,Masculino,2022,7.838370289900001,Ametista,8.002,7.8804347825,7.51,6.0,8.4375,8.336666667,10.0,3.0,9.0,,0,,,0,Adequado,2.0
RA-765,2022,0,9.0,Masculino,2022,6.902,Agata,8.5,9.3,7.5,4.3,,7.417,5.0,5.0,3.7,,-1,0.0,0.0,0,Defasagem leve,0.0
RA-766,2022,0,11.0,Feminino,2020,8.185,Topazio,10.0,9.5,7.5,8.7,,8.333,5.0,8.5,8.8,,-2,0.0,0.0,1,Defasagem moderada/severa,2.0
RA-766,2023,1,11.0,Feminino,2020,8.008408333,Topazio,10.0,8.7,4.39,8.7,9.21875,8.336666667,5.0,9.2,8.2,,-1,,,0,Defasagem leve,3.0
RA-767,2022,0,10.0,Masculino,2021,7.511,Ametista,9.5,9.0,7.5,7.0,,7.583,5.0,7.3,6.7,,-2,0.0,0.0,1,Defasagem moderada/severa,1.0
RA-767,2023,1,11.0,Masculino,2021,7.3807,Ametista,10.0,8.3,7.52,6.3,7.291666667,7.446666667,5.0,6.5,6.0,,-1,,,0,Defasagem leve,2.0
RA-767,2024,1,12.0,Masculino,2021,8.131890476200002,Topazio,9.502,9.0476190475,7.51,8.25,8.541666667,8.085,5.0,8.5,8.0,,-2,,,1,Defasagem moderada/severa,3.0
RA-768,2022,0,10.0,Feminino,2021,7.646,Ametista,9.0,10.0,7.5,7.1,,7.583,5.0,7.0,7.2,,-2,0.0,0.0,1,Defasagem moderada/severa,1.0
RA-768,2023,0,,Feminino,2021,8.4042,Topazio,10.0,9.1,7.52,7.9,7.5,10.0,5.0,8.0,7.8,,-2,,,1,Defasagem moderada/severa,2.0
RA-768,2024,1,12.0,Feminino,2021,7.0345379447,Ametista,9.002,7.9841897235,6.26,5.5,8.125,7.495,5.0,6.0,5.0,,-1,,,0,Defasagem leve,3.0
RA-769,2022,0,9.0,Feminino,2022,7.598,Ametista,10.0,7.5,7.5,7.9,,8.5,5.0,9.6,6.2,,-1,1.0,1.0,0,Defasagem leve,0.0
RA-769,2023,0,10.0,Feminino,2022,7.85345,Ametista,10.0,9.3,3.77,8.0,7.8125,8.675,5.0,8.2,7.8,,-2,,,1,Defasagem moderada/severa,1.0
RA-769,2024,1,11.0,Feminino,2022,7.099342857200002,Ametista,10.0,5.9523809525,7.51,6.0,7.916666667,8.33,5.0,6.0,6.0,,-1,,,0,Defasagem leve,2.0
RA-77,2022,5,16.0,Masculino,2019,3.846,Quartzo,7.1,2.7,5.0,0.7,,4.625,5.0,0.3,1.8,0.0,-1,0.0,0.0,0,Defasagem leve,3.0
RA-770,2022,0,7.0,Masculino,2022,8.143,Topazio,9.5,8.9,7.5,8.3,,7.333,10.0,8.5,8.1,,0,0.0,0.0,0,Adequado,0.0
RA-770,2023,0,,Masculino,2022,6.6785,Agata,0.0,8.3,3.77,5.9,6.875,8.92,10.0,6.0,5.7,,0,,,0,Adequado,1.0
RA-770,2024,0,9.0,Masculino,2022,7.3057112782,Ametista,10.0,9.022556391,7.51,5.0,7.5,7.5,5.0,4.0,6.0,,-1,,,0,Defasagem leve,2.0
RA-771,2022,0,7.0,Feminino,2022,7.873,Ametista,10.0,8.3,7.5,7.0,,7.5,10.0,7.2,6.9,,0,0.0,0.0,0,Adequado,0.0
RA-771,2023,0,,Feminino,2022,7.056,Ametista,0.0,8.8,3.14,8.2,6.25,8.585,10.0,8.2,8.2,,0,,,0,Adequado,1.0
RA-771,2024,0,9.0,Feminino,2022,6.066009523800001,Agata,8.502,6.619047619,3.135,6.5,5.625,6.08,5.0,6.5,6.5,,-1,,,0,Defasagem leve,2.0
RA-772,2022,0,11.0,Masculino,2021,6.994,Agata,9.0,5.4,7.5,9.2,,7.25,5.0,9.3,9.2,,-2,0.0,0.0,1,Defasagem moderada/severa,1.0
RA-772,2023,1,12.0,Masculino,2021,5.930166667,Quartzo,0.0,7.2,7.52,4.8,6.875,8.003333333,5.0,5.2,4.3,,-2,,,1,Defasagem moderada/severa,2.0
RA-773,2022,0,9.0,Feminino,2022,6.922,Agata,10.0,6.8,5.0,8.1,,7.083,5.0,9.3,6.8,,-1,0.0,0.0,0,Defasagem leve,0.0
RA-773,2023,0,9.0,Feminino,2022,6.9287,Agata,10.0,7.5,2.52,7.9,5.625,7.67,5.0,8.0,7.8,,-1,,,0,Defasagem leve,1.0
RA-773,2024,0,10.0,Feminino,2022,6.566200000000001,Agata,10.0,8.75,2.51,5.0,7.5,6.575,5.0,8.0,2.0,,-2,,,1,Defasagem moderada/severa,2.0
RA-774,2022,0,8.0,Feminino,2022,7.587,Ametista,10.0,7.8,7.5,6.1,,7.417,10.0,7.8,4.4,,0,0.0,0.0,0,Adequado,0.0
RA-774,2023,0,,Feminino,2022,5.852,Quartzo,0.0,9.5,3.14,6.9,5.0,6.34,5.0,7.7,6.0,,-1,,,0,Defasagem leve,1.0
RA-774,2024,0,10.0,Feminino,2022,5.685771428600001,Quartzo,10.0,6.3928571430000005,2.51,3.75,6.25,6.405,5.0,2.0,5.5,,-1,,,0,Defasagem leve,2.0
RA-775,2022,0,10.0,Masculino,2021,5.79,Quartzo,7.9,5.7,4.4,5.7,,6.417,5.0,5.5,5.8,,-2,0.0,0.0,1,Defasagem moderada/severa,1.0
RA-776,2022,0,9.0,Feminino,2022,3.898,Quartzo,0.0,4.3,4.4,1.7,,6.333,5.0,0.0,3.3,,-1,0.0,0.0,0,Defasagem leve,0.0
RA-776,2023,1,,Feminino,2022,5.567916667,Quartzo,0.0,7.0,7.52,3.5,7.8125,7.223333333,5.0,4.2,2.7,,-1,,,0,Defasagem leve,1.0
RA-776,2024,1,11.0,Feminino,2022,5.178509523800001,Quartzo,7.917,5.9523809525,5.63,0.0,8.333333333,6.5,5.0,0.0,0.0,,-1,,,0,Defasagem leve,2.0
RA-777,2022,0,8.0,Masculino,2022,7.096,Ametista,8.0,7.7,7.5,5.3,,7.0,10.0,6.5,4.0,,0,0.0,0.0,0,Adequado,0.0
RA-777,2023,1,,Feminino,2022,7.468125,Ametista,0.0,9.3,7.52,6.3,8.28125,8.84,10.0,5.3,7.3,,0,,,0,Adequado,1.0
RA-777,2024,2,10.0,Feminino,2022,7.563515408100001,Ametista,8.002,8.7757437075,7.51,4.5,8.125,7.723333333,10.0,3.5,5.5,,0,,,0,Adequado,2.0
RA-778,2022,0,9.0,Feminino,2021,7.432,Ametista,10.0,6.7,7.5,7.1,,8.833,5.0,6.0,8.2,,-1,1.0,0.0,0,Defasagem leve,1.0
RA-778,2023,1,,Feminino,2021,7.926825,Ametista,8.5,7.9,7.52,8.2,8.90625,8.62,5.0,7.3,9.0,,-1,,,0,Defasagem leve,2.0
RA-778,2024,2,11.0,Feminino,2021,8.0754139589,Topazio,10.0,8.1235697945,7.51,7.0,7.5,7.7475,10.0,5.0,9.0,,0,,,0,Adequado,3.0
RA-779,2022,0,10.0,Masculino,2022,5.702,Quartzo,9.5,5.0,7.5,2.6,,7.083,5.0,2.2,3.0,,-2,0.0,0.0,1,Defasagem moderada/severa,0.0
RA-78,2022,5,17.0,Masculino,2018,7.04,Ametista,8.3,6.6,5.6,7.2,,8.0,5.0,8.7,5.7,7.3,-2,0.0,0.0,1,Defasagem moderada/severa,4.0
RA-78,2023,6,,Feminino,2018,6.434625,Agata,0.0,7.7,6.26,6.7,8.28125,8.0025,5.0,8.5,4.8,6.8,-2,,,1,Defasagem moderada/severa,5.0
RA-78,2024,7,19.0,Feminino,2021,8.1780308688,Topazio,8.751,8.028404344,8.755,7.5,8.4375,7.39,10.0,6.5,6.0,10.0,0,,,0,Adequado,3.0
RA-780,2022,0,9.0,Feminino,2022,6.955,Agata,8.0,7.6,7.5,6.9,,7.167,5.0,6.3,7.5,,-1,0.0,0.0,0,Defasagem leve,0.0
RA-780,2023,0,10.0,Feminino,2022,7.7842,Ametista,9.5,8.8,3.14,8.3,8.75,8.675,5.0,8.0,8.5,,-2,,,1,Defasagem moderada/severa,1.0
RA-780,2024,1,11.0,Feminino,2022,7.7430333333,Ametista,9.502,10.0,5.63,6.0,8.958333333,8.17,5.0,6.0,6.0,,-1,,,0,Defasagem leve,2.0
RA-781,2022,0,9.0,Feminino,2021,7.786,Ametista,10.0,8.9,7.5,8.3,,7.75,5.0,8.0,8.5,,-1,0.0,0.0,0,Defasagem leve,1.0
RA-781,2023,1,10.0,Feminino,2021,8.209283333,Topazio,7.5,9.8,7.52,7.9,8.4375,9.116666667,5.0,7.0,8.8,,-1,,,0,Defasagem leve,2.0
RA-781,2024,2,11.0,Feminino,2021,8.496283333400001,Topazio,8.002,9.75,7.51,7.25,8.4375,8.506666667,10.0,5.0,9.5,,0,,,0,Adequado,3.0
RA-782,2022,0,8.0,Masculino,2022,7.485,Ametista,9.5,8.4,7.5,6.0,,7.0,10.0,5.7,6.3,,0,0.0,0.0,0,Adequado,0.0
RA-782,2023,0,9.0,Masculino,2022,7.6812,Ametista,8.5,9.8,2.52,7.5,7.5,9.345,5.0,8.3,6.7,,-1,,,0,Defasagem leve,1.0
RA-782,2024,1,10.0,Masculino,2022,8.1896285714,Topazio,9.502,7.8571428569999995,7.51,7.75,7.5,8.085,10.0,7.5,8.0,,0,,,0,Adequado,2.0
RA-783,2022,0,8.0,Masculino,2021,6.996,Agata,9.5,5.8,7.5,6.0,,6.917,10.0,4.7,7.3,,0,0.0,0.0,0,Adequado,1.0
RA-783,2023,0,,Masculino,2021,7.2922,Ametista,9.5,6.8,3.77,8.9,7.5,7.925,5.0,9.0,8.7,,-1,,,0,Defasagem leve,2.0
RA-784,2022,0,9.0,Masculino,2022,8.34,Topazio,9.5,10.0,7.5,8.2,,9.25,5.0,7.8,8.5,,-1,1.0,0.0,0,Defasagem leve,0.0
RA-784,2023,1,10.0,Feminino,2022,8.171366667,Topazio,10.0,9.5,7.52,7.3,8.125,8.783333333,5.0,6.5,8.0,,-1,,,0,Defasagem leve,1.0
RA-784,2024,2,11.0,Feminino,2022,8.8857454545,Topazio,8.002,9.7727272725,5.635,8.75,9.375,9.4,10.0,8.0,9.5,,0,,,0,Adequado,2.0
RA-785,2022,0,9.0,Feminino,2022,7.642,Ametista,9.0,8.6,7.5,8.4,,7.667,5.0,8.8,8.0,,-1,0.0,0.0,0,Defasagem leve,0.0
RA-785,2023,1,10.0,Feminino,2022,8.137866667,Topazio,9.0,8.5,7.52,8.8,7.916666667,8.67,5.0,8.2,9.4,,-1,,,0,Defasagem leve,1.0
RA-785,2024,2,11.0,Feminino,2022,9.1548666666,Topazio,9.502,10.0,7.51,9.0,8.75,8.893333333,10.0,8.0,10.0,,0,,,0,Adequado,2.0
RA-786,2022,0,11.0,Masculino,2019,7.004,Agata,9.0,9.5,5.6,6.1,,7.167,5.0,6.3,5.8,,-2,0.0,0.0,1,Defasagem moderada/severa,3.0
RA-787,2022,0,8.0,Masculino,2022,7.205,Ametista,8.5,9.5,7.5,3.4,,7.25,10.0,4.2,2.7,,0,0.0,0.0,0,Adequado,0.0
RA-787,2023,0,,Masculino,2022,7.5227,Ametista,9.0,9.8,7.52,5.9,5.625,8.34,5.0,6.0,5.8,,-1,,,0,Defasagem leve,1.0
RA-787,2024,0,10.0,Masculino,2022,7.73495,Ametista,9.002,9.75,7.51,7.25,7.1875,7.325,5.0,10.0,4.5,,-1,,,0,Defasagem leve,2.0
RA-788,2022,0,8.0,Masculino,2021,8.264,Topazio,10.0,9.3,5.6,8.0,,8.667,10.0,7.8,8.2,,0,1.0,0.0,0,Adequado,1.0
RA-788,2023,1,,Masculino,2021,7.806091667,Ametista,7.9,9.8,2.52,6.9,7.65625,8.283333333,10.0,6.0,7.8,,0,,,0,Adequado,2.0
RA-788,2024,2,10.0,Masculino,2021,7.9221068268,Ametista,8.418,9.519450801,6.26,5.75,8.4375,7.783333333,10.0,4.0,7.5,,0,,,0,Adequado,3.0
RA-789,2022,0,7.0,Feminino,2022,7.405,Ametista,9.0,9.4,7.5,4.2,,7.417,10.0,3.7,4.7,,0,0.0,0.0,0,Adequado,0.0
RA-789,2023,0,8.0,Feminino,2022,7.974,Ametista,0.0,9.5,7.52,7.9,7.5,10.0,10.0,8.5,7.2,,0,,,0,Adequado,1.0
RA-789,2024,1,9.0,Feminino,2022,8.0443904763,Topazio,9.002,9.047619048,7.51,5.25,9.166666667,8.085,10.0,5.5,5.0,,0,,,0,Adequado,2.0
RA-79,2022,5,16.0,Feminino,2018,6.847,Agata,5.4,6.3,5.6,8.9,,7.292,5.0,9.5,7.7,9.5,-1,0.0,0.0,0,Defasagem leve,4.0
RA-79,2023,6,,Feminino,2018,6.635883333,Agata,5.8,6.2,5.0,7.6,7.8125,7.59,5.0,6.0,7.7,9.0,-1,,,0,Defasagem leve,5.0
RA-790,2022,0,11.0,Feminino,2022,7.504,Ametista,9.0,8.9,7.5,7.8,,7.417,5.0,8.5,7.2,,-2,0.0,0.0,1,Defasagem moderada/severa,0.0
RA-790,2023,1,,Masculino,2022,6.707666667,Agata,0.0,8.1,7.52,7.4,7.083333333,8.286666667,5.0,7.2,7.5,,-2,,,1,Defasagem moderada/severa,1.0
RA-790,2024,2,13.0,Masculino,2022,6.8089355072,Agata,7.502,6.811594203,7.51,6.75,7.1875,6.883333333,5.0,4.0,9.5,,-1,,,0,Defasagem leve,2.0
RA-791,2022,0,11.0,Feminino,2022,7.507,Ametista,9.5,8.7,7.5,6.5,,8.5,5.0,6.3,6.7,,-2,1.0,0.0,1,Defasagem moderada/severa,0.0
RA-791,2023,1,,Feminino,2022,6.247916667,Agata,0.0,8.1,7.52,5.3,7.8125,7.723333333,5.0,6.0,4.5,,-2,,,1,Defasagem moderada/severa,1.0
RA-792,2022,0,9.0,Feminino,2022,7.025,Agata,9.5,8.0,7.5,6.2,,7.167,5.0,6.5,5.8,,-1,0.0,0.0,0,Defasagem leve,0.0
RA-792,2023,0,10.0,Feminino,2022,7.6267,Ametista,9.0,7.7,7.52,7.2,6.875,9.085,5.0,6.8,7.5,,-2,,,1,Defasagem moderada/severa,1.0
RA-792,2024,1,11.0,Feminino,2022,6.036012253,Agata,8.502,5.2865612650000005,7.51,3.25,8.125,7.075,5.0,6.5,0.0,,-1,,,0,Defasagem leve,2.0
RA-793,2022,0,10.0,Masculino,2022,6.894,Agata,9.5,7.6,7.5,6.0,,7.333,5.0,6.0,6.0,,-2,0.0,0.0,1,Defasagem moderada/severa,0.0
RA-794,2022,0,8.0,Feminino,2022,7.335,Ametista,9.5,8.9,7.5,4.1,,7.333,10.0,3.7,4.5,,0,0.0,0.0,0,Adequado,0.0
RA-794,2023,0,,Feminino,2022,7.9842,Ametista,9.0,9.2,7.52,6.2,7.5,10.0,5.0,5.2,7.2,,-1,,,0,Defasagem leve,1.0
RA-794,2024,1,10.0,Feminino,2022,7.145652380900001,Ametista,9.502,6.9047619045,7.51,3.0,8.125,8.255,10.0,6.0,0.0,,0,,,0,Adequado,2.0
RA-795,2022,0,8.0,Feminino,2022,8.064,Topazio,9.0,9.7,7.5,7.3,,7.333,10.0,8.0,6.5,,0,0.0,0.0,0,Adequado,0.0
RA-795,2023,0,9.0,Feminino,2022,8.4642,Topazio,9.0,9.6,7.52,8.2,7.5,10.0,5.0,8.7,7.7,,-1,,,0,Defasagem leve,1.0
RA-795,2024,1,10.0,Feminino,2022,8.441414285700002,Topazio,9.502,9.761904762,6.26,9.5,8.958333333,8.085,5.0,10.0,9.0,,-1,,,0,Defasagem leve,2.0
RA-796,2022,0,10.0,Feminino,2022,7.232,Ametista,9.5,9.3,7.5,5.4,,7.667,5.0,5.8,5.0,,-2,0.0,0.0,1,Defasagem moderada/severa,0.0
RA-796,2023,1,11.0,Feminino,2022,7.462866667,Ametista,9.0,9.8,6.27,5.5,7.083333333,8.336666667,5.0,5.0,6.0,,-1,,,0,Defasagem leve,1.0
RA-796,2024,2,12.0,Feminino,2022,7.052457703200001,Ametista,8.502,8.2212885155,7.51,5.25,7.916666667,7.326666667,5.0,3.0,7.5,,-1,,,0,Defasagem leve,2.0
RA-797,2022,0,10.0,Masculino,2021,7.217,Ametista,9.0,8.5,7.5,7.3,,7.5,5.0,8.2,6.5,,-2,0.0,0.0,1,Defasagem moderada/severa,1.0
RA-797,2023,1,11.0,Masculino,2021,7.373033333,Ametista,8.5,8.6,7.52,7.5,6.041666667,7.233333333,5.0,7.0,8.0,,-1,,,0,Defasagem leve,2.0
RA-797,2024,2,12.0,Masculino,2021,6.597315151500001,Agata,9.168,4.840909091,7.51,7.25,6.666666667,6.723333333,5.0,8.0,6.5,,-1,,,0,Defasagem leve,3.0
RA-798,2022,0,10.0,Masculino,2022,7.049,Ametista,8.0,8.3,7.5,6.3,,7.667,5.0,7.0,5.7,,-2,0.0,0.0,1,Defasagem moderada/severa,0.0
RA-798,2023,1,,Masculino,2022,7.018033333,Ametista,9.0,8.1,7.52,6.1,6.458333333,6.95,5.0,4.3,7.8,,-1,,,0,Defasagem leve,1.0
RA-798,2024,2,12.0,Masculino,2022,4.6743653679,Quartzo,6.834,3.5064935065,7.51,4.75,5.0,2.943333333,5.0,4.0,5.5,,-1,,,0,Defasagem leve,2.0
RA-799,2022,0,10.0,Feminino,2022,7.676,Ametista,8.0,9.6,7.5,7.8,,7.917,5.0,8.5,7.2,,-2,0.0,0.0,1,Defasagem moderada/severa,0.0
RA-799,2023,1,,Feminino,2022,8.061533333,Topazio,9.5,9.6,5.64,8.3,8.333333333,8.17,5.0,7.8,8.8,,-1,,,0,Defasagem leve,1.0
RA-799,2024,2,11.0,Feminino,2022,7.702648484900001,Ametista,7.918,9.090909091,7.51,5.25,7.916666667,7.5,10.0,5.0,5.5,,0,,,0,Adequado,2.0
RA-8,2022,7,20.0,Feminino,2018,4.786,Quartzo,7.1,4.6,6.3,1.6,,6.278,5.0,1.2,0.7,2.9,-1,0.0,0.0,0,Defasagem leve,4.0
RA-80,2022,5,16.0,Feminino,2017,7.29,Ametista,9.2,8.3,5.0,7.1,,7.625,5.0,6.5,7.7,7.3,-1,0.0,0.0,0,Defasagem leve,5.0
RA-80,2023,6,,Feminino,2017,7.252275,Ametista,8.3,8.4,6.89,6.3,7.96875,7.465,5.0,8.2,5.7,5.0,-1,,,0,Defasagem leve,6.0
RA-80,2024,7,18.0,Feminino,2021,8.131659175733333,Topazio,8.751,7.8961292116666675,8.13,7.0,8.75,7.946666667,10.0,5.0,6.0,10.0,0,,,0,Adequado,3.0
RA-800,2022,0,8.0,Masculino,2022,6.818,Agata,8.0,5.4,7.5,6.1,,7.5,10.0,6.3,5.8,,0,0.0,0.0,0,Adequado,0.0
RA-801,2022,0,9.0,Masculino,2022,6.644,Agata,7.0,6.6,7.5,6.8,,7.5,5.0,7.2,6.3,,-1,0.0,0.0,0,Defasagem leve,0.0
RA-801,2023,1,,Masculino,2022,6.8735,Agata,0.0,7.5,7.52,7.6,6.875,7.12,10.0,6.8,8.3,,0,,,0,Adequado,1.0
RA-801,2024,1,10.0,Masculino,2022,6.6752,Agata,9.002,5.75,7.51,8.0,6.25,5.745,5.0,7.0,9.0,,-1,,,0,Defasagem leve,2.0
RA-802,2022,0,9.0,Masculino,2021,7.831,Ametista,9.0,9.0,7.5,8.3,,8.333,5.0,9.0,7.5,,-1,0.0,0.0,0,Defasagem leve,1.0
RA-802,2023,1,10.0,Masculino,2021,8.126866667,Topazio,8.0,9.3,7.52,9.4,8.333333333,7.506666667,5.0,9.3,9.5,,-1,,,0,Defasagem leve,2.0
RA-802,2024,2,11.0,Masculino,2021,7.831797402499999,Ametista,7.502,7.012987013,7.51,8.75,8.333333333,6.723333333,10.0,9.0,8.5,,0,,,0,Adequado,3.0
RA-803,2022,0,10.0,Feminino,2022,6.98,Agata,10.0,7.2,7.5,6.3,,7.417,5.0,6.5,6.0,,-2,0.0,0.0,1,Defasagem moderada/severa,0.0
RA-804,2022,0,10.0,Masculino,2022,6.848,Agata,10.0,8.4,6.3,4.8,,7.667,5.0,5.5,4.0,,-2,0.0,0.0,1,Defasagem moderada/severa,0.0
RA-804,2023,1,11.0,Masculino,2022,7.2352,Ametista,10.0,8.6,6.27,6.9,5.833333333,7.173333333,5.0,6.2,7.5,,-1,,,0,Defasagem leve,1.0
RA-805,2022,0,8.0,Masculino,2021,8.279,Topazio,9.5,9.0,7.5,8.8,,7.333,10.0,8.7,8.9,,0,0.0,0.0,0,Adequado,1.0
RA-805,2023,0,9.0,Masculino,2021,6.492,Agata,0.0,9.1,7.52,6.8,6.25,7.175,5.0,6.8,6.8,,-1,,,0,Defasagem leve,2.0
RA-805,2024,1,10.0,Masculino,2021,6.9375869048,Agata,8.502,9.523809524,4.38,6.0,7.03125,6.7075,5.0,7.0,5.0,,-1,,,0,Defasagem leve,3.0
RA-806,2022,0,8.0,Masculino,2022,7.561,Ametista,9.5,7.3,7.5,6.6,,7.917,10.0,5.0,8.2,,0,0.0,0.0,0,Adequado,0.0
RA-806,2023,0,9.0,Masculino,2022,7.2937,Ametista,8.5,8.3,6.27,7.8,6.875,7.095,5.0,7.8,7.7,,-1,,,0,Defasagem leve,1.0
RA-806,2024,1,10.0,Masculino,2022,6.972777380900001,Agata,8.502,6.9047619045,7.51,6.75,7.65625,6.875,5.0,6.5,7.0,,-1,,,0,Defasagem leve,2.0
RA-807,2022,0,8.0,Masculino,2022,8.121,Topazio,9.5,8.7,6.3,9.0,,7.5,10.0,9.5,8.6,,0,0.0,0.0,0,Adequado,0.0
RA-807,2023,0,9.0,Masculino,2022,7.8632,Ametista,9.5,9.1,7.52,8.0,6.25,8.08,5.0,8.3,7.7,,-1,,,0,Defasagem leve,1.0
RA-807,2024,1,10.0,Masculino,2022,7.797628571400001,Ametista,9.002,7.8571428569999995,7.51,7.0,7.5,7.125,10.0,6.0,8.0,,0,,,0,Adequado,2.0
RA-808,2022,0,8.0,Masculino,2022,8.361,Topazio,10.0,9.1,6.3,9.3,,8.0,10.0,9.7,8.8,,0,0.0,0.0,0,Adequado,0.0
RA-808,2023,0,9.0,Masculino,2022,8.1932,Topazio,10.0,10.0,2.52,8.7,7.5,9.755,5.0,8.7,8.7,,-1,,,0,Defasagem leve,1.0
RA-808,2024,1,10.0,Masculino,2022,8.7897,Topazio,9.002,10.0,7.51,8.75,8.125,7.88,10.0,7.5,10.0,,0,,,0,Adequado,2.0
RA-809,2022,0,7.0,Masculino,2022,7.259,Ametista,10.0,6.6,6.3,6.3,,7.417,10.0,5.5,7.1,,0,0.0,0.0,0,Adequado,0.0
RA-81,2022,5,14.0,Feminino,2017,7.675,Ametista,9.2,9.2,5.0,6.0,,7.458,10.0,5.5,5.2,7.3,1,0.0,0.0,0,Adiantado,5.0
RA-81,2023,5,15.0,Feminino,2017,7.45425,Ametista,9.6,8.8,2.52,6.3,7.8125,7.2125,10.0,8.7,4.7,5.5,0,,,0,Adequado,6.0
RA-81,2024,6,16.0,Feminino,2021,8.256566666666668,Topazio,9.168,9.333333333333334,6.26,7.5,7.875,7.798,10.0,9.0,6.5,7.0,0,,,0,Adequado,3.0
RA-810,2022,0,8.0,Masculino,2021,7.887,Ametista,8.5,9.1,5.0,9.6,,7.25,10.0,9.7,9.5,,0,0.0,0.0,0,Adequado,1.0
RA-810,2023,1,9.0,Masculino,2021,7.782866667,Ametista,8.0,8.5,7.52,6.9,5.833333333,7.836666667,10.0,6.3,7.5,,0,,,0,Adequado,2.0
RA-810,2024,1,10.0,Masculino,2021,7.704770175400001,Ametista,7.502,9.4736842105,5.635,9.0,6.458333333,7.7525,5.0,8.0,10.0,,-1,,,0,Defasagem leve,3.0
RA-811,2022,0,9.0,Feminino,2021,6.575,Agata,8.9,5.7,5.6,7.3,,7.667,5.0,8.9,5.7,,-1,0.0,0.0,0,Defasagem leve,1.0
RA-812,2022,0,8.0,Masculino,2022,7.497,Ametista,9.0,8.1,5.6,7.4,,7.333,10.0,8.3,6.6,,0,0.0,0.0,0,Adequado,0.0
RA-812,2023,0,8.0,Masculino,2022,8.0357,Topazio,9.5,9.1,7.52,5.8,6.875,8.33,10.0,6.3,5.3,,0,,,0,Adequado,1.0
RA-813,2022,0,8.0,Masculino,2022,7.093,Ametista,9.5,6.5,6.9,6.0,,7.417,10.0,6.7,5.3,,0,0.0,0.0,0,Adequado,0.0
RA-813,2023,1,,Masculino,2022,7.5867,Ametista,9.5,8.4,7.52,3.9,8.125,8.06,10.0,2.3,5.5,,0,,,0,Adequado,1.0
RA-814,2022,0,9.0,Masculino,2022,7.592,Ametista,8.9,9.0,6.9,7.5,,8.417,5.0,7.8,7.2,,-1,1.0,0.0,0,Defasagem leve,0.0
RA-814,2023,1,10.0,Masculino,2022,8.367866667,Topazio,9.5,9.6,6.89,8.2,8.333333333,9.226666667,5.0,7.8,8.5,,-1,,,0,Defasagem leve,1.0
RA-814,2024,2,11.0,Masculino,2022,7.971648484800001,Ametista,7.418,9.090909091,7.51,7.5,7.5,7.053333333,10.0,8.0,7.0,,0,,,0,Adequado,2.0
RA-815,2022,0,9.0,Masculino,2022,6.81,Agata,10.0,7.9,5.6,6.5,,7.0,5.0,7.7,5.3,,-1,0.0,0.0,0,Defasagem leve,0.0
RA-815,2023,1,,Masculino,2022,6.122166667,Agata,0.0,8.6,5.02,6.5,6.875,7.063333333,5.0,7.0,6.0,,-1,,,0,Defasagem leve,1.0
RA-816,2022,0,9.0,Feminino,2022,8.513,Topazio,10.0,9.3,7.5,9.6,,9.417,5.0,9.5,9.7,,-1,1.0,1.0,0,Defasagem leve,0.0
RA-816,2023,1,,Feminino,2022,8.5572,Topazio,7.5,9.8,7.52,8.9,9.583333333,9.283333333,5.0,7.8,10.0,,-1,,,0,Defasagem leve,1.0
RA-816,2024,2,11.0,Feminino,2022,8.929745454599999,Topazio,7.002,9.7727272725,7.51,9.25,9.166666667,8.786666667,10.0,8.5,10.0,,0,,,0,Adequado,2.0
RA-817,2022,0,8.0,Feminino,2022,7.819,Ametista,10.0,8.7,6.3,7.1,,7.417,10.0,7.7,6.5,,0,0.0,0.0,0,Adequado,0.0
RA-817,2023,1,,Feminino,2022,7.8597,Ametista,9.5,8.8,6.89,5.4,8.125,7.89,10.0,5.0,5.7,,0,,,0,Adequado,1.0
RA-818,2022,0,7.0,Masculino,2022,7.483,Ametista,9.5,7.3,7.5,6.2,,7.5,10.0,6.5,5.8,,0,0.0,0.0,0,Adequado,0.0
RA-818,2023,1,,Masculino,2022,7.997366667,Ametista,10.0,8.4,7.52,6.2,8.125,7.613333333,10.0,5.5,6.8,,1,,,0,Adiantado,1.0
RA-819,2022,0,8.0,Masculino,2022,7.741,Ametista,10.0,7.9,7.5,7.3,,7.333,10.0,8.0,6.5,,0,0.0,0.0,0,Adequado,0.0
RA-819,2023,1,9.0,Masculino,2022,7.944833333,Ametista,0.0,8.3,7.52,9.5,8.541666667,8.893333333,10.0,9.7,9.3,,0,,,0,Adequado,1.0
RA-819,2024,2,10.0,Masculino,2022,8.652552484400001,Topazio,10.0,7.784679089,7.51,9.0,8.4375,8.503333333,10.0,8.0,10.0,,1,,,0,Adiantado,2.0
RA-82,2022,5,17.0,Feminino,2022,6.596,Agata,8.8,6.8,7.5,5.5,,6.417,5.0,6.0,5.0,,-2,0.0,1.0,1,Defasagem moderada/severa,0.0
RA-820,2022,0,9.0,Masculino,2022,7.417,Ametista,9.5,10.0,6.9,6.0,,7.583,5.0,7.7,4.3,,-1,0.0,0.0,0,Defasagem leve,0.0
RA-820,2023,1,10.0,Masculino,2022,7.85605,Ametista,7.9,7.4,7.52,8.9,9.0625,8.28,5.0,9.2,8.5,,-1,,,0,Defasagem leve,1.0
RA-820,2024,2,11.0,Masculino,2022,7.426572549100001,Ametista,10.0,6.573529412,7.51,6.25,8.333333333,6.386666667,10.0,6.0,6.5,,0,,,0,Adequado,2.0
RA-821,2022,0,10.0,Masculino,2022,6.342,Agata,9.0,7.0,7.5,4.6,,6.917,5.0,5.2,4.0,,-2,0.0,0.0,1,Defasagem moderada/severa,0.0
RA-821,2024,2,11.0,Masculino,2022,6.643866666600001,Agata,8.502,5.9166666665,7.51,4.25,6.666666667,6.713333333,10.0,4.5,4.0,,0,,,0,Adequado,2.0
RA-822,2022,0,10.0,Masculino,2022,6.922,Agata,8.0,8.4,7.5,6.1,,7.083,5.0,6.5,5.7,,-2,0.0,0.0,1,Defasagem moderada/severa,0.0
RA-822,2023,0,,Masculino,2022,6.4497,Agata,8.5,8.4,2.52,7.1,5.625,5.925,5.0,8.0,6.2,,-2,,,1,Defasagem moderada/severa,1.0
RA-822,2024,1,12.0,Masculino,2022,5.2645678524,Quartzo,0.0,4.6245059285,5.01,6.75,6.666666667,6.61,5.0,7.5,6.0,,-2,,,1,Defasagem moderada/severa,2.0
RA-823,2022,0,10.0,Feminino,2021,5.989,Quartzo,10.0,6.0,7.5,2.8,,7.167,5.0,4.0,1.7,,-2,0.0,0.0,1,Defasagem moderada/severa,1.0
RA-824,2022,0,8.0,Masculino,2022,6.799,Agata,10.0,4.4,6.9,6.0,,7.333,10.0,7.0,5.0,,0,0.0,0.0,0,Adequado,0.0
RA-825,2022,0,9.0,Feminino,2021,7.25,Ametista,7.5,8.2,6.9,7.6,,7.917,5.0,8.3,6.8,,-1,0.0,0.0,0,Defasagem leve,1.0
RA-826,2022,0,8.0,Masculino,2022,7.776,Ametista,9.5,9.6,7.5,5.4,,7.5,10.0,4.3,6.5,,0,0.0,0.0,0,Adequado,0.0
RA-826,2023,0,,Masculino,2022,7.77645,Ametista,10.0,10.0,3.77,7.3,7.8125,8.34,5.0,7.0,7.5,,-1,,,0,Defasagem leve,1.0
RA-826,2024,1,10.0,Masculino,2022,7.9442,Ametista,10.0,10.0,6.26,6.75,7.5,8.59,5.0,5.5,8.0,,-1,,,0,Defasagem leve,2.0
RA-827,2022,0,10.0,Feminino,2022,7.412,Ametista,9.5,7.0,7.5,7.6,,8.667,5.0,7.7,7.5,,-2,1.0,0.0,1,Defasagem moderada/severa,0.0
RA-827,2023,1,,Feminino,2022,7.419925,Ametista,7.9,8.1,3.14,8.1,8.28125,8.73,5.0,7.7,8.5,,-1,,,0,Defasagem leve,1.0
RA-827,2024,2,12.0,Feminino,2022,8.2483467391,Topazio,10.0,9.782608695499999,5.01,7.25,7.65625,7.875,10.0,6.0,8.5,,0,,,0,Adequado,2.0
RA-828,2022,0,9.0,Feminino,2022,7.139,Ametista,9.5,7.1,7.5,6.9,,7.833,5.0,7.3,6.5,,-1,0.0,0.0,0,Defasagem leve,0.0
RA-829,2022,0,8.0,Feminino,2022,8.003,Ametista,9.0,8.6,7.5,7.8,,7.5,10.0,8.2,7.5,,0,0.0,0.0,0,Adequado,0.0
RA-829,2023,1,9.0,Feminino,2022,8.532075,Topazio,9.0,9.4,3.14,8.4,9.21875,9.23,10.0,7.5,9.2,,0,,,0,Adequado,1.0
RA-829,2024,2,10.0,Feminino,2022,9.171825000000002,Topazio,9.502,9.75,9.38,8.0,8.90625,9.215,10.0,6.0,10.0,,1,,,0,Adiantado,2.0
RA-83,2022,5,17.0,Feminino,2022,6.671,Agata,7.9,6.8,7.5,6.8,,5.958,5.0,6.0,7.5,,-2,0.0,1.0,1,Defasagem moderada/severa,0.0
RA-830,2022,0,9.0,Feminino,2022,7.234,Ametista,10.0,8.6,7.5,6.0,,7.5,5.0,5.8,6.2,,-1,0.0,0.0,0,Defasagem leve,0.0
RA-830,2023,0,9.0,Feminino,2022,6.78,Agata,0.0,8.9,3.14,8.3,6.25,9.505,5.0,8.3,8.3,,-1,,,0,Defasagem leve,1.0
RA-830,2024,1,11.0,Feminino,2022,7.1373428571,Ametista,9.002,7.619047619,5.63,6.75,8.333333333,7.335,5.0,6.5,7.0,,-1,,,0,Defasagem leve,2.0
RA-831,2022,0,9.0,Masculino,2022,7.41,Ametista,9.5,9.2,7.5,7.2,,7.167,5.0,7.3,7.0,,-1,0.0,0.0,0,Defasagem leve,0.0
RA-831,2023,0,9.0,Masculino,2022,7.71645,Ametista,8.0,9.4,3.77,8.3,7.8125,8.59,5.0,8.8,7.8,,-1,,,0,Defasagem leve,1.0
RA-831,2024,1,10.0,Masculino,2022,8.0066285715,Topazio,10.0,9.523809524,6.26,7.75,7.916666667,8.17,5.0,6.5,9.0,,-1,,,0,Defasagem leve,2.0
RA-832,2022,0,9.0,Masculino,2022,8.179,Topazio,10.0,9.2,7.5,8.8,,8.833,5.0,8.8,8.8,,-1,1.0,0.0,0,Defasagem leve,0.0
RA-832,2023,1,10.0,Masculino,2022,8.2697,Topazio,10.0,9.5,7.52,8.5,7.708333333,8.283333333,5.0,9.2,7.7,,-1,,,0,Defasagem leve,1.0
RA-832,2024,2,11.0,Masculino,2022,8.2403304348,Topazio,9.002,8.695652174,7.51,8.0,7.5,7.5,10.0,7.0,9.0,,0,,,0,Adequado,2.0
RA-833,2022,0,9.0,Masculino,2022,7.791,Ametista,10.0,9.5,7.5,7.8,,7.583,5.0,8.2,7.5,,-1,0.0,0.0,0,Defasagem leve,0.0
RA-833,2023,1,,Masculino,2022,7.81295,Ametista,10.0,9.5,3.77,7.4,8.4375,8.56,5.0,7.3,7.5,,-1,,,0,Defasagem leve,1.0
RA-833,2024,2,11.0,Masculino,2022,8.5184577641,Topazio,9.002,9.3271221535,7.51,8.0,8.125,7.946666667,10.0,9.0,7.0,,0,,,0,Adequado,2.0
RA-834,2022,0,9.0,Masculino,2022,8.136,Topazio,9.0,9.0,7.5,9.0,,9.083,5.0,9.2,8.8,,-1,1.0,0.0,0,Defasagem leve,0.0
RA-834,2023,1,,Masculino,2022,8.662616667,Topazio,9.0,9.9,6.27,9.2,9.6875,9.283333333,5.0,9.0,9.3,,-1,,,0,Defasagem leve,1.0
RA-834,2024,2,11.0,Masculino,2022,8.513646169700001,Topazio,8.002,9.109730849,6.26,8.75,7.708333333,8.723333333,10.0,9.0,8.5,,0,,,0,Adequado,2.0
RA-835,2022,0,8.0,Masculino,2022,7.263,Ametista,6.9,7.3,7.5,7.5,,6.667,10.0,7.6,7.3,,0,0.0,0.0,0,Adequado,0.0
RA-835,2023,0,8.0,Masculino,2022,8.2467,Topazio,8.0,8.5,7.52,8.7,6.875,7.835,10.0,8.5,8.9,,0,,,0,Adequado,1.0
RA-836,2022,0,9.0,Masculino,2022,7.665,Ametista,8.5,8.3,7.5,9.2,,7.583,5.0,9.0,9.3,,-1,0.0,0.0,0,Defasagem leve,0.0
RA-836,2023,0,,Masculino,2022,7.6417,Ametista,9.5,9.6,6.27,6.7,6.875,8.085,5.0,6.7,6.7,,-2,,,1,Defasagem moderada/severa,1.0
RA-836,2024,1,11.0,Masculino,2022,6.0234537878,Agata,9.502,6.439393939,7.51,2.75,7.34375,6.25,5.0,5.5,0.0,,-1,,,0,Defasagem leve,2.0
RA-837,2022,0,8.0,Masculino,2022,8.207,Topazio,8.5,9.0,7.5,8.8,,7.5,10.0,9.2,8.3,,0,0.0,0.0,0,Adequado,0.0
RA-837,2023,1,,Masculino,2022,8.2712,Topazio,9.0,9.3,7.52,7.0,7.916666667,7.836666667,10.0,6.3,7.7,,0,,,0,Adequado,1.0
RA-837,2024,2,10.0,Masculino,2022,7.9648467391,Ametista,7.502,9.782608695499999,6.885,6.75,7.03125,7.5825,10.0,6.0,7.5,,0,,,0,Adequado,2.0
RA-838,2022,0,9.0,Masculino,2022,7.461,Ametista,10.0,7.4,7.5,6.3,,9.417,5.0,6.6,5.9,,-1,1.0,1.0,0,Defasagem leve,0.0
RA-839,2022,0,9.0,Feminino,2022,5.198,Quartzo,0.0,5.1,7.5,5.4,,6.583,5.0,5.8,5.0,,-1,0.0,0.0,0,Defasagem leve,0.0
RA-84,2022,5,17.0,Feminino,2018,6.682,Agata,7.1,8.8,5.0,5.8,,6.75,5.0,5.7,6.5,5.2,-2,0.0,0.0,1,Defasagem moderada/severa,4.0
RA-84,2023,6,,Feminino,2018,6.034416667,Agata,0.0,8.8,2.52,6.0,7.8125,7.6725,5.0,6.8,5.8,5.5,-2,,,1,Defasagem moderada/severa,5.0
RA-840,2022,0,8.0,Masculino,2022,7.875,Ametista,9.0,8.2,7.5,7.8,,7.5,10.0,9.6,5.9,,0,0.0,0.0,0,Adequado,0.0
RA-840,2023,0,,Masculino,2022,7.7862,Ametista,9.5,9.0,4.38,8.2,7.5,8.59,5.0,8.3,8.0,,-1,,,0,Defasagem leve,1.0
RA-840,2024,1,10.0,Masculino,2022,8.5912909091,Topazio,9.502,9.337121212,7.51,8.0,8.333333333,7.946666667,10.0,7.0,9.0,,0,,,0,Adequado,2.0
RA-841,2022,0,11.0,Masculino,2022,7.3,Ametista,8.5,8.5,7.5,7.2,,7.5,5.0,8.6,5.8,,-2,0.0,0.0,1,Defasagem moderada/severa,0.0
RA-841,2023,0,11.0,Masculino,2022,6.78,Agata,0.0,7.2,7.52,6.9,7.5,9.84,5.0,6.7,7.0,,-2,,,1,Defasagem moderada/severa,1.0
RA-841,2024,2,12.0,Masculino,2022,6.035771224300001,Agata,10.0,6.3272311215000006,7.51,3.25,7.03125,5.83,5.0,4.0,2.5,,-1,,,0,Defasagem leve,2.0
RA-842,2022,0,8.0,Feminino,2022,7.952,Ametista,7.5,8.3,7.5,9.1,,8.25,10.0,9.1,9.1,,0,0.0,0.0,0,Adequado,0.0
RA-842,2023,0,9.0,Feminino,2022,7.2117,Ametista,9.0,8.5,3.77,7.9,5.625,8.01,5.0,8.2,7.5,,-1,,,0,Defasagem leve,1.0
RA-842,2024,1,10.0,Feminino,2022,7.072914756400001,Ametista,8.502,7.549407115,6.26,7.5,6.875,6.996666667,5.0,6.0,9.0,,-1,,,0,Defasagem leve,2.0
RA-843,2022,0,8.0,Feminino,2022,8.538,Topazio,8.5,9.0,7.5,9.2,,8.417,10.0,9.8,8.5,,0,1.0,1.0,0,Adequado,0.0
RA-844,2022,0,8.0,Masculino,2022,6.253,Agata,0.0,5.0,8.1,5.9,,8.333,10.0,6.0,5.8,,0,0.0,1.0,0,Adequado,0.0
RA-845,2022,0,8.0,Feminino,2022,8.491,Topazio,10.0,8.8,7.5,8.7,,8.417,10.0,9.1,8.3,,0,1.0,0.0,0,Adequado,0.0
RA-846,2022,0,7.0,Feminino,2022,7.412,Ametista,9.0,7.2,7.5,5.9,,7.917,10.0,7.7,4.0,,0,0.0,0.0,0,Adequado,0.0
RA-846,2023,0,8.0,Feminino,2022,7.4637,Ametista,9.5,8.2,3.77,6.0,5.625,8.67,10.0,6.3,5.7,,0,,,0,Adequado,1.0
RA-847,2022,0,9.0,Masculino,2022,6.839,Agata,7.9,8.2,4.4,7.7,,7.417,5.0,7.8,7.6,,-1,0.0,0.0,0,Defasagem leve,0.0
RA-847,2023,0,10.0,Masculino,2022,6.5418,Agata,7.9,9.1,2.52,7.6,5.0,5.84,5.0,7.5,7.6,,-2,,,1,Defasagem moderada/severa,1.0
RA-847,2024,1,11.0,Masculino,2022,5.009290909100001,Quartzo,9.002,4.5454545455,5.01,1.0,7.5,6.245,5.0,0.0,2.0,,-1,,,0,Defasagem leve,2.0
RA-848,2022,0,9.0,Masculino,2022,7.488,Ametista,9.5,7.0,7.5,9.0,,7.833,5.0,9.8,8.1,,-1,0.0,0.0,0,Defasagem leve,0.0
RA-849,2022,0,9.0,Masculino,2022,7.369,Ametista,8.5,8.3,7.5,9.1,,7.417,5.0,9.8,8.3,,-1,0.0,0.0,0,Defasagem leve,0.0
RA-85,2022,5,15.0,Masculino,2022,6.243,Agata,6.7,7.3,5.0,4.3,,5.833,10.0,5.0,3.5,,0,0.0,0.0,0,Adequado,0.0
RA-85,2023,5,16.0,Masculino,2022,7.08435,Ametista,8.8,8.9,6.27,5.7,5.9375,7.8425,5.0,5.8,3.8,7.5,-1,,,0,Defasagem leve,1.0
RA-85,2024,5,17.0,Masculino,2022,6.999509385733333,Agata,8.334,8.668046928999999,3.755,7.666666666666667,6.25,6.993333333,5.0,9.0,4.5,9.5,-2,,,1,Defasagem moderada/severa,2.0
RA-850,2022,0,8.0,Masculino,2022,7.641,Ametista,10.0,7.3,7.5,8.5,,7.167,10.0,8.1,8.8,,0,0.0,0.0,0,Adequado,0.0
RA-850,2023,0,9.0,Masculino,2022,6.06525,Agata,0.0,7.9,6.26,7.3,6.5625,6.265,5.0,6.8,7.7,,-1,,,0,Defasagem leve,1.0
RA-850,2024,1,10.0,Masculino,2022,7.864245454500001,Ametista,10.0,9.2727272725,6.255,7.75,7.5,7.92,5.0,6.0,9.5,,-1,,,0,Defasagem leve,2.0
RA-851,2022,0,8.0,Masculino,2022,7.515,Ametista,9.0,7.9,7.5,8.3,,6.583,10.0,7.9,8.7,,0,0.0,0.0,0,Adequado,0.0
RA-851,2023,0,,Masculino,2022,6.1683,Agata,8.4,7.5,2.52,6.6,5.625,6.01,5.0,6.8,6.3,,-1,,,0,Defasagem leve,1.0
RA-851,2024,1,10.0,Masculino,2022,6.2114602109,Agata,9.002,7.3221343875,5.63,6.0,5.625,5.106666667,5.0,5.0,7.0,,-1,,,0,Defasagem leve,2.0
RA-852,2022,0,7.0,Feminino,2022,5.666,Quartzo,9.0,6.8,5.0,2.1,,5.5,10.0,2.5,1.8,,0,0.0,0.0,0,Adequado,0.0
RA-853,2022,0,8.0,Feminino,2022,8.616,Topazio,10.0,9.6,7.5,8.5,,8.5,10.0,8.8,8.2,,0,1.0,0.0,0,Adequado,0.0
RA-853,2023,0,9.0,Feminino,2022,7.8402,Ametista,10.0,9.5,3.77,7.4,6.25,9.84,5.0,7.2,7.5,,-1,,,0,Defasagem leve,1.0
RA-853,2024,1,10.0,Feminino,2022,7.986866666600001,Ametista,8.502,9.5833333335,6.26,6.25,8.333333333,7.553333333,10.0,6.5,6.0,,0,,,0,Adequado,2.0
RA-854,2022,0,8.0,Feminino,2022,8.098,Topazio,8.0,9.0,7.5,9.3,,7.167,10.0,9.5,9.0,,0,0.0,0.0,0,Adequado,0.0
RA-854,2023,0,,Feminino,2022,6.6415,Agata,0.0,9.5,3.77,6.0,5.625,8.01,10.0,7.5,4.5,,0,,,0,Adequado,1.0
RA-854,2024,1,9.0,Feminino,2022,7.826199999900001,Ametista,9.502,10.0,6.26,7.0,5.833333333,6.333333333,10.0,7.0,7.0,,0,,,0,Adequado,2.0
RA-855,2022,0,9.0,Feminino,2022,8.453,Topazio,10.0,9.6,7.5,9.7,,9.0,5.0,9.7,9.6,,-1,1.0,0.0,0,Defasagem leve,0.0
RA-855,2023,1,9.0,Feminino,2022,8.62995,Topazio,9.5,10.0,7.52,6.8,8.4375,8.67,10.0,5.2,8.3,,0,,,0,Adequado,1.0
RA-855,2024,2,10.0,Feminino,2022,8.578533333400001,Topazio,9.002,10.0,7.51,8.5,7.5,7.386666667,10.0,9.0,8.0,,0,,,0,Adequado,2.0
RA-856,2022,0,7.0,Masculino,2022,8.398,Topazio,10.0,9.1,7.5,8.4,,8.0,10.0,8.5,8.2,,0,0.0,0.0,0,Adequado,0.0
RA-856,2023,0,,Masculino,2022,7.3355,Ametista,0.0,9.6,7.52,7.3,5.625,8.255,10.0,7.5,7.0,,0,,,0,Adequado,1.0
RA-857,2022,0,9.0,Feminino,2022,8.154,Topazio,8.5,8.9,7.5,9.5,,9.083,5.0,9.6,9.3,,-1,1.0,0.0,0,Defasagem leve,0.0
RA-857,2023,0,9.0,Feminino,2022,8.1442,Topazio,8.5,9.0,7.52,8.5,7.5,9.01,5.0,8.7,8.2,,-1,,,0,Defasagem leve,1.0
RA-858,2022,0,7.0,Masculino,2022,7.523,Ametista,10.0,7.1,5.6,7.7,,7.333,10.0,8.4,6.9,,0,0.0,0.0,0,Adequado,0.0
RA-858,2023,0,,Masculino,2022,7.248833333,Ametista,0.0,8.1,3.77,9.3,8.125,7.946666667,10.0,9.3,9.2,,0,,,0,Adequado,1.0
RA-858,2024,0,9.0,Masculino,2022,6.917866666700001,Agata,9.002,6.833333333500001,2.51,8.25,7.5,7.5,5.0,10.0,6.5,,-1,,,0,Defasagem leve,2.0
RA-859,2022,0,7.0,Feminino,2022,8.325,Topazio,8.5,8.7,7.5,8.9,,8.25,10.0,9.4,8.4,,0,0.0,0.0,0,Adequado,0.0
RA-859,2023,0,8.0,Feminino,2022,8.6042,Topazio,8.0,9.2,7.52,7.3,7.5,10.0,10.0,6.8,7.8,,0,,,0,Adequado,1.0
RA-859,2024,1,9.0,Feminino,2022,8.5817909091,Topazio,8.002,9.337121212,7.51,8.0,8.958333333,8.336666667,10.0,8.0,8.0,,0,,,0,Adequado,2.0
RA-86,2022,5,16.0,Masculino,2016,7.566,Ametista,7.5,9.6,5.6,6.7,,8.458,5.0,6.2,7.2,6.9,-1,1.0,0.0,0,Defasagem leve,6.0
RA-86,2023,7,,Masculino,2016,,,8.3,,6.89,,,,10.0,,,,0,,,0,Adequado,7.0
RA-86,2024,7,18.0,Masculino,2021,7.611233333266666,Ametista,6.667,9.704333333,6.57,5.483333333333333,7.5,7.5,10.0,6.35,6.3,3.8,0,,,0,Adequado,3.0
RA-860,2022,0,7.0,Masculino,2022,8.136,Topazio,9.5,8.5,7.5,8.1,,7.75,10.0,8.9,7.2,,0,0.0,0.0,0,Adequado,0.0
RA-860,2023,0,,Masculino,2022,8.2372,Topazio,7.0,9.8,6.89,7.4,7.5,8.34,10.0,7.2,7.5,,0,,,0,Adequado,1.0
RA-860,2024,1,9.0,Masculino,2022,8.7738666667,Topazio,9.002,9.7916666665,7.51,8.5,8.75,7.946666667,10.0,8.0,9.0,,0,,,0,Adequado,2.0
RA-861,2023,0,8.0,Feminino,2023,9.31095,Topazio,9.5,10.0,8.13,9.6,8.4375,8.92,10.0,9.8,9.4,,0,,,0,Adequado,0.0
RA-861,2024,0,9.0,Feminino,2023,8.959700000000002,Topazio,9.502,10.0,7.51,10.0,8.125,9.73,5.0,10.0,10.0,,-1,,,0,Defasagem leve,1.0
RA-862,2023,0,9.0,Masculino,2023,8.2212,Topazio,8.5,9.1,8.14,8.9,7.5,8.585,5.0,8.5,9.2,,-1,,,0,Defasagem leve,0.0
RA-862,2024,0,10.0,Masculino,2023,7.346677272700001,Ametista,9.002,8.6136363635,7.51,7.5,7.1875,6.27,5.0,10.0,5.0,,-2,,,1,Defasagem moderada/severa,1.0
RA-863,2023,0,7.0,Masculino,2023,5.92975,Quartzo,0.0,7.6,3.14,6.3,5.9375,6.26,10.0,7.0,5.5,,0,,,0,Adequado,0.0
RA-863,2024,0,8.0,Masculino,2023,4.6684348484,Quartzo,8.502,3.159090909,2.51,5.5,4.6875,4.333333333,5.0,10.0,1.0,,-1,,,0,Defasagem leve,1.0
RA-864,2023,0,,Feminino,2023,7.034,Ametista,0.0,7.6,8.14,6.3,7.5,8.5,10.0,7.0,5.5,,0,,,0,Adequado,0.0
RA-865,2023,0,8.0,Masculino,2023,8.1552,Topazio,8.5,8.7,7.52,7.4,7.5,7.915,10.0,7.3,7.5,,0,,,0,Adequado,0.0
RA-866,2023,0,,Feminino,2023,7.679,Ametista,0.0,8.3,8.76,8.6,7.5,8.415,10.0,8.2,8.9,,0,,,0,Adequado,0.0
RA-867,2023,0,8.0,Masculino,2023,8.6992,Topazio,9.0,8.6,8.76,8.9,7.5,8.415,10.0,8.7,9.0,,0,,,0,Adequado,0.0
RA-867,2024,0,9.0,Masculino,2023,7.583018181800001,Ametista,9.002,7.409090909,7.51,8.5,7.5,7.5,5.0,10.0,7.0,,-1,,,0,Defasagem leve,1.0
RA-868,2023,0,,Masculino,2023,8.63895,Topazio,10.0,9.5,8.76,7.1,7.1875,8.67,10.0,7.8,6.3,,0,,,0,Adequado,0.0
RA-868,2024,0,8.0,Masculino,2023,7.156366666600001,Ametista,8.002,9.75,3.76,7.0,6.875,7.213333333,5.0,8.0,6.0,,-1,,,0,Defasagem leve,1.0
RA-869,2023,0,8.0,Feminino,2023,9.2587,Topazio,9.0,10.0,8.76,9.6,8.125,8.75,10.0,9.8,9.4,,0,,,0,Adequado,0.0
RA-87,2022,5,15.0,Masculino,2021,8.712,Topazio,8.3,9.6,7.5,8.8,,8.5,10.0,8.3,8.0,10.0,0,1.0,0.0,0,Adequado,1.0
RA-87,2023,6,16.0,Masculino,2021,8.6625,Topazio,7.5,10.0,5.63,9.3,8.125,8.385,10.0,9.5,8.7,9.7,0,,,0,Adequado,2.0
RA-87,2024,7,17.0,Masculino,2021,9.437924561333332,Topazio,8.751,9.649122807,9.375,9.166666666666666,9.375,9.623333333,10.0,10.0,7.5,10.0,1,,,0,Adiantado,3.0
RA-870,2023,0,9.0,Feminino,2023,4.909,Quartzo,0.0,8.5,8.76,1.5,5.0,5.165,5.0,2.0,1.0,,-1,,,0,Defasagem leve,0.0
RA-871,2023,0,9.0,Masculino,2023,6.8617,Agata,9.0,9.5,3.76,6.9,4.375,6.84,5.0,6.8,7.0,,-1,,,0,Defasagem leve,0.0
RA-871,2024,1,10.0,Masculino,2023,7.291729314799999,Ametista,8.502,9.328063240999999,4.38,7.25,5.3125,5.783333333,10.0,6.0,8.5,,0,,,0,Adequado,1.0
RA-872,2023,0,10.0,Feminino,2023,5.267,Quartzo,0.0,6.7,2.52,4.3,6.25,8.5,5.0,5.5,3.0,,-2,,,1,Defasagem moderada/severa,0.0
RA-873,2023,0,,Feminino,2023,7.8012,Ametista,8.5,9.7,7.52,7.0,6.25,8.67,5.0,7.2,6.8,,-2,,,1,Defasagem moderada/severa,0.0
RA-873,2024,1,12.0,Feminino,2023,7.61095,Ametista,8.002,10.0,6.88,6.75,7.1875,7.77,5.0,7.0,6.5,,-2,,,1,Defasagem moderada/severa,1.0
RA-874,2023,0,9.0,Masculino,2023,5.811,Quartzo,0.0,8.2,7.52,4.8,6.25,6.67,5.0,6.3,3.3,,-1,,,0,Defasagem leve,0.0
RA-874,2024,1,10.0,Masculino,2023,7.0235939394,Ametista,9.502,4.696969697,6.26,7.75,8.75,7.915,5.0,6.0,9.5,,-1,,,0,Defasagem leve,1.0
RA-875,2023,0,9.0,Masculino,2023,8.2712,Topazio,9.5,9.5,7.52,7.3,7.5,9.845,5.0,7.0,7.5,,-1,,,0,Defasagem leve,0.0
RA-876,2023,0,,Masculino,2023,8.6492,Topazio,10.0,9.4,7.52,7.5,7.5,8.835,10.0,7.3,7.7,,0,,,0,Adequado,0.0
RA-876,2024,1,9.0,Masculino,2023,7.612057142800001,Ametista,8.502,9.0476190475,7.51,3.75,8.333333333,8.09,10.0,7.5,0.0,,0,,,0,Adequado,1.0
RA-877,2023,0,9.0,Masculino,2023,7.4722,Ametista,9.5,9.5,7.52,6.9,5.0,7.5,5.0,7.5,6.2,,-1,,,0,Defasagem leve,0.0
RA-878,2023,0,10.0,Masculino,2023,6.24,Agata,0.0,9.5,2.52,8.1,5.0,7.34,5.0,8.0,8.2,,-2,,,1,Defasagem moderada/severa,0.0
RA-878,2024,1,11.0,Masculino,2023,6.5335560606000005,Agata,9.002,6.1363636360000005,4.38,6.75,7.1875,6.996666667,5.0,6.0,7.5,,-1,,,0,Defasagem leve,1.0
RA-879,2023,0,,Feminino,2023,6.8225,Agata,0.0,9.8,2.52,8.2,6.875,8.915,5.0,8.2,8.2,,-1,,,0,Defasagem leve,0.0
RA-879,2024,1,10.0,Feminino,2023,8.1096318182,Topazio,9.502,9.090909091,6.26,8.5,7.8125,8.67,5.0,8.0,9.0,,-1,,,0,Defasagem leve,1.0
RA-88,2022,5,17.0,Masculino,2021,7.498,Ametista,7.1,9.2,5.6,6.5,,9.208,5.0,6.8,6.2,6.4,-2,1.0,1.0,1,Defasagem moderada/severa,1.0
RA-88,2023,8,18.0,Masculino,2021,,,,,,,,,10.0,,,,0,,,0,Adequado,2.0
RA-88,2024,8,19.0,Masculino,2021,,,,0.0,,,,,10.0,,,,0,,,0,Adequado,3.0
RA-880,2023,0,7.0,Feminino,2023,6.724,Agata,0.0,9.4,2.52,6.3,6.25,8.585,10.0,6.3,6.2,,0,,,0,Adequado,0.0
RA-880,2024,0,8.0,Feminino,2023,6.853080434800001,Agata,9.502,8.445652174,2.51,6.5,7.1875,7.22,5.0,7.5,5.5,,-1,,,0,Defasagem leve,1.0
RA-881,2023,0,8.0,Masculino,2023,7.7322,Ametista,10.0,8.9,7.52,7.3,5.0,6.25,10.0,7.5,7.0,,0,,,0,Adequado,0.0
RA-882,2023,0,8.0,Feminino,2023,6.0092,Agata,9.0,8.6,2.52,4.7,3.75,4.16,10.0,4.8,4.5,,0,,,0,Adequado,0.0
RA-883,2023,0,,Feminino,2023,8.5082,Topazio,9.5,9.7,6.89,8.4,6.25,8.17,10.0,8.0,8.7,,0,,,0,Adequado,0.0
RA-884,2023,0,,Feminino,2023,8.4587,Topazio,9.0,9.7,4.39,8.8,6.875,8.66,10.0,8.4,9.2,,0,,,0,Adequado,0.0
RA-884,2024,0,8.0,Feminino,2023,8.0345030302,Topazio,10.0,8.818181818,6.26,8.75,7.5,8.223333333,5.0,10.0,7.5,,-1,,,0,Defasagem leve,1.0
RA-885,2023,0,7.0,Masculino,2023,8.8252,Topazio,9.0,9.8,7.52,8.7,7.5,8.665,10.0,8.5,8.8,,0,,,0,Adequado,0.0
RA-885,2024,0,9.0,Masculino,2023,8.2072,Topazio,8.502,10.0,7.51,8.5,7.5,8.28,5.0,10.0,7.0,,-1,,,0,Defasagem leve,1.0
RA-886,2023,0,,Feminino,2023,8.6422,Topazio,8.5,9.4,7.52,8.1,7.5,9.0,10.0,7.6,8.5,,0,,,0,Adequado,0.0
RA-886,2024,0,8.0,Feminino,2023,8.419200000000002,Topazio,9.502,10.0,8.13,8.75,7.5,8.28,5.0,9.0,8.5,,-1,,,0,Defasagem leve,1.0
RA-887,2023,0,8.0,Masculino,2023,8.6718,Topazio,8.9,8.9,7.52,8.4,7.5,9.09,10.0,7.8,9.0,,0,,,0,Adequado,0.0
RA-888,2023,0,,Masculino,2023,8.9182,Topazio,9.0,10.0,7.52,8.8,7.5,8.83,10.0,8.2,9.3,,0,,,0,Adequado,0.0
RA-888,2024,0,8.0,Masculino,2023,8.1942,Topazio,9.002,10.0,6.88,8.5,7.5,8.28,5.0,9.0,8.0,,-1,,,0,Defasagem leve,1.0
RA-889,2023,0,,Masculino,2023,8.8092,Topazio,8.5,9.5,6.89,9.1,7.5,9.0,10.0,8.7,9.5,,0,,,0,Adequado,0.0
RA-889,2024,0,9.0,Masculino,2023,8.191290909100001,Topazio,8.502,9.2954545455,6.26,9.75,7.5,8.28,5.0,10.0,9.5,,-1,,,0,Defasagem leve,1.0
RA-89,2022,5,16.0,Masculino,2021,7.323,Ametista,9.6,7.8,7.5,5.9,,8.0,5.0,7.5,5.7,4.7,-1,0.0,1.0,0,Defasagem leve,1.0
RA-89,2023,6,17.0,Masculino,2021,6.700775,Agata,8.3,8.1,5.0,5.1,7.34375,7.465,5.0,6.3,2.3,6.7,-1,,,0,Defasagem leve,2.0
RA-890,2023,0,8.0,Masculino,2023,6.989,Agata,0.0,9.1,2.52,8.3,6.25,8.16,10.0,8.0,8.6,,0,,,0,Adequado,0.0
RA-891,2023,0,,Feminino,2023,7.8882,Ametista,9.5,9.5,6.89,7.5,7.5,7.995,5.0,6.2,8.8,,-1,,,0,Defasagem leve,0.0
RA-891,2024,0,10.0,Feminino,2023,8.035957575700001,Topazio,10.0,9.0454545455,6.26,8.75,7.5,8.003333333,5.0,10.0,7.5,,-1,,,0,Defasagem leve,1.0
RA-892,2023,0,8.0,Masculino,2023,8.8112,Topazio,8.0,9.6,6.89,8.3,7.5,10.0,10.0,8.5,8.0,,0,,,0,Adequado,0.0
RA-892,2024,1,9.0,Masculino,2023,8.697700000000001,Topazio,8.002,10.0,7.51,8.75,8.125,7.92,10.0,10.0,7.5,,0,,,0,Adequado,1.0
RA-893,2023,0,,Masculino,2023,8.8042,Topazio,9.5,10.0,7.52,9.3,7.5,10.0,5.0,9.5,9.0,,-1,,,0,Defasagem leve,0.0
RA-893,2024,1,10.0,Masculino,2023,8.8910333334,Topazio,9.002,10.0,7.51,9.25,8.125,7.886666667,10.0,10.0,8.5,,0,,,0,Adequado,1.0
RA-894,2023,0,9.0,Feminino,2023,8.8142,Topazio,9.5,9.9,7.52,9.4,7.5,10.0,5.0,9.3,9.5,,-1,,,0,Defasagem leve,0.0
RA-894,2024,1,10.0,Feminino,2023,8.67895,Topazio,10.0,10.0,7.51,9.5,8.4375,8.42,5.0,9.0,10.0,,-1,,,0,Defasagem leve,1.0
RA-895,2023,0,8.0,Feminino,2023,8.5397,Topazio,9.5,9.5,7.52,6.8,6.875,9.5,10.0,6.8,6.7,,0,,,0,Adequado,0.0
RA-895,2024,0,9.0,Feminino,2023,8.2579575757,Topazio,9.502,9.5454545455,6.26,9.5,7.5,8.113333333,5.0,10.0,9.0,,-1,,,0,Defasagem leve,1.0
RA-896,2023,0,7.0,Masculino,2023,9.0912,Topazio,9.5,10.0,6.89,8.5,7.5,10.0,10.0,9.0,8.0,,0,,,0,Adequado,0.0
RA-896,2024,1,8.0,Masculino,2023,8.2852454545,Topazio,8.502,9.7727272725,7.51,6.5,8.125,8.085,10.0,6.5,6.5,,0,,,0,Adequado,1.0
RA-897,2023,0,,Masculino,2023,5.48225,Quartzo,0.0,8.1,7.52,6.5,6.5625,3.32,5.0,7.2,5.7,,-1,,,0,Defasagem leve,0.0
RA-897,2024,0,10.0,Masculino,2023,5.2212050505,Quartzo,7.002,2.7525252525,2.51,6.0,6.875,6.66,5.0,5.5,6.5,,-1,,,0,Defasagem leve,1.0
RA-898,2023,0,,Masculino,2023,8.4217,Topazio,9.0,9.8,3.77,9.4,8.125,10.0,5.0,9.7,9.0,,-1,,,0,Defasagem leve,0.0
RA-898,2024,1,10.0,Masculino,2023,7.8661333334,Ametista,6.418,10.0,7.51,7.5,7.5,8.616666667,5.0,9.0,6.0,,-1,,,0,Defasagem leve,1.0
RA-899,2023,0,8.0,Masculino,2023,8.8452,Topazio,10.0,9.8,3.77,9.5,7.5,9.34,10.0,9.3,9.6,,0,,,0,Adequado,0.0
RA-899,2024,1,9.0,Masculino,2023,8.425024769300002,Topazio,10.0,9.1007905135,5.635,8.25,8.125,7.893333333,10.0,8.0,8.5,,0,,,0,Adequado,1.0
RA-9,2022,7,18.0,Feminino,2019,8.109,Topazio,8.8,9.5,7.5,6.7,,9.5,5.0,5.5,6.0,8.7,-1,1.0,1.0,0,Defasagem leve,3.0
RA-90,2022,5,13.0,Feminino,2019,9.442,Topazio,10.0,9.7,9.4,8.5,,9.75,10.0,7.7,8.0,9.8,2,1.0,0.0,0,Adiantado,3.0
RA-90,2023,5,14.0,Feminino,2019,8.699408333,Topazio,10.0,9.6,7.52,7.7,8.59375,8.1725,10.0,6.7,6.8,9.5,1,,,0,Adiantado,4.0
RA-90,2024,7,15.0,Feminino,2021,8.352033333333335,Topazio,10.0,9.0,6.885,8.066666666666666,7.5,7.5,10.0,7.7,8.3,8.2,2,,,0,Adiantado,3.0
RA-900,2023,0,8.0,Feminino,2023,8.8947,Topazio,9.0,9.8,9.38,7.8,8.125,8.67,10.0,8.0,7.5,,0,,,0,Adequado,0.0
RA-900,2024,1,9.0,Feminino,2023,8.802003030200002,Topazio,9.002,9.318181818,8.13,8.5,8.125,8.563333333,10.0,8.0,9.0,,0,,,0,Adequado,1.0
RA-901,2023,0,10.0,Masculino,2023,7.3112,Ametista,8.5,8.7,3.77,7.5,6.25,8.595,5.0,7.7,7.3,,-2,,,1,Defasagem moderada/severa,0.0
RA-902,2023,0,12.0,Masculino,2023,5.97345,Quartzo,10.0,9.3,2.52,3.9,5.3125,6.5,2.5,4.5,3.3,,-3,,,1,Defasagem moderada/severa,0.0
RA-903,2023,0,,Feminino,2023,8.5242,Topazio,10.0,9.6,5.02,7.8,7.5,9.01,10.0,7.7,7.8,,0,,,0,Adequado,0.0
RA-903,2024,1,9.0,Feminino,2023,8.0758287879,Topazio,10.0,9.7727272725,7.505,5.0,7.8125,7.946666667,10.0,6.0,4.0,,0,,,0,Adequado,1.0
RA-904,2023,0,,Feminino,2023,8.140783333,Topazio,9.0,9.3,7.52,6.4,7.8125,7.836666667,10.0,6.0,6.8,,0,,,0,Adequado,0.0
RA-904,2024,0,8.0,Feminino,2023,7.6352,Ametista,9.502,8.75,7.51,6.0,7.5,8.67,5.0,6.0,6.0,,-1,,,0,Defasagem leve,1.0
RA-905,2023,0,9.0,Masculino,2023,7.831033333,Ametista,9.5,9.4,7.52,8.3,6.875,7.056666667,5.0,7.5,9.0,,-1,,,0,Defasagem leve,0.0
RA-905,2024,0,10.0,Masculino,2023,6.3925823529,Agata,9.002,7.7794117645,7.51,3.0,6.875,6.99,5.0,2.0,4.0,,-2,,,1,Defasagem moderada/severa,1.0
RA-906,2023,0,,Masculino,2023,8.1922,Topazio,7.5,9.2,7.52,8.6,7.5,6.95,10.0,7.7,9.4,,0,,,0,Adequado,0.0
RA-907,2023,0,8.0,Feminino,2023,8.962033333,Topazio,9.5,9.6,7.52,9.3,8.125,8.336666667,10.0,9.2,9.4,,0,,,0,Adequado,0.0
RA-907,2024,0,9.0,Feminino,2023,7.9400888889,Ametista,9.002,8.9444444445,7.51,8.75,7.5,7.5,5.0,10.0,7.5,,-1,,,0,Defasagem leve,1.0
RA-908,2023,0,,Feminino,2023,8.479366667,Topazio,9.0,9.0,7.52,7.9,8.125,8.223333333,10.0,6.7,9.0,,0,,,0,Adequado,0.0
RA-908,2024,0,9.0,Feminino,2023,6.764292246,Agata,8.502,8.14171123,7.51,4.75,7.1875,6.83,5.0,3.0,6.5,,-1,,,0,Defasagem leve,1.0
RA-909,2023,0,10.0,Feminino,2023,8.486033333,Topazio,10.0,9.9,7.52,9.2,8.125,8.056666667,5.0,9.1,9.2,,-2,,,1,Defasagem moderada/severa,0.0
RA-909,2024,0,11.0,Feminino,2023,7.722033333300001,Ametista,10.0,8.1666666665,7.51,8.25,6.875,7.5,5.0,10.0,6.5,,-2,,,1,Defasagem moderada/severa,1.0
RA-91,2022,5,16.0,Feminino,2016,6.645,Agata,9.2,5.7,5.6,6.6,,7.125,5.0,5.5,5.7,8.5,-1,0.0,0.0,0,Defasagem leve,6.0
RA-91,2023,6,,Feminino,2016,7.42395,Ametista,10.0,7.4,6.89,7.4,7.8125,7.4675,5.0,9.5,5.0,7.7,-1,,,0,Defasagem leve,7.0
RA-91,2024,6,18.0,Feminino,2021,7.426704761933335,Ametista,10.0,7.476190476333334,5.635,7.333333333333333,7.875,8.068,5.0,9.0,4.0,9.0,-1,,,0,Defasagem leve,3.0
RA-910,2023,0,8.0,Masculino,2023,7.801,Ametista,0.0,8.8,7.52,8.9,8.75,8.17,10.0,8.8,9.0,,0,,,0,Adequado,0.0
RA-910,2024,1,9.0,Masculino,2023,8.1163818182,Topazio,8.502,8.674242424500001,7.51,7.5,7.916666667,7.443333333,10.0,9.0,6.0,,0,,,0,Adequado,1.0
RA-911,2023,0,11.0,Masculino,2023,5.59545,Quartzo,9.0,6.7,2.52,3.4,5.3125,7.01,5.0,3.7,3.0,,-2,,,1,Defasagem moderada/severa,0.0
RA-911,2024,1,12.0,Masculino,2023,5.4552454547,Quartzo,8.002,4.772727273,7.51,4.5,6.041666667,4.726666667,5.0,5.0,4.0,,-2,,,1,Defasagem moderada/severa,1.0
RA-912,2023,0,9.0,Feminino,2023,7.0797,Ametista,7.0,9.4,7.52,6.3,5.625,7.175,5.0,6.2,6.3,,-1,,,0,Defasagem leve,0.0
RA-912,2024,0,10.0,Feminino,2023,7.697103508700001,Ametista,9.002,9.4736842105,7.51,7.25,8.125,6.943333333,5.0,7.0,7.5,,-2,,,1,Defasagem moderada/severa,1.0
RA-913,2023,0,,Feminino,2023,7.7432,Ametista,8.0,8.5,6.89,7.9,6.25,9.245,5.0,9.5,6.3,,-2,,,1,Defasagem moderada/severa,0.0
RA-914,2023,0,8.0,Feminino,2023,8.6912,Topazio,10.0,9.2,7.52,8.7,6.25,8.67,10.0,9.0,8.4,,0,,,0,Adequado,0.0
RA-915,2023,0,,Feminino,2023,8.5962,Topazio,10.0,8.4,7.52,8.4,7.5,8.67,10.0,8.1,8.7,,0,,,0,Adequado,0.0
RA-916,2023,0,9.0,Feminino,2023,7.3882,Ametista,9.5,9.7,2.52,6.6,6.25,9.005,5.0,7.7,5.5,,-1,,,0,Defasagem leve,0.0
RA-916,2024,0,10.0,Feminino,2023,5.5058531621,Quartzo,8.502,7.3320158105,2.51,2.75,6.5625,6.16,5.0,3.5,2.0,,-2,,,1,Defasagem moderada/severa,1.0
RA-917,2023,0,7.0,Feminino,2023,5.987,Quartzo,0.0,7.2,2.52,7.0,6.25,6.35,10.0,5.3,8.7,,0,,,0,Adequado,0.0
RA-918,2023,0,7.0,Feminino,2023,7.4967,Ametista,10.0,8.7,2.52,7.7,5.625,7.01,10.0,7.1,8.3,,0,,,0,Adequado,0.0
RA-918,2024,0,8.0,Feminino,2023,5.657357017600001,Quartzo,7.918,8.697368421,2.51,2.75,5.9375,6.156666667,5.0,1.0,4.5,,-1,,,0,Defasagem leve,1.0
RA-919,2023,0,9.0,Masculino,2023,6.225,Agata,0.0,8.4,7.52,5.3,6.25,8.09,5.0,5.5,5.0,,-1,,,0,Defasagem leve,0.0
RA-919,2024,0,10.0,Masculino,2023,5.799702673800001,Quartzo,7.002,4.692513369,6.255,5.25,6.875,6.49,5.0,6.5,4.0,,-2,,,1,Defasagem moderada/severa,1.0
RA-92,2022,5,16.0,Feminino,2016,6.957,Agata,9.2,7.1,5.0,7.4,,6.667,5.0,7.8,5.5,8.8,-1,0.0,0.0,0,Defasagem leve,6.0
RA-92,2023,6,,Feminino,2016,7.375916667,Ametista,9.6,9.4,5.63,6.7,7.1875,7.045,5.0,8.7,4.8,6.7,-1,,,0,Defasagem leve,7.0
RA-92,2024,7,18.0,Feminino,2021,8.052279017,Topazio,10.0,8.769145085,7.51,7.5,7.8125,6.33,10.0,8.0,5.0,9.5,0,,,0,Adequado,3.0
RA-920,2023,0,8.0,Feminino,2023,6.9647,Agata,9.0,6.3,7.52,6.1,5.625,6.35,10.0,6.0,6.2,,0,,,0,Adequado,0.0
RA-920,2024,0,9.0,Feminino,2023,7.7494938597,Ametista,9.502,7.6710526315,7.51,8.25,7.1875,8.226666667,5.0,9.0,7.5,,-1,,,0,Defasagem leve,1.0
RA-921,2023,0,7.0,Feminino,2023,7.7407,Ametista,9.0,9.7,7.52,6.3,5.625,6.68,10.0,6.5,6.0,,0,,,0,Adequado,0.0
RA-921,2024,0,8.0,Feminino,2023,7.2838203209,Ametista,8.502,8.6631016045,7.51,6.0,7.5,7.5,5.0,5.0,7.0,,-1,,,0,Defasagem leve,1.0
RA-922,2023,0,,Feminino,2023,8.5262,Topazio,8.5,9.7,3.14,8.4,7.5,10.0,10.0,8.5,8.2,,0,,,0,Adequado,0.0
RA-922,2024,1,9.0,Feminino,2023,8.5209954545,Topazio,9.002,9.5227272725,7.51,7.75,7.8125,8.17,10.0,7.5,8.0,,0,,,0,Adequado,1.0
RA-923,2023,0,,Feminino,2023,8.8842,Topazio,9.5,9.9,7.52,7.3,7.5,10.0,10.0,7.5,7.0,,0,,,0,Adequado,0.0
RA-923,2024,1,9.0,Feminino,2023,7.688609090900001,Ametista,8.002,7.9545454545,7.51,5.5,8.125,8.17,10.0,5.0,6.0,,0,,,0,Adequado,1.0
RA-924,2023,0,,Masculino,2023,6.5207,Agata,9.0,5.6,7.52,5.0,5.625,5.93,10.0,5.0,5.0,,0,,,0,Adequado,0.0
RA-924,2024,0,9.0,Masculino,2023,6.4727360962,Agata,7.002,4.598930481,7.51,7.0,7.1875,7.415,5.0,7.5,6.5,,-1,,,0,Defasagem leve,1.0
RA-925,2023,0,,Masculino,2023,7.1837,Ametista,9.0,8.9,7.52,5.4,5.625,5.595,10.0,5.2,5.5,,0,,,0,Adequado,0.0
RA-925,2024,0,8.0,Masculino,2023,6.587019518800001,Agata,8.002,7.005347594,7.51,4.75,7.1875,7.33,5.0,3.0,6.5,,-1,,,0,Defasagem leve,1.0
RA-926,2023,0,9.0,Feminino,2023,7.7792,Ametista,9.0,10.0,3.77,6.8,7.5,9.51,5.0,6.5,7.0,,-1,,,0,Defasagem leve,0.0
RA-926,2024,1,10.0,Feminino,2023,7.7830787878,Ametista,9.002,9.7727272725,7.51,7.0,8.333333333,7.22,5.0,7.0,7.0,,-1,,,0,Defasagem leve,1.0
RA-927,2023,0,,Feminino,2023,7.5982,Ametista,9.0,9.7,3.77,6.4,7.5,9.255,5.0,7.0,5.8,,-1,,,0,Defasagem leve,0.0
RA-927,2024,1,10.0,Feminino,2023,7.9921696969,Ametista,8.002,9.318181818,7.51,6.5,8.333333333,7.22,10.0,7.0,6.0,,0,,,0,Adequado,1.0
RA-928,2023,0,8.0,Feminino,2023,9.3712,Topazio,8.5,10.0,7.52,9.8,8.75,9.67,10.0,9.8,9.8,,0,,,0,Adequado,0.0
RA-928,2024,1,9.0,Feminino,2023,8.8733666667,Topazio,8.002,10.0,7.51,8.75,8.541666667,8.59,10.0,8.5,9.0,,0,,,0,Adequado,1.0
RA-929,2023,0,8.0,Feminino,2023,9.1312,Topazio,8.5,9.8,7.52,8.8,8.75,9.67,10.0,8.7,8.9,,0,,,0,Adequado,0.0
RA-929,2024,0,9.0,Feminino,2023,7.7244368421,Ametista,9.002,9.4736842105,7.51,6.75,8.125,7.58,5.0,7.0,6.5,,-1,,,0,Defasagem leve,1.0
RA-93,2022,5,15.0,Feminino,2016,8.941,Topazio,8.3,9.7,8.1,8.5,,9.083,10.0,8.8,8.3,8.4,0,1.0,0.0,0,Adequado,6.0
RA-93,2023,7,16.0,Feminino,2016,,,7.9,,3.14,,,,10.0,,,,1,,,0,Adiantado,7.0
RA-93,2024,7,17.0,Feminino,2021,8.275550000066668,Topazio,9.168,9.931666667,6.2575,7.483333333333333,7.5,7.5,10.0,6.75,7.2,8.5,1,,,0,Adiantado,3.0
RA-930,2023,0,8.0,Masculino,2023,8.8872,Topazio,9.0,8.8,7.52,9.0,8.75,9.0,10.0,8.7,9.3,,0,,,0,Adequado,0.0
RA-930,2024,0,9.0,Masculino,2023,7.9298184211,Ametista,8.502,9.7368421055,7.51,8.0,7.8125,7.5,5.0,8.0,8.0,,-1,,,0,Defasagem leve,1.0
RA-931,2023,0,,Masculino,2023,7.3747,Ametista,8.5,8.2,2.52,7.8,5.625,7.6,10.0,7.0,8.5,,0,,,0,Adequado,0.0
RA-931,2024,0,9.0,Masculino,2023,7.075466666700001,Ametista,7.918,8.5833333335,2.51,8.5,7.5,6.83,5.0,8.0,9.0,,-1,,,0,Defasagem leve,1.0
RA-932,2023,0,7.0,Feminino,2023,8.3847,Topazio,9.5,7.9,7.52,7.5,8.125,9.0,10.0,6.5,8.4,,0,,,0,Adequado,0.0
RA-933,2023,0,8.0,Feminino,2023,8.6712,Topazio,9.0,8.4,7.52,7.7,8.75,9.67,10.0,8.0,7.3,,0,,,0,Adequado,0.0
RA-934,2023,0,8.0,Feminino,2023,9.1737,Topazio,9.0,9.6,7.52,8.7,9.375,9.67,10.0,8.3,9.0,,0,,,0,Adequado,0.0
RA-934,2024,0,9.0,Feminino,2023,8.338700000000001,Topazio,9.502,9.75,7.51,8.5,9.375,7.75,5.0,10.0,7.0,,-1,,,0,Defasagem leve,1.0
RA-935,2023,0,9.0,Masculino,2023,7.9535,Ametista,0.0,9.8,7.52,9.4,9.375,9.67,5.0,9.2,9.5,,-1,,,0,Defasagem leve,0.0
RA-935,2024,0,10.0,Masculino,2023,8.3422,Topazio,9.502,10.0,7.51,8.5,8.75,7.83,5.0,10.0,7.0,,-1,,,0,Defasagem leve,1.0
RA-936,2023,0,,Feminino,2023,8.5477,Topazio,9.0,10.0,7.52,6.5,8.125,8.915,10.0,5.0,8.0,,0,,,0,Adequado,0.0
RA-937,2023,0,,Feminino,2023,9.3237,Topazio,9.5,9.6,7.52,9.2,9.375,9.67,10.0,9.0,9.3,,0,,,0,Adequado,0.0
RA-937,2024,0,9.0,Feminino,2023,8.3792,Topazio,10.0,10.0,9.38,7.5,8.75,7.83,5.0,8.0,7.0,,-1,,,0,Defasagem leve,1.0
RA-938,2023,0,,Masculino,2023,6.7372,Agata,8.5,8.4,7.52,4.2,6.25,7.5,5.0,0.0,8.3,,-1,,,0,Defasagem leve,0.0
RA-938,2024,0,10.0,Masculino,2023,8.0056026915,Topazio,9.502,9.544513457499999,7.51,7.75,8.125,7.665,5.0,10.0,5.5,,-1,,,0,Defasagem leve,1.0
RA-939,2023,0,,Feminino,2023,7.9742,Ametista,9.0,10.0,7.52,5.4,7.5,10.0,5.0,5.0,5.7,,-2,,,1,Defasagem moderada/severa,0.0
RA-939,2024,1,12.0,Feminino,2023,7.051379841899999,Ametista,9.002,8.8833992095,5.63,5.0,8.125,7.495,5.0,6.0,4.0,,-1,,,0,Defasagem leve,1.0
RA-94,2022,5,15.0,Feminino,2018,8.921,Topazio,8.3,9.6,8.1,7.7,,9.583,10.0,7.0,6.7,9.5,0,1.0,0.0,0,Adequado,4.0
RA-94,2023,5,,Feminino,2018,7.289333333,Ametista,7.5,9.6,2.52,7.2,8.75,7.795,5.0,7.7,4.8,9.0,-1,,,0,Defasagem leve,5.0
RA-94,2024,6,17.0,Feminino,2021,8.637033333333335,Topazio,10.0,9.666666666666666,6.26,8.0,8.375,8.2,10.0,7.0,7.0,10.0,0,,,0,Adequado,3.0
RA-940,2023,0,,Masculino,2023,6.6112,Agata,9.0,8.4,2.52,6.3,6.25,7.02,5.0,6.8,5.7,,-2,,,1,Defasagem moderada/severa,0.0
RA-941,2023,0,,Feminino,2023,7.6872,Ametista,8.0,10.0,7.52,5.0,5.0,8.175,10.0,5.0,5.0,,0,,,0,Adequado,0.0
RA-941,2024,0,9.0,Feminino,2023,7.746700000000001,Ametista,8.002,9.25,5.01,8.75,8.125,7.665,5.0,10.0,7.5,,-1,,,0,Defasagem leve,1.0
RA-942,2023,0,10.0,Feminino,2023,6.8547,Agata,9.5,8.9,2.52,7.1,5.625,7.0,5.0,7.3,6.8,,-2,,,1,Defasagem moderada/severa,0.0
RA-943,2023,0,,Feminino,2023,8.9172,Topazio,9.5,9.4,7.52,8.0,7.5,9.925,10.0,8.0,8.0,,0,,,0,Adequado,0.0
RA-943,2024,1,9.0,Feminino,2023,8.965033333300001,Topazio,10.0,10.0,7.51,8.0,8.958333333,8.59,10.0,7.0,9.0,,0,,,0,Adequado,1.0
RA-944,2023,0,9.0,Feminino,2023,7.0687,Ametista,9.0,7.6,7.52,7.5,5.625,6.67,5.0,9.2,5.8,,-1,,,0,Defasagem leve,0.0
RA-944,2024,0,10.0,Feminino,2023,7.8262,Ametista,9.002,7.25,7.51,9.0,8.75,7.75,5.0,10.0,8.0,,-2,,,1,Defasagem moderada/severa,1.0
RA-945,2023,0,,Masculino,2023,8.0777,Topazio,8.5,9.2,7.52,7.9,6.875,6.84,10.0,8.0,7.8,,0,,,0,Adequado,0.0
RA-945,2024,0,9.0,Masculino,2023,7.4195809524,Ametista,9.002,9.511904762,2.51,8.75,7.5,6.83,5.0,10.0,7.5,,-1,,,0,Defasagem leve,1.0
RA-946,2023,0,,Masculino,2023,8.5822,Topazio,9.5,9.4,7.52,9.3,7.5,7.0,10.0,9.0,9.5,,0,,,0,Adequado,0.0
RA-946,2024,0,8.0,Masculino,2023,6.677723809500001,Agata,9.502,8.7976190475,2.51,4.5,7.5,7.835,5.0,3.0,6.0,,-1,,,0,Defasagem leve,1.0
RA-947,2023,0,,Masculino,2023,6.3457,Agata,9.0,7.9,7.52,3.3,4.375,5.08,10.0,1.7,4.9,,0,,,0,Adequado,0.0
RA-947,2024,0,9.0,Masculino,2023,6.053509523800001,Agata,9.002,7.619047619,7.51,4.5,5.625,4.58,5.0,4.0,5.0,,-1,,,0,Defasagem leve,1.0
RA-948,2023,0,8.0,Feminino,2023,6.5277,Agata,9.0,7.6,7.52,0.0,6.875,8.34,10.0,0.0,0.0,,0,,,0,Adequado,0.0
RA-949,2023,0,,Feminino,2023,8.0172,Topazio,9.5,8.1,7.52,8.9,6.25,6.5,10.0,9.1,8.6,,0,,,0,Adequado,0.0
RA-949,2024,0,9.0,Feminino,2023,7.1323428571,Ametista,9.002,8.7857142855,7.51,6.5,6.25,6.495,5.0,6.0,7.0,,-1,,,0,Defasagem leve,1.0
RA-95,2022,5,17.0,Feminino,2022,6.308,Agata,8.3,6.6,7.5,4.8,,6.292,5.0,6.0,8.0,0.5,-2,0.0,0.0,1,Defasagem moderada/severa,0.0
RA-950,2023,0,8.0,Feminino,2023,8.8862,Topazio,9.0,10.0,7.52,9.3,7.5,8.17,10.0,9.5,9.0,,0,,,0,Adequado,0.0
RA-950,2024,0,9.0,Feminino,2023,7.693461904800001,Ametista,9.502,9.023809524,7.51,7.0,6.875,8.0,5.0,7.5,6.5,,-1,,,0,Defasagem leve,1.0
RA-951,2023,0,7.0,Feminino,2023,8.8902,Topazio,9.5,9.7,7.52,8.4,7.5,9.09,10.0,8.5,8.3,,0,,,0,Adequado,0.0
RA-951,2024,0,8.0,Feminino,2023,6.4483428571,Agata,10.0,9.0357142855,2.51,4.0,6.25,7.325,5.0,5.0,3.0,,-1,,,0,Defasagem leve,1.0
RA-952,2023,0,8.0,Masculino,2023,8.37095,Topazio,9.5,9.2,3.77,9.0,7.1875,8.425,10.0,8.8,9.2,,0,,,0,Adequado,0.0
RA-952,2024,1,9.0,Masculino,2023,8.853624242300002,Topazio,9.502,9.545454545,6.26,8.5,8.333333333,9.175,10.0,8.0,9.0,,0,,,0,Adequado,1.0
RA-953,2023,0,,Feminino,2023,7.54005,Ametista,7.4,8.8,3.14,8.3,6.5625,7.09,10.0,8.5,8.0,,0,,,0,Adequado,0.0
RA-953,2024,1,9.0,Feminino,2023,7.961241502000001,Ametista,9.002,6.85770751,6.26,8.5,8.125,7.755,10.0,8.0,9.0,,0,,,0,Adequado,1.0
RA-954,2023,0,8.0,Feminino,2023,6.82375,Agata,0.0,8.3,3.14,7.7,7.1875,8.005,10.0,7.8,7.5,,0,,,0,Adequado,0.0
RA-954,2024,1,9.0,Feminino,2023,8.2823798419,Topazio,9.502,8.8833992095,6.26,7.75,8.125,7.835,10.0,6.5,9.0,,0,,,0,Adequado,1.0
RA-955,2023,0,10.0,Feminino,2023,7.1297,Ametista,9.0,8.8,3.14,7.8,6.875,7.09,5.0,8.0,7.5,,-2,,,1,Defasagem moderada/severa,0.0
RA-955,2024,1,11.0,Feminino,2023,6.245452381,Agata,0.0,6.904761905,7.51,5.75,8.125,8.255,5.0,6.5,5.0,,-1,,,0,Defasagem leve,1.0
RA-956,2023,0,11.0,Masculino,2023,7.7312,Ametista,8.0,7.5,7.52,7.8,7.5,9.345,5.0,7.8,7.8,,-2,,,1,Defasagem moderada/severa,0.0
RA-956,2024,1,12.0,Masculino,2023,6.1175906455,Agata,9.502,6.017786561,6.885,3.25,7.083333333,7.085,5.0,6.5,0.0,,-1,,,0,Defasagem leve,1.0
RA-957,2023,0,,Feminino,2023,9.1672,Topazio,10.0,9.3,7.52,9.1,7.5,9.925,10.0,9.0,9.2,,0,,,0,Adequado,0.0
RA-958,2023,0,,Feminino,2023,9.2902,Topazio,10.0,9.8,7.52,9.3,7.5,9.84,10.0,9.3,9.3,,0,,,0,Adequado,0.0
RA-958,2024,1,9.0,Feminino,2023,9.531325,Topazio,10.0,10.0,6.26,10.0,9.53125,9.76,10.0,10.0,10.0,,0,,,0,Adequado,1.0
RA-959,2023,0,8.0,Masculino,2023,8.6677,Topazio,10.0,9.6,7.52,7.7,6.875,8.84,10.0,7.7,7.7,,0,,,0,Adequado,0.0
RA-959,2024,0,9.0,Masculino,2023,8.379818421100001,Topazio,10.0,9.7368421055,7.51,9.5,7.8125,7.5,5.0,10.0,9.0,,-1,,,0,Defasagem leve,1.0
RA-96,2022,5,16.0,Masculino,2021,7.54,Ametista,9.2,7.8,6.9,6.7,,8.5,5.0,5.7,6.5,8.0,-1,1.0,1.0,0,Defasagem leve,1.0
RA-96,2023,6,17.0,Masculino,2021,7.610791667,Ametista,9.6,8.9,7.52,6.4,7.65625,7.84,5.0,6.8,4.8,7.7,-1,,,0,Defasagem leve,2.0
RA-96,2024,8,18.0,Masculino,2021,,,,0.0,,,,,10.0,,,,0,,,0,Adequado,3.0
RA-960,2023,0,10.0,Masculino,2023,7.0847,Ametista,8.5,10.0,7.52,6.3,5.625,5.85,5.0,6.5,6.0,,-2,,,1,Defasagem moderada/severa,0.0
RA-960,2024,1,11.0,Masculino,2023,5.286047619,Quartzo,0.0,8.095238095,7.51,3.0,7.5,5.33,5.0,6.0,0.0,,-1,,,0,Defasagem leve,1.0
RA-961,2023,0,9.0,Masculino,2023,5.99625,Quartzo,0.0,8.7,2.52,6.2,5.3125,8.665,5.0,6.2,6.2,,-1,,,0,Defasagem leve,0.0
RA-961,2024,1,10.0,Masculino,2023,6.529417908900001,Agata,9.002,8.8923395445,6.26,5.5,5.9375,5.155,5.0,6.0,5.0,,-1,,,0,Defasagem leve,1.0
RA-962,2023,0,,Feminino,2023,8.4742,Topazio,9.0,9.2,7.52,8.7,7.5,10.0,5.0,9.5,7.8,,-1,,,0,Defasagem leve,0.0
RA-963,2023,0,,Feminino,2023,8.6142,Topazio,9.5,9.8,7.52,8.5,7.5,10.0,5.0,8.3,8.7,,-1,,,0,Defasagem leve,0.0
RA-963,2024,1,10.0,Feminino,2023,8.375080952400001,Topazio,7.502,9.761904762,7.51,7.5,8.125,8.045,10.0,5.0,10.0,,0,,,0,Adequado,1.0
RA-964,2023,0,9.0,Masculino,2023,7.7997,Ametista,8.5,9.4,7.52,7.2,6.875,8.5,5.0,7.3,7.0,,-1,,,0,Defasagem leve,0.0
RA-964,2024,1,10.0,Masculino,2023,7.548241666600001,Ametista,9.502,8.333333332999999,7.51,7.25,7.96875,7.1675,5.0,7.5,7.0,,-1,,,0,Defasagem leve,1.0
RA-965,2023,0,9.0,Feminino,2023,6.4832,Agata,8.5,8.2,6.27,4.7,5.0,7.18,5.0,5.3,4.0,,-1,,,0,Defasagem leve,0.0
RA-965,2024,0,10.0,Feminino,2023,6.1376545455,Agata,9.002,6.4772727275,7.51,2.25,8.75,6.83,5.0,2.0,2.5,,-2,,,1,Defasagem moderada/severa,1.0
RA-966,2023,0,,Masculino,2023,7.44345,Ametista,10.0,10.0,7.52,5.0,6.5625,7.675,5.0,5.0,5.0,,-1,,,0,Defasagem leve,0.0
RA-966,2024,0,10.0,Masculino,2023,7.9943363636,Ametista,9.502,8.568181818,7.51,9.0,8.125,7.335,5.0,9.5,8.5,,-2,,,1,Defasagem moderada/severa,1.0
RA-967,2023,0,,Masculino,2023,7.1347,Ametista,9.5,8.0,7.52,6.5,5.625,7.35,5.0,6.5,6.5,,-2,,,1,Defasagem moderada/severa,0.0
RA-967,2024,1,11.0,Masculino,2023,5.442610714300001,Quartzo,9.502,3.5714285715,7.51,4.75,5.78125,4.995,5.0,3.5,6.0,,-1,,,0,Defasagem leve,1.0
RA-968,2023,0,,Feminino,2023,8.4942,Topazio,9.0,9.7,7.52,8.3,7.5,10.0,5.0,8.0,8.5,,-1,,,0,Defasagem leve,0.0
RA-968,2024,1,10.0,Feminino,2023,7.8403547619,Ametista,9.002,8.8095238095,7.51,7.75,8.4375,7.6675,5.0,8.5,7.0,,-1,,,0,Defasagem leve,1.0
RA-969,2023,0,8.0,Masculino,2023,7.7692,Ametista,8.5,9.7,7.52,5.5,6.25,7.51,10.0,6.0,5.0,,0,,,0,Adequado,0.0
RA-969,2024,0,9.0,Masculino,2023,7.453427272700001,Ametista,9.002,7.8636363634999995,7.51,7.25,8.125,7.335,5.0,9.0,5.5,,-1,,,0,Defasagem leve,1.0
RA-97,2022,5,15.0,Feminino,2017,7.468,Ametista,7.5,8.8,5.0,6.9,,6.292,10.0,5.3,6.7,8.8,0,0.0,0.0,0,Adequado,5.0
RA-970,2023,0,,Feminino,2023,8.9977,Topazio,8.5,8.1,7.52,9.4,9.375,9.84,10.0,9.2,9.5,,0,,,0,Adequado,0.0
RA-971,2023,0,,Masculino,2023,7.0169,Ametista,7.8,6.4,3.77,6.9,5.625,8.17,10.0,5.5,8.3,,0,,,0,Adequado,0.0
RA-971,2024,0,9.0,Masculino,2023,6.8916181818,Agata,7.418,7.909090909,7.51,6.75,7.5,6.085,5.0,8.5,5.0,,-1,,,0,Defasagem leve,1.0
RA-972,2023,0,8.0,Masculino,2023,7.5427,Ametista,9.0,9.1,3.77,6.0,6.875,7.84,10.0,6.2,5.7,,0,,,0,Adequado,0.0
RA-972,2024,0,9.0,Masculino,2023,7.537472727300001,Ametista,9.502,8.3863636365,7.51,6.75,8.75,7.17,5.0,8.0,5.5,,-1,,,0,Defasagem leve,1.0
RA-973,2023,0,,Masculino,2023,5.82875,Quartzo,0.0,8.6,3.77,5.2,7.1875,7.415,5.0,6.2,4.1,,-1,,,0,Defasagem leve,0.0
RA-973,2024,0,10.0,Masculino,2023,6.9318363636,Agata,10.0,9.318181818,7.51,3.75,7.5,6.585,5.0,6.5,1.0,,-2,,,1,Defasagem moderada/severa,1.0
RA-974,2023,0,,Masculino,2023,8.4752,Topazio,9.0,9.1,3.77,8.8,7.5,9.34,10.0,8.8,8.8,,0,,,0,Adequado,0.0
RA-974,2024,0,8.0,Masculino,2023,7.6077217391,Ametista,9.502,9.282608695499999,7.51,6.5,7.5,7.5,5.0,6.0,7.0,,-1,,,0,Defasagem leve,1.0
RA-975,2023,0,,Feminino,2023,7.7803,Ametista,7.9,9.2,7.52,6.5,5.625,7.67,10.0,7.2,5.8,,0,,,0,Adequado,0.0
RA-975,2024,0,8.0,Feminino,2023,7.1463666667000005,Ametista,8.502,7.708333333500001,5.01,8.0,6.875,7.33,5.0,8.0,8.0,,-1,,,0,Defasagem leve,1.0
RA-976,2023,0,,Masculino,2023,8.39895,Topazio,9.5,9.2,6.27,8.6,5.9375,8.34,10.0,9.0,8.2,,0,,,0,Adequado,0.0
RA-977,2023,0,7.0,Feminino,2023,7.1717,Ametista,8.5,7.4,5.02,5.8,5.625,8.085,10.0,5.7,5.9,,0,,,0,Adequado,0.0
RA-977,2024,0,8.0,Feminino,2023,7.188033333300001,Ametista,10.0,7.291666666499999,6.26,7.0,6.875,7.58,5.0,5.0,9.0,,-1,,,0,Defasagem leve,1.0
RA-978,2023,0,,Feminino,2023,8.3877,Topazio,9.0,9.8,3.77,8.6,5.625,9.34,10.0,8.7,8.5,,0,,,0,Adequado,0.0
RA-978,2024,0,8.0,Feminino,2023,7.4637,Ametista,9.502,9.5,6.26,6.5,6.875,7.5,5.0,6.0,7.0,,-1,,,0,Defasagem leve,1.0
RA-979,2023,0,8.0,Masculino,2023,8.1617,Topazio,9.5,9.6,6.27,6.0,5.625,9.51,10.0,6.0,6.0,,0,,,0,Adequado,0.0
RA-979,2024,0,9.0,Masculino,2023,8.0352454545,Topazio,9.502,9.5227272725,7.51,8.25,8.125,7.335,5.0,9.5,7.0,,-1,,,0,Defasagem leve,1.0
RA-98,2022,5,15.0,Feminino,2017,9.354,Topazio,8.8,10.0,9.4,8.5,,9.667,10.0,8.4,8.2,8.9,0,1.0,0.0,0,Adequado,5.0
RA-98,2023,7,15.0,Feminino,2017,,,7.9,,2.52,,,,10.0,,,,2,,,0,Adiantado,6.0
RA-98,2024,7,16.0,Feminino,2021,8.617450000000002,Topazio,9.585,9.546,7.1975,8.9,7.5,7.5,10.0,9.2,8.9,8.6,1,,,0,Adiantado,3.0
RA-980,2023,0,8.0,Feminino,2023,7.1425,Ametista,0.0,9.8,5.02,6.3,5.625,9.34,10.0,6.5,6.0,,0,,,0,Adequado,0.0
RA-980,2024,1,9.0,Feminino,2023,7.946388311600001,Ametista,9.002,9.058441558,7.51,6.25,7.5,7.4175,10.0,6.5,6.0,,0,,,0,Adequado,1.0
RA-981,2023,0,7.0,Feminino,2023,7.5367,Ametista,9.5,9.1,2.52,5.8,5.625,9.01,10.0,5.7,5.8,,0,,,0,Adequado,0.0
RA-981,2024,0,8.0,Feminino,2023,6.6513739130000005,Agata,9.002,7.010869565,6.26,6.0,6.25,6.99,5.0,6.0,6.0,,-1,,,0,Defasagem leve,1.0
RA-982,2023,0,7.0,Masculino,2023,7.1215,Ametista,0.0,9.1,2.52,8.6,5.625,8.835,10.0,8.7,8.5,,0,,,0,Adequado,0.0
RA-982,2024,1,8.0,Masculino,2023,8.119860173100001,Topazio,10.0,8.365800865499999,7.51,8.25,6.875,6.79,10.0,6.5,10.0,,0,,,0,Adequado,1.0
RA-983,2023,0,8.0,Masculino,2023,8.3502,Topazio,8.5,9.9,2.52,8.8,6.25,9.415,10.0,8.8,8.8,,0,,,0,Adequado,0.0
RA-984,2023,0,8.0,Feminino,2023,8.8177,Topazio,8.0,9.8,7.52,8.3,6.875,9.84,10.0,8.3,8.2,,0,,,0,Adequado,0.0
RA-984,2024,1,9.0,Feminino,2023,8.475080952400003,Topazio,9.502,9.761904762,7.51,7.0,8.125,8.045,10.0,7.5,6.5,,0,,,0,Adequado,1.0
RA-985,2023,0,8.0,Masculino,2023,7.6247,Ametista,9.0,9.3,2.52,6.8,5.625,8.5,10.0,7.3,6.2,,0,,,0,Adequado,0.0
RA-985,2024,1,9.0,Masculino,2023,8.2432,Topazio,8.502,10.0,6.26,7.5,7.5,7.585,10.0,8.0,7.0,,0,,,0,Adequado,1.0
RA-986,2023,0,8.0,Feminino,2023,8.0107,Topazio,9.5,9.1,2.52,8.3,5.625,8.83,10.0,8.3,8.3,,0,,,0,Adequado,0.0
RA-986,2024,1,9.0,Feminino,2023,8.2603406926,Topazio,10.0,9.2965367965,6.26,8.5,7.083333333,6.8325,10.0,7.5,9.5,,0,,,0,Adequado,1.0
RA-987,2023,0,8.0,Masculino,2023,7.6765,Ametista,0.0,9.8,6.27,7.3,6.875,9.76,10.0,7.5,7.0,,0,,,0,Adequado,0.0
RA-987,2024,1,9.0,Masculino,2023,8.3028861472,Topazio,9.002,9.0692640695,7.51,7.5,7.708333333,7.835,10.0,8.0,7.0,,0,,,0,Adequado,1.0
RA-988,2023,0,,Feminino,2023,7.9568,Ametista,7.9,8.1,7.52,8.5,6.25,9.84,5.0,8.5,8.5,,-1,,,0,Defasagem leve,0.0
RA-988,2024,1,10.0,Feminino,2023,8.1765333333,Topazio,9.502,10.0,7.51,7.75,8.333333333,7.96,5.0,6.5,9.0,,-1,,,0,Defasagem leve,1.0
RA-989,2023,0,9.0,Masculino,2023,7.7242,Ametista,9.5,8.1,2.52,8.3,7.5,10.0,5.0,8.7,7.8,,-1,,,0,Defasagem leve,0.0
RA-989,2024,1,10.0,Masculino,2023,7.3743785714,Ametista,9.502,7.8571428569999995,6.26,6.0,7.1875,6.54,10.0,6.0,6.0,,0,,,0,Adequado,1.0
RA-99,2022,5,16.0,Masculino,2019,6.158,Agata,8.8,6.3,7.5,5.0,,5.833,5.0,5.7,3.4,5.8,-1,0.0,0.0,0,Defasagem leve,3.0
RA-99,2023,6,17.0,Masculino,2019,6.68045,Agata,7.9,8.3,5.63,4.5,7.8125,7.4225,5.0,4.7,4.0,4.8,-1,,,0,Defasagem leve,4.0
RA-990,2023,0,,Masculino,2023,7.254,Ametista,0.0,8.5,7.52,7.8,7.5,10.0,5.0,8.3,7.2,,-1,,,0,Defasagem leve,0.0
RA-990,2024,1,10.0,Masculino,2023,7.812283333400001,Ametista,9.502,7.5,7.51,8.0,8.4375,8.336666667,5.0,9.5,6.5,,-1,,,0,Defasagem leve,1.0
RA-991,2023,0,9.0,Feminino,2023,7.7687,Ametista,10.0,9.1,3.14,7.7,6.875,9.585,5.0,8.0,7.3,,-1,,,0,Defasagem leve,0.0
RA-991,2024,1,10.0,Feminino,2023,7.057230303000001,Ametista,9.002,8.181818182,6.26,6.5,7.5,6.723333333,5.0,7.0,6.0,,-1,,,0,Defasagem leve,1.0
RA-992,2023,0,10.0,Masculino,2023,7.2722,Ametista,9.5,8.2,3.14,8.0,5.0,8.84,5.0,8.2,7.8,,-2,,,1,Defasagem moderada/severa,0.0
RA-993,2023,0,8.0,Feminino,2023,8.7592,Topazio,9.5,9.8,3.77,8.6,7.5,10.0,10.0,8.5,8.7,,0,,,0,Adequado,0.0
RA-994,2023,0,8.0,Feminino,2023,7.4127,Ametista,9.5,9.4,3.77,6.0,5.625,7.265,10.0,6.2,5.7,,0,,,0,Adequado,0.0
RA-994,2024,0,9.0,Feminino,2023,7.7982217391,Ametista,9.002,9.532608695499999,6.88,8.25,6.875,7.33,5.0,10.0,6.5,,-1,,,0,Defasagem leve,1.0
RA-995,2023,0,,Feminino,2023,6.4782,Agata,9.5,7.9,3.77,5.1,6.25,7.18,5.0,5.3,4.8,,-2,,,1,Defasagem moderada/severa,0.0
RA-995,2024,1,12.0,Feminino,2023,5.110372077899999,Quartzo,10.0,5.3896103895,5.635,2.0,7.1875,4.25,5.0,0.0,4.0,,-2,,,1,Defasagem moderada/severa,1.0
RA-996,2023,0,9.0,Masculino,2023,8.1892,Topazio,10.0,9.2,3.77,8.6,7.5,10.0,5.0,8.7,8.5,,-1,,,0,Defasagem leve,0.0
RA-997,2023,0,8.0,Masculino,2023,7.5687,Ametista,7.5,8.7,3.77,7.1,5.625,8.595,10.0,7.2,7.0,,0,,,0,Adequado,0.0
RA-998,2023,0,11.0,Feminino,2023,7.9752,Ametista,9.5,9.3,3.77,7.9,7.5,9.84,5.0,8.0,7.7,,-2,,,1,Defasagem moderada/severa,0.0
RA-999,2023,0,,Masculino,2023,8.0352,Topazio,9.0,9.4,3.77,8.3,7.5,9.84,5.0,8.3,8.3,,-1,,,0,Defasagem leve,0.0
